2025-06-17 13:54:04 INFO  org.reflections.Reflections:229 - Reflections took 72 ms to scan 1 urls, producing 17 keys and 270 values 
2025-06-17 13:54:04 INFO  org.reflections.Reflections:229 - Reflections took 13 ms to scan 1 urls, producing 7 keys and 37 values 
2025-06-17 13:54:04 INFO  org.reflections.Reflections:229 - Reflections took 7 ms to scan 1 urls, producing 5 keys and 32 values 
2025-06-17 13:54:13 INFO  org.reflections.Reflections:229 - Reflections took 53 ms to scan 1 urls, producing 17 keys and 270 values 
2025-06-17 13:54:13 INFO  org.reflections.Reflections:229 - Reflections took 13 ms to scan 1 urls, producing 7 keys and 37 values 
2025-06-17 13:54:13 INFO  org.reflections.Reflections:229 - Reflections took 5 ms to scan 1 urls, producing 5 keys and 32 values 
2025-06-17 13:55:14 INFO  org.reflections.Reflections:229 - Reflections took 59 ms to scan 1 urls, producing 17 keys and 270 values 
2025-06-17 13:55:14 INFO  org.reflections.Reflections:229 - Reflections took 19 ms to scan 1 urls, producing 7 keys and 37 values 
2025-06-17 13:55:14 INFO  org.reflections.Reflections:229 - Reflections took 6 ms to scan 1 urls, producing 5 keys and 32 values 
2025-06-17 13:56:07 INFO  org.reflections.Reflections:229 - Reflections took 61 ms to scan 1 urls, producing 17 keys and 270 values 
2025-06-17 13:56:07 INFO  org.reflections.Reflections:229 - Reflections took 24 ms to scan 1 urls, producing 7 keys and 37 values 
2025-06-17 13:56:07 INFO  org.reflections.Reflections:229 - Reflections took 6 ms to scan 1 urls, producing 5 keys and 32 values 
2025-06-17 13:59:14 INFO  org.reflections.Reflections:229 - Reflections took 51 ms to scan 1 urls, producing 17 keys and 270 values 
2025-06-17 13:59:14 INFO  org.reflections.Reflections:229 - Reflections took 5 ms to scan 1 urls, producing 7 keys and 37 values 
2025-06-17 13:59:14 INFO  org.reflections.Reflections:229 - Reflections took 5 ms to scan 1 urls, producing 5 keys and 32 values 
2025-06-17 14:01:01 INFO  org.reflections.Reflections:229 - Reflections took 66 ms to scan 1 urls, producing 17 keys and 270 values 
2025-06-17 14:01:01 INFO  org.reflections.Reflections:229 - Reflections took 14 ms to scan 1 urls, producing 7 keys and 37 values 
2025-06-17 14:01:01 INFO  org.reflections.Reflections:229 - Reflections took 7 ms to scan 1 urls, producing 5 keys and 32 values 
2025-06-17 14:03:20 INFO  org.reflections.Reflections:229 - Reflections took 64 ms to scan 1 urls, producing 17 keys and 270 values 
2025-06-17 14:03:20 INFO  org.reflections.Reflections:229 - Reflections took 15 ms to scan 1 urls, producing 7 keys and 37 values 
2025-06-17 14:03:20 INFO  org.reflections.Reflections:229 - Reflections took 6 ms to scan 1 urls, producing 5 keys and 32 values 
2025-06-17 14:04:13 INFO  org.reflections.Reflections:229 - Reflections took 55 ms to scan 1 urls, producing 17 keys and 270 values 
2025-06-17 14:04:13 INFO  org.reflections.Reflections:229 - Reflections took 13 ms to scan 1 urls, producing 7 keys and 37 values 
2025-06-17 14:04:13 INFO  org.reflections.Reflections:229 - Reflections took 6 ms to scan 1 urls, producing 5 keys and 32 values 
2025-06-17 14:08:14 INFO  org.reflections.Reflections:229 - Reflections took 71 ms to scan 1 urls, producing 17 keys and 270 values 
2025-06-17 14:08:14 INFO  org.reflections.Reflections:229 - Reflections took 16 ms to scan 1 urls, producing 7 keys and 37 values 
2025-06-17 14:08:14 INFO  org.reflections.Reflections:229 - Reflections took 6 ms to scan 1 urls, producing 5 keys and 32 values 
2025-06-17 14:10:07 INFO  org.reflections.Reflections:229 - Reflections took 58 ms to scan 1 urls, producing 17 keys and 270 values 
2025-06-17 14:10:08 INFO  org.reflections.Reflections:229 - Reflections took 13 ms to scan 1 urls, producing 7 keys and 37 values 
2025-06-17 14:10:08 INFO  org.reflections.Reflections:229 - Reflections took 6 ms to scan 1 urls, producing 5 keys and 32 values 
2025-06-17 14:14:05 INFO  org.reflections.Reflections:229 - Reflections took 67 ms to scan 1 urls, producing 17 keys and 270 values 
2025-06-17 14:14:05 INFO  org.reflections.Reflections:229 - Reflections took 15 ms to scan 1 urls, producing 7 keys and 37 values 
2025-06-17 14:14:05 INFO  org.reflections.Reflections:229 - Reflections took 6 ms to scan 1 urls, producing 5 keys and 32 values 
2025-06-17 14:14:27 INFO  org.reflections.Reflections:229 - Reflections took 58 ms to scan 1 urls, producing 17 keys and 270 values 
2025-06-17 14:14:27 INFO  org.reflections.Reflections:229 - Reflections took 16 ms to scan 1 urls, producing 7 keys and 37 values 
2025-06-17 14:14:27 INFO  org.reflections.Reflections:229 - Reflections took 7 ms to scan 1 urls, producing 5 keys and 32 values 
2025-06-17 14:17:17 INFO  org.reflections.Reflections:229 - Reflections took 54 ms to scan 1 urls, producing 17 keys and 270 values 
2025-06-17 14:17:17 INFO  org.reflections.Reflections:229 - Reflections took 12 ms to scan 1 urls, producing 7 keys and 37 values 
2025-06-17 14:17:17 INFO  org.reflections.Reflections:229 - Reflections took 5 ms to scan 1 urls, producing 5 keys and 32 values 
2025-06-17 14:22:01 INFO  org.reflections.Reflections:229 - Reflections took 75 ms to scan 1 urls, producing 17 keys and 270 values 
2025-06-17 14:22:01 INFO  org.reflections.Reflections:229 - Reflections took 30 ms to scan 1 urls, producing 7 keys and 37 values 
2025-06-17 14:22:01 INFO  org.reflections.Reflections:229 - Reflections took 8 ms to scan 1 urls, producing 5 keys and 32 values 
2025-06-17 14:24:03 INFO  org.reflections.Reflections:229 - Reflections took 60 ms to scan 1 urls, producing 17 keys and 270 values 
2025-06-17 14:24:03 INFO  org.reflections.Reflections:229 - Reflections took 15 ms to scan 1 urls, producing 7 keys and 37 values 
2025-06-17 14:24:03 INFO  org.reflections.Reflections:229 - Reflections took 6 ms to scan 1 urls, producing 5 keys and 32 values 
2025-06-17 14:24:40 INFO  org.reflections.Reflections:229 - Reflections took 56 ms to scan 1 urls, producing 17 keys and 270 values 
2025-06-17 14:24:40 INFO  org.reflections.Reflections:229 - Reflections took 12 ms to scan 1 urls, producing 7 keys and 37 values 
2025-06-17 14:24:40 INFO  org.reflections.Reflections:229 - Reflections took 6 ms to scan 1 urls, producing 5 keys and 32 values 
2025-06-17 15:59:02 INFO  org.reflections.Reflections:229 - Reflections took 186 ms to scan 1 urls, producing 17 keys and 270 values 
2025-06-17 15:59:02 INFO  org.reflections.Reflections:229 - Reflections took 33 ms to scan 1 urls, producing 7 keys and 37 values 
2025-06-17 15:59:02 INFO  org.reflections.Reflections:229 - Reflections took 14 ms to scan 1 urls, producing 5 keys and 32 values 
2025-06-17 15:59:05 INFO  org.reflections.Reflections:229 - Reflections took 162 ms to scan 1 urls, producing 17 keys and 270 values 
2025-06-17 15:59:05 INFO  org.reflections.Reflections:229 - Reflections took 160 ms to scan 1 urls, producing 17 keys and 270 values 
2025-06-17 15:59:06 INFO  org.reflections.Reflections:229 - Reflections took 195 ms to scan 1 urls, producing 17 keys and 270 values 
2025-06-17 15:59:06 INFO  org.reflections.Reflections:229 - Reflections took 203 ms to scan 1 urls, producing 17 keys and 270 values 
2025-06-17 15:59:06 INFO  org.reflections.Reflections:229 - Reflections took 208 ms to scan 1 urls, producing 17 keys and 270 values 
2025-06-17 15:59:06 INFO  org.reflections.Reflections:229 - Reflections took 236 ms to scan 1 urls, producing 17 keys and 270 values 
2025-06-17 15:59:06 INFO  org.reflections.Reflections:229 - Reflections took 214 ms to scan 1 urls, producing 17 keys and 270 values 
2025-06-17 15:59:06 INFO  org.reflections.Reflections:229 - Reflections took 204 ms to scan 1 urls, producing 17 keys and 270 values 
2025-06-17 15:59:06 INFO  org.reflections.Reflections:229 - Reflections took 41 ms to scan 1 urls, producing 7 keys and 37 values 
2025-06-17 15:59:06 INFO  org.reflections.Reflections:229 - Reflections took 196 ms to scan 1 urls, producing 17 keys and 270 values 
2025-06-17 15:59:06 INFO  org.reflections.Reflections:229 - Reflections took 127 ms to scan 1 urls, producing 7 keys and 37 values 
2025-06-17 15:59:06 INFO  org.reflections.Reflections:229 - Reflections took 327 ms to scan 1 urls, producing 17 keys and 270 values 
2025-06-17 15:59:06 INFO  org.reflections.Reflections:229 - Reflections took 226 ms to scan 1 urls, producing 17 keys and 270 values 
2025-06-17 15:59:06 INFO  org.reflections.Reflections:229 - Reflections took 243 ms to scan 1 urls, producing 17 keys and 270 values 
2025-06-17 15:59:06 INFO  org.reflections.Reflections:229 - Reflections took 52 ms to scan 1 urls, producing 7 keys and 37 values 
2025-06-17 15:59:06 INFO  org.reflections.Reflections:229 - Reflections took 21 ms to scan 1 urls, producing 5 keys and 32 values 
2025-06-17 15:59:06 INFO  org.reflections.Reflections:229 - Reflections took 43 ms to scan 1 urls, producing 7 keys and 37 values 
2025-06-17 15:59:06 INFO  org.reflections.Reflections:229 - Reflections took 142 ms to scan 1 urls, producing 7 keys and 37 values 
2025-06-17 15:59:06 INFO  org.reflections.Reflections:229 - Reflections took 52 ms to scan 1 urls, producing 7 keys and 37 values 
2025-06-17 15:59:06 INFO  org.reflections.Reflections:229 - Reflections took 57 ms to scan 1 urls, producing 7 keys and 37 values 
2025-06-17 15:59:06 INFO  org.reflections.Reflections:229 - Reflections took 245 ms to scan 1 urls, producing 17 keys and 270 values 
2025-06-17 15:59:06 INFO  org.reflections.Reflections:229 - Reflections took 23 ms to scan 1 urls, producing 5 keys and 32 values 
2025-06-17 15:59:06 INFO  org.reflections.Reflections:229 - Reflections took 79 ms to scan 1 urls, producing 7 keys and 37 values 
2025-06-17 15:59:06 INFO  org.reflections.Reflections:229 - Reflections took 13 ms to scan 1 urls, producing 5 keys and 32 values 
2025-06-17 15:59:06 INFO  org.reflections.Reflections:229 - Reflections took 83 ms to scan 1 urls, producing 7 keys and 37 values 
2025-06-17 15:59:06 INFO  org.reflections.Reflections:229 - Reflections took 21 ms to scan 1 urls, producing 5 keys and 32 values 
2025-06-17 15:59:06 INFO  org.reflections.Reflections:229 - Reflections took 16 ms to scan 1 urls, producing 5 keys and 32 values 
2025-06-17 15:59:06 INFO  org.reflections.Reflections:229 - Reflections took 46 ms to scan 1 urls, producing 7 keys and 37 values 
2025-06-17 15:59:06 INFO  org.reflections.Reflections:229 - Reflections took 18 ms to scan 1 urls, producing 5 keys and 32 values 
2025-06-17 15:59:06 INFO  org.reflections.Reflections:229 - Reflections took 51 ms to scan 1 urls, producing 7 keys and 37 values 
2025-06-17 15:59:06 INFO  org.reflections.Reflections:229 - Reflections took 18 ms to scan 1 urls, producing 5 keys and 32 values 
2025-06-17 15:59:06 INFO  org.reflections.Reflections:229 - Reflections took 10 ms to scan 1 urls, producing 5 keys and 32 values 
2025-06-17 15:59:06 INFO  org.reflections.Reflections:229 - Reflections took 65 ms to scan 1 urls, producing 7 keys and 37 values 
2025-06-17 15:59:06 INFO  org.reflections.Reflections:229 - Reflections took 20 ms to scan 1 urls, producing 5 keys and 32 values 
2025-06-17 15:59:06 INFO  org.reflections.Reflections:229 - Reflections took 18 ms to scan 1 urls, producing 5 keys and 32 values 
2025-06-17 15:59:06 INFO  org.reflections.Reflections:229 - Reflections took 18 ms to scan 1 urls, producing 5 keys and 32 values 
2025-06-17 15:59:06 INFO  org.reflections.Reflections:229 - Reflections took 89 ms to scan 1 urls, producing 7 keys and 37 values 
2025-06-17 15:59:06 INFO  org.reflections.Reflections:229 - Reflections took 16 ms to scan 1 urls, producing 5 keys and 32 values 
2025-06-17 15:59:07 INFO  org.reflections.Reflections:229 - Reflections took 30 ms to scan 1 urls, producing 5 keys and 32 values 
2025-06-17 16:24:28 INFO  org.reflections.Reflections:229 - Reflections took 171 ms to scan 1 urls, producing 17 keys and 270 values 
2025-06-17 16:24:28 INFO  org.reflections.Reflections:229 - Reflections took 177 ms to scan 1 urls, producing 17 keys and 270 values 
2025-06-17 16:24:28 INFO  org.reflections.Reflections:229 - Reflections took 135 ms to scan 1 urls, producing 17 keys and 270 values 
2025-06-17 16:24:28 INFO  org.reflections.Reflections:229 - Reflections took 184 ms to scan 1 urls, producing 17 keys and 270 values 
2025-06-17 16:24:28 INFO  org.reflections.Reflections:229 - Reflections took 131 ms to scan 1 urls, producing 17 keys and 270 values 
2025-06-17 16:24:28 INFO  org.reflections.Reflections:229 - Reflections took 34 ms to scan 1 urls, producing 7 keys and 37 values 
2025-06-17 16:24:28 INFO  org.reflections.Reflections:229 - Reflections took 31 ms to scan 1 urls, producing 7 keys and 37 values 
2025-06-17 16:24:29 INFO  org.reflections.Reflections:229 - Reflections took 196 ms to scan 1 urls, producing 17 keys and 270 values 
2025-06-17 16:24:29 INFO  org.reflections.Reflections:229 - Reflections took 156 ms to scan 1 urls, producing 17 keys and 270 values 
2025-06-17 16:24:29 INFO  org.reflections.Reflections:229 - Reflections took 27 ms to scan 1 urls, producing 7 keys and 37 values 
2025-06-17 16:24:29 INFO  org.reflections.Reflections:229 - Reflections took 22 ms to scan 1 urls, producing 7 keys and 37 values 
2025-06-17 16:24:29 INFO  org.reflections.Reflections:229 - Reflections took 13 ms to scan 1 urls, producing 5 keys and 32 values 
2025-06-17 16:24:29 INFO  org.reflections.Reflections:229 - Reflections took 11 ms to scan 1 urls, producing 5 keys and 32 values 
2025-06-17 16:24:29 INFO  org.reflections.Reflections:229 - Reflections took 41 ms to scan 1 urls, producing 7 keys and 37 values 
2025-06-17 16:24:29 INFO  org.reflections.Reflections:229 - Reflections took 170 ms to scan 1 urls, producing 17 keys and 270 values 
2025-06-17 16:24:29 INFO  org.reflections.Reflections:229 - Reflections took 186 ms to scan 1 urls, producing 17 keys and 270 values 
2025-06-17 16:24:29 INFO  org.reflections.Reflections:229 - Reflections took 11 ms to scan 1 urls, producing 5 keys and 32 values 
2025-06-17 16:24:29 INFO  org.reflections.Reflections:229 - Reflections took 31 ms to scan 1 urls, producing 7 keys and 37 values 
2025-06-17 16:24:29 INFO  org.reflections.Reflections:229 - Reflections took 27 ms to scan 1 urls, producing 7 keys and 37 values 
2025-06-17 16:24:29 INFO  org.reflections.Reflections:229 - Reflections took 14 ms to scan 1 urls, producing 5 keys and 32 values 
2025-06-17 16:24:29 INFO  org.reflections.Reflections:229 - Reflections took 11 ms to scan 1 urls, producing 5 keys and 32 values 
2025-06-17 16:24:29 INFO  org.reflections.Reflections:229 - Reflections took 9 ms to scan 1 urls, producing 5 keys and 32 values 
2025-06-17 16:24:29 INFO  org.reflections.Reflections:229 - Reflections took 15 ms to scan 1 urls, producing 5 keys and 32 values 
2025-06-17 16:24:29 INFO  org.reflections.Reflections:229 - Reflections took 172 ms to scan 1 urls, producing 17 keys and 270 values 
2025-06-17 16:24:29 INFO  org.reflections.Reflections:229 - Reflections took 48 ms to scan 1 urls, producing 7 keys and 37 values 
2025-06-17 16:24:29 INFO  org.reflections.Reflections:229 - Reflections took 65 ms to scan 1 urls, producing 7 keys and 37 values 
2025-06-17 16:24:29 INFO  org.reflections.Reflections:229 - Reflections took 213 ms to scan 1 urls, producing 17 keys and 270 values 
2025-06-17 16:24:29 INFO  org.reflections.Reflections:229 - Reflections took 228 ms to scan 1 urls, producing 17 keys and 270 values 
2025-06-17 16:24:29 INFO  org.reflections.Reflections:229 - Reflections took 8 ms to scan 1 urls, producing 5 keys and 32 values 
2025-06-17 16:24:29 INFO  org.reflections.Reflections:229 - Reflections took 9 ms to scan 1 urls, producing 5 keys and 32 values 
2025-06-17 16:24:29 INFO  org.reflections.Reflections:229 - Reflections took 220 ms to scan 1 urls, producing 17 keys and 270 values 
2025-06-17 16:24:29 INFO  org.reflections.Reflections:229 - Reflections took 50 ms to scan 1 urls, producing 7 keys and 37 values 
2025-06-17 16:24:29 INFO  org.reflections.Reflections:229 - Reflections took 29 ms to scan 1 urls, producing 7 keys and 37 values 
2025-06-17 16:24:29 INFO  org.reflections.Reflections:229 - Reflections took 44 ms to scan 1 urls, producing 7 keys and 37 values 
2025-06-17 16:24:29 INFO  org.reflections.Reflections:229 - Reflections took 13 ms to scan 1 urls, producing 5 keys and 32 values 
2025-06-17 16:24:29 INFO  org.reflections.Reflections:229 - Reflections took 9 ms to scan 1 urls, producing 5 keys and 32 values 
2025-06-17 16:24:29 INFO  org.reflections.Reflections:229 - Reflections took 11 ms to scan 1 urls, producing 5 keys and 32 values 
2025-06-17 16:24:29 INFO  org.reflections.Reflections:229 - Reflections took 30 ms to scan 1 urls, producing 7 keys and 37 values 
2025-06-17 16:24:29 INFO  org.reflections.Reflections:229 - Reflections took 13 ms to scan 1 urls, producing 5 keys and 32 values 
2025-06-17 18:30:50 INFO  org.reflections.Reflections:229 - Reflections took 209 ms to scan 1 urls, producing 17 keys and 270 values 
2025-06-17 18:30:50 INFO  org.reflections.Reflections:229 - Reflections took 33 ms to scan 1 urls, producing 7 keys and 37 values 
2025-06-17 18:30:50 INFO  org.reflections.Reflections:229 - Reflections took 19 ms to scan 1 urls, producing 5 keys and 32 values 
2025-06-17 18:30:50 INFO  org.reflections.Reflections:229 - Reflections took 145 ms to scan 1 urls, producing 17 keys and 270 values 
2025-06-17 18:30:50 INFO  org.reflections.Reflections:229 - Reflections took 165 ms to scan 1 urls, producing 17 keys and 270 values 
2025-06-17 18:30:51 INFO  org.reflections.Reflections:229 - Reflections took 199 ms to scan 1 urls, producing 17 keys and 270 values 
2025-06-17 18:30:51 INFO  org.reflections.Reflections:229 - Reflections took 171 ms to scan 1 urls, producing 17 keys and 270 values 
2025-06-17 18:30:51 INFO  org.reflections.Reflections:229 - Reflections took 163 ms to scan 1 urls, producing 17 keys and 270 values 
2025-06-17 18:30:51 INFO  org.reflections.Reflections:229 - Reflections took 176 ms to scan 1 urls, producing 17 keys and 270 values 
2025-06-17 18:30:51 INFO  org.reflections.Reflections:229 - Reflections took 47 ms to scan 1 urls, producing 7 keys and 37 values 
2025-06-17 18:30:51 INFO  org.reflections.Reflections:229 - Reflections took 46 ms to scan 1 urls, producing 7 keys and 37 values 
2025-06-17 18:30:51 INFO  org.reflections.Reflections:229 - Reflections took 178 ms to scan 1 urls, producing 17 keys and 270 values 
2025-06-17 18:30:51 INFO  org.reflections.Reflections:229 - Reflections took 38 ms to scan 1 urls, producing 7 keys and 37 values 
2025-06-17 18:30:51 INFO  org.reflections.Reflections:229 - Reflections took 36 ms to scan 1 urls, producing 7 keys and 37 values 
2025-06-17 18:30:51 INFO  org.reflections.Reflections:229 - Reflections took 165 ms to scan 1 urls, producing 17 keys and 270 values 
2025-06-17 18:30:51 INFO  org.reflections.Reflections:229 - Reflections took 17 ms to scan 1 urls, producing 5 keys and 32 values 
2025-06-17 18:30:51 INFO  org.reflections.Reflections:229 - Reflections took 14 ms to scan 1 urls, producing 5 keys and 32 values 
2025-06-17 18:30:51 INFO  org.reflections.Reflections:229 - Reflections took 39 ms to scan 1 urls, producing 7 keys and 37 values 
2025-06-17 18:30:51 INFO  org.reflections.Reflections:229 - Reflections took 177 ms to scan 1 urls, producing 17 keys and 270 values 
2025-06-17 18:30:51 INFO  org.reflections.Reflections:229 - Reflections took 56 ms to scan 1 urls, producing 7 keys and 37 values 
2025-06-17 18:30:51 INFO  org.reflections.Reflections:229 - Reflections took 15 ms to scan 1 urls, producing 5 keys and 32 values 
2025-06-17 18:30:51 INFO  org.reflections.Reflections:229 - Reflections took 17 ms to scan 1 urls, producing 5 keys and 32 values 
2025-06-17 18:30:51 INFO  org.reflections.Reflections:229 - Reflections took 47 ms to scan 1 urls, producing 7 keys and 37 values 
2025-06-17 18:30:51 INFO  org.reflections.Reflections:229 - Reflections took 15 ms to scan 1 urls, producing 5 keys and 32 values 
2025-06-17 18:30:51 INFO  org.reflections.Reflections:229 - Reflections took 36 ms to scan 1 urls, producing 7 keys and 37 values 
2025-06-17 18:30:51 INFO  org.reflections.Reflections:229 - Reflections took 17 ms to scan 1 urls, producing 5 keys and 32 values 
2025-06-17 18:30:51 INFO  org.reflections.Reflections:229 - Reflections took 32 ms to scan 1 urls, producing 7 keys and 37 values 
2025-06-17 18:30:51 INFO  org.reflections.Reflections:229 - Reflections took 17 ms to scan 1 urls, producing 5 keys and 32 values 
2025-06-17 18:30:51 INFO  org.reflections.Reflections:229 - Reflections took 13 ms to scan 1 urls, producing 5 keys and 32 values 
2025-06-17 18:30:51 INFO  org.reflections.Reflections:229 - Reflections took 208 ms to scan 1 urls, producing 17 keys and 270 values 
2025-06-17 18:30:51 INFO  org.reflections.Reflections:229 - Reflections took 161 ms to scan 1 urls, producing 17 keys and 270 values 
2025-06-17 18:30:51 INFO  org.reflections.Reflections:229 - Reflections took 16 ms to scan 1 urls, producing 5 keys and 32 values 
2025-06-17 18:30:51 INFO  org.reflections.Reflections:229 - Reflections took 181 ms to scan 1 urls, producing 17 keys and 270 values 
2025-06-17 18:30:51 INFO  org.reflections.Reflections:229 - Reflections took 172 ms to scan 1 urls, producing 17 keys and 270 values 
2025-06-17 18:30:51 ERROR edu.pitt.dbmi.data.reader.tabular.TabularDataFileReader:920 - Non-continuous number inf on line 6171 at column 20.
java.lang.NumberFormatException: For input string: "inf"
	at sun.misc.FloatingDecimal.readJavaFormatString(FloatingDecimal.java:2043)
	at sun.misc.FloatingDecimal.parseDouble(FloatingDecimal.java:110)
	at java.lang.Double.parseDouble(Double.java:538)
	at edu.pitt.dbmi.data.reader.tabular.TabularDataFileReader.readInContinuousData(TabularDataFileReader.java:917)
	at edu.pitt.dbmi.data.reader.tabular.TabularDataFileReader.read(TabularDataFileReader.java:319)
	at edu.pitt.dbmi.data.reader.tabular.ContinuousTabularDatasetFileReader.readInData(ContinuousTabularDatasetFileReader.java:68)
	at edu.pitt.dbmi.data.reader.tabular.ContinuousTabularDatasetFileReader.readInData(ContinuousTabularDatasetFileReader.java:49)
2025-06-17 18:30:51 INFO  org.reflections.Reflections:229 - Reflections took 41 ms to scan 1 urls, producing 7 keys and 37 values 
2025-06-17 18:30:52 INFO  org.reflections.Reflections:229 - Reflections took 27 ms to scan 1 urls, producing 7 keys and 37 values 
2025-06-17 18:30:52 INFO  org.reflections.Reflections:229 - Reflections took 49 ms to scan 1 urls, producing 7 keys and 37 values 
2025-06-17 18:30:52 INFO  org.reflections.Reflections:229 - Reflections took 16 ms to scan 1 urls, producing 5 keys and 32 values 
2025-06-17 18:30:52 INFO  org.reflections.Reflections:229 - Reflections took 41 ms to scan 1 urls, producing 7 keys and 37 values 
2025-06-17 18:30:52 INFO  org.reflections.Reflections:229 - Reflections took 12 ms to scan 1 urls, producing 5 keys and 32 values 
2025-06-17 18:30:52 INFO  org.reflections.Reflections:229 - Reflections took 11 ms to scan 1 urls, producing 5 keys and 32 values 
2025-06-17 18:30:52 INFO  org.reflections.Reflections:229 - Reflections took 11 ms to scan 1 urls, producing 5 keys and 32 values 
2025-06-17 19:14:55 INFO  org.reflections.Reflections:229 - Reflections took 73 ms to scan 1 urls, producing 17 keys and 270 values 
2025-06-17 19:14:55 INFO  org.reflections.Reflections:229 - Reflections took 14 ms to scan 1 urls, producing 7 keys and 37 values 
2025-06-17 19:14:55 INFO  org.reflections.Reflections:229 - Reflections took 6 ms to scan 1 urls, producing 5 keys and 32 values 
2025-06-17 19:15:08 INFO  org.reflections.Reflections:229 - Reflections took 157 ms to scan 1 urls, producing 17 keys and 270 values 
2025-06-17 19:15:08 INFO  org.reflections.Reflections:229 - Reflections took 155 ms to scan 1 urls, producing 17 keys and 270 values 
2025-06-17 19:15:08 INFO  org.reflections.Reflections:229 - Reflections took 159 ms to scan 1 urls, producing 17 keys and 270 values 
2025-06-17 19:15:08 INFO  org.reflections.Reflections:229 - Reflections took 141 ms to scan 1 urls, producing 17 keys and 270 values 
2025-06-17 19:15:08 INFO  org.reflections.Reflections:229 - Reflections took 175 ms to scan 1 urls, producing 17 keys and 270 values 
2025-06-17 19:15:08 INFO  org.reflections.Reflections:229 - Reflections took 173 ms to scan 1 urls, producing 17 keys and 270 values 
2025-06-17 19:15:08 INFO  org.reflections.Reflections:229 - Reflections took 157 ms to scan 1 urls, producing 17 keys and 270 values 
2025-06-17 19:15:08 INFO  org.reflections.Reflections:229 - Reflections took 195 ms to scan 1 urls, producing 17 keys and 270 values 
2025-06-17 19:15:08 INFO  org.reflections.Reflections:229 - Reflections took 148 ms to scan 1 urls, producing 17 keys and 270 values 
2025-06-17 19:15:08 INFO  org.reflections.Reflections:229 - Reflections took 140 ms to scan 1 urls, producing 17 keys and 270 values 
2025-06-17 19:15:08 INFO  org.reflections.Reflections:229 - Reflections took 199 ms to scan 1 urls, producing 17 keys and 270 values 
2025-06-17 19:15:08 INFO  org.reflections.Reflections:229 - Reflections took 34 ms to scan 1 urls, producing 7 keys and 37 values 
2025-06-17 19:15:08 INFO  org.reflections.Reflections:229 - Reflections took 33 ms to scan 1 urls, producing 7 keys and 37 values 
2025-06-17 19:15:08 INFO  org.reflections.Reflections:229 - Reflections took 206 ms to scan 1 urls, producing 17 keys and 270 values 
2025-06-17 19:15:08 INFO  org.reflections.Reflections:229 - Reflections took 200 ms to scan 1 urls, producing 17 keys and 270 values 
2025-06-17 19:15:08 INFO  org.reflections.Reflections:229 - Reflections took 34 ms to scan 1 urls, producing 7 keys and 37 values 
2025-06-17 19:15:08 INFO  org.reflections.Reflections:229 - Reflections took 200 ms to scan 1 urls, producing 17 keys and 270 values 
2025-06-17 19:15:08 INFO  org.reflections.Reflections:229 - Reflections took 37 ms to scan 1 urls, producing 7 keys and 37 values 
2025-06-17 19:15:08 INFO  org.reflections.Reflections:229 - Reflections took 24 ms to scan 1 urls, producing 7 keys and 37 values 
2025-06-17 19:15:08 INFO  org.reflections.Reflections:229 - Reflections took 12 ms to scan 1 urls, producing 5 keys and 32 values 
2025-06-17 19:15:08 INFO  org.reflections.Reflections:229 - Reflections took 14 ms to scan 1 urls, producing 5 keys and 32 values 
2025-06-17 19:15:08 INFO  org.reflections.Reflections:229 - Reflections took 40 ms to scan 1 urls, producing 7 keys and 37 values 
2025-06-17 19:15:08 INFO  org.reflections.Reflections:229 - Reflections took 70 ms to scan 1 urls, producing 7 keys and 37 values 
2025-06-17 19:15:09 INFO  org.reflections.Reflections:229 - Reflections took 60 ms to scan 1 urls, producing 7 keys and 37 values 
2025-06-17 19:15:09 INFO  org.reflections.Reflections:229 - Reflections took 46 ms to scan 1 urls, producing 7 keys and 37 values 
2025-06-17 19:15:09 INFO  org.reflections.Reflections:229 - Reflections took 52 ms to scan 1 urls, producing 7 keys and 37 values 
2025-06-17 19:15:09 INFO  org.reflections.Reflections:229 - Reflections took 63 ms to scan 1 urls, producing 7 keys and 37 values 
2025-06-17 19:15:09 INFO  org.reflections.Reflections:229 - Reflections took 12 ms to scan 1 urls, producing 5 keys and 32 values 
2025-06-17 19:15:09 INFO  org.reflections.Reflections:229 - Reflections took 24 ms to scan 1 urls, producing 7 keys and 37 values 
2025-06-17 19:15:09 INFO  org.reflections.Reflections:229 - Reflections took 13 ms to scan 1 urls, producing 5 keys and 32 values 
2025-06-17 19:15:09 INFO  org.reflections.Reflections:229 - Reflections took 42 ms to scan 1 urls, producing 7 keys and 37 values 
2025-06-17 19:15:09 INFO  org.reflections.Reflections:229 - Reflections took 15 ms to scan 1 urls, producing 5 keys and 32 values 
2025-06-17 19:15:09 INFO  org.reflections.Reflections:229 - Reflections took 31 ms to scan 1 urls, producing 7 keys and 37 values 
2025-06-17 19:15:09 INFO  org.reflections.Reflections:229 - Reflections took 13 ms to scan 1 urls, producing 5 keys and 32 values 
2025-06-17 19:15:09 INFO  org.reflections.Reflections:229 - Reflections took 13 ms to scan 1 urls, producing 5 keys and 32 values 
2025-06-17 19:15:09 INFO  org.reflections.Reflections:229 - Reflections took 14 ms to scan 1 urls, producing 5 keys and 32 values 
2025-06-17 19:15:09 INFO  org.reflections.Reflections:229 - Reflections took 11 ms to scan 1 urls, producing 5 keys and 32 values 
2025-06-17 19:15:09 INFO  org.reflections.Reflections:229 - Reflections took 14 ms to scan 1 urls, producing 5 keys and 32 values 
2025-06-17 19:15:09 INFO  org.reflections.Reflections:229 - Reflections took 14 ms to scan 1 urls, producing 5 keys and 32 values 
2025-06-17 19:15:09 INFO  org.reflections.Reflections:229 - Reflections took 13 ms to scan 1 urls, producing 5 keys and 32 values 
2025-06-17 19:15:09 INFO  org.reflections.Reflections:229 - Reflections took 12 ms to scan 1 urls, producing 5 keys and 32 values 
2025-06-17 19:15:09 INFO  org.reflections.Reflections:229 - Reflections took 14 ms to scan 1 urls, producing 5 keys and 32 values 
2025-06-17 19:15:10 ERROR edu.pitt.dbmi.data.reader.tabular.TabularDataFileReader:920 - Non-continuous number inf on line 6171 at column 20.
java.lang.NumberFormatException: For input string: "inf"
	at sun.misc.FloatingDecimal.readJavaFormatString(FloatingDecimal.java:2043)
	at sun.misc.FloatingDecimal.parseDouble(FloatingDecimal.java:110)
	at java.lang.Double.parseDouble(Double.java:538)
	at edu.pitt.dbmi.data.reader.tabular.TabularDataFileReader.readInContinuousData(TabularDataFileReader.java:917)
	at edu.pitt.dbmi.data.reader.tabular.TabularDataFileReader.read(TabularDataFileReader.java:319)
	at edu.pitt.dbmi.data.reader.tabular.ContinuousTabularDatasetFileReader.readInData(ContinuousTabularDatasetFileReader.java:68)
	at edu.pitt.dbmi.data.reader.tabular.ContinuousTabularDatasetFileReader.readInData(ContinuousTabularDatasetFileReader.java:49)
2025-06-17 22:11:31 INFO  org.reflections.Reflections:229 - Reflections took 70 ms to scan 1 urls, producing 17 keys and 270 values 
2025-06-17 22:11:31 INFO  org.reflections.Reflections:229 - Reflections took 16 ms to scan 1 urls, producing 7 keys and 37 values 
2025-06-17 22:11:31 INFO  org.reflections.Reflections:229 - Reflections took 5 ms to scan 1 urls, producing 5 keys and 32 values 
2025-06-17 22:11:55 INFO  org.reflections.Reflections:229 - Reflections took 66 ms to scan 1 urls, producing 17 keys and 270 values 
2025-06-17 22:11:55 INFO  org.reflections.Reflections:229 - Reflections took 13 ms to scan 1 urls, producing 7 keys and 37 values 
2025-06-17 22:11:55 INFO  org.reflections.Reflections:229 - Reflections took 7 ms to scan 1 urls, producing 5 keys and 32 values 
2025-06-17 22:12:02 INFO  org.reflections.Reflections:229 - Reflections took 75 ms to scan 1 urls, producing 17 keys and 270 values 
2025-06-17 22:12:02 INFO  org.reflections.Reflections:229 - Reflections took 13 ms to scan 1 urls, producing 7 keys and 37 values 
2025-06-17 22:12:02 INFO  org.reflections.Reflections:229 - Reflections took 8 ms to scan 1 urls, producing 5 keys and 32 values 
2025-06-17 22:15:13 INFO  org.reflections.Reflections:229 - Reflections took 71 ms to scan 1 urls, producing 17 keys and 270 values 
2025-06-17 22:15:13 INFO  org.reflections.Reflections:229 - Reflections took 16 ms to scan 1 urls, producing 7 keys and 37 values 
2025-06-17 22:15:13 INFO  org.reflections.Reflections:229 - Reflections took 6 ms to scan 1 urls, producing 5 keys and 32 values 
2025-06-17 22:16:23 INFO  org.reflections.Reflections:229 - Reflections took 77 ms to scan 1 urls, producing 17 keys and 270 values 
2025-06-17 22:16:23 INFO  org.reflections.Reflections:229 - Reflections took 18 ms to scan 1 urls, producing 7 keys and 37 values 
2025-06-17 22:16:23 INFO  org.reflections.Reflections:229 - Reflections took 7 ms to scan 1 urls, producing 5 keys and 32 values 
2025-06-17 22:16:34 INFO  org.reflections.Reflections:229 - Reflections took 82 ms to scan 1 urls, producing 17 keys and 270 values 
2025-06-17 22:16:34 INFO  org.reflections.Reflections:229 - Reflections took 22 ms to scan 1 urls, producing 7 keys and 37 values 
2025-06-17 22:16:34 INFO  org.reflections.Reflections:229 - Reflections took 6 ms to scan 1 urls, producing 5 keys and 32 values 
2025-06-17 22:16:56 INFO  org.reflections.Reflections:229 - Reflections took 95 ms to scan 1 urls, producing 17 keys and 270 values 
2025-06-17 22:16:56 INFO  org.reflections.Reflections:229 - Reflections took 19 ms to scan 1 urls, producing 7 keys and 37 values 
2025-06-17 22:16:56 INFO  org.reflections.Reflections:229 - Reflections took 6 ms to scan 1 urls, producing 5 keys and 32 values 
2025-06-17 22:17:06 INFO  org.reflections.Reflections:229 - Reflections took 86 ms to scan 1 urls, producing 17 keys and 270 values 
2025-06-17 22:17:06 INFO  org.reflections.Reflections:229 - Reflections took 17 ms to scan 1 urls, producing 7 keys and 37 values 
2025-06-17 22:17:06 INFO  org.reflections.Reflections:229 - Reflections took 5 ms to scan 1 urls, producing 5 keys and 32 values 
2025-06-17 22:18:32 INFO  org.reflections.Reflections:229 - Reflections took 77 ms to scan 1 urls, producing 17 keys and 270 values 
2025-06-17 22:18:32 INFO  org.reflections.Reflections:229 - Reflections took 17 ms to scan 1 urls, producing 7 keys and 37 values 
2025-06-17 22:18:32 INFO  org.reflections.Reflections:229 - Reflections took 7 ms to scan 1 urls, producing 5 keys and 32 values 
2025-06-17 22:19:16 INFO  org.reflections.Reflections:229 - Reflections took 93 ms to scan 1 urls, producing 17 keys and 270 values 
2025-06-17 22:19:16 INFO  org.reflections.Reflections:229 - Reflections took 15 ms to scan 1 urls, producing 7 keys and 37 values 
2025-06-17 22:19:16 INFO  org.reflections.Reflections:229 - Reflections took 7 ms to scan 1 urls, producing 5 keys and 32 values 
2025-06-17 22:19:35 INFO  org.reflections.Reflections:229 - Reflections took 72 ms to scan 1 urls, producing 17 keys and 270 values 
2025-06-17 22:19:35 INFO  org.reflections.Reflections:229 - Reflections took 16 ms to scan 1 urls, producing 7 keys and 37 values 
2025-06-17 22:19:35 INFO  org.reflections.Reflections:229 - Reflections took 8 ms to scan 1 urls, producing 5 keys and 32 values 
2025-06-17 22:21:09 INFO  org.reflections.Reflections:229 - Reflections took 96 ms to scan 1 urls, producing 17 keys and 270 values 
2025-06-17 22:21:09 INFO  org.reflections.Reflections:229 - Reflections took 16 ms to scan 1 urls, producing 7 keys and 37 values 
2025-06-17 22:21:09 INFO  org.reflections.Reflections:229 - Reflections took 7 ms to scan 1 urls, producing 5 keys and 32 values 
2025-06-17 22:30:42 INFO  org.reflections.Reflections:229 - Reflections took 82 ms to scan 1 urls, producing 17 keys and 270 values 
2025-06-17 22:30:42 INFO  org.reflections.Reflections:229 - Reflections took 16 ms to scan 1 urls, producing 7 keys and 37 values 
2025-06-17 22:30:42 INFO  org.reflections.Reflections:229 - Reflections took 8 ms to scan 1 urls, producing 5 keys and 32 values 
2025-06-17 22:35:26 INFO  org.reflections.Reflections:229 - Reflections took 108 ms to scan 1 urls, producing 17 keys and 270 values 
2025-06-17 22:35:26 INFO  org.reflections.Reflections:229 - Reflections took 14 ms to scan 1 urls, producing 7 keys and 37 values 
2025-06-17 22:35:26 INFO  org.reflections.Reflections:229 - Reflections took 7 ms to scan 1 urls, producing 5 keys and 32 values 
2025-06-17 22:42:43 INFO  org.reflections.Reflections:229 - Reflections took 129 ms to scan 1 urls, producing 17 keys and 270 values 
2025-06-17 22:42:43 INFO  org.reflections.Reflections:229 - Reflections took 19 ms to scan 1 urls, producing 7 keys and 37 values 
2025-06-17 22:42:43 INFO  org.reflections.Reflections:229 - Reflections took 7 ms to scan 1 urls, producing 5 keys and 32 values 
2025-06-17 23:17:41 INFO  org.reflections.Reflections:229 - Reflections took 104 ms to scan 1 urls, producing 17 keys and 270 values 
2025-06-17 23:17:41 INFO  org.reflections.Reflections:229 - Reflections took 21 ms to scan 1 urls, producing 7 keys and 37 values 
2025-06-17 23:17:41 INFO  org.reflections.Reflections:229 - Reflections took 9 ms to scan 1 urls, producing 5 keys and 32 values 
2025-06-17 23:17:58 INFO  org.reflections.Reflections:229 - Reflections took 79 ms to scan 1 urls, producing 17 keys and 270 values 
2025-06-17 23:17:58 INFO  org.reflections.Reflections:229 - Reflections took 42 ms to scan 1 urls, producing 7 keys and 37 values 
2025-06-17 23:17:58 INFO  org.reflections.Reflections:229 - Reflections took 10 ms to scan 1 urls, producing 5 keys and 32 values 
2025-06-17 23:18:05 INFO  org.reflections.Reflections:229 - Reflections took 118 ms to scan 1 urls, producing 17 keys and 270 values 
2025-06-17 23:18:05 INFO  org.reflections.Reflections:229 - Reflections took 19 ms to scan 1 urls, producing 7 keys and 37 values 
2025-06-17 23:18:06 INFO  org.reflections.Reflections:229 - Reflections took 12 ms to scan 1 urls, producing 5 keys and 32 values 
2025-06-17 23:18:23 INFO  org.reflections.Reflections:229 - Reflections took 102 ms to scan 1 urls, producing 17 keys and 270 values 
2025-06-17 23:18:23 INFO  org.reflections.Reflections:229 - Reflections took 14 ms to scan 1 urls, producing 7 keys and 37 values 
2025-06-17 23:18:23 INFO  org.reflections.Reflections:229 - Reflections took 7 ms to scan 1 urls, producing 5 keys and 32 values 
2025-06-17 23:21:27 INFO  org.reflections.Reflections:229 - Reflections took 99 ms to scan 1 urls, producing 17 keys and 270 values 
2025-06-17 23:21:27 INFO  org.reflections.Reflections:229 - Reflections took 17 ms to scan 1 urls, producing 7 keys and 37 values 
2025-06-17 23:21:27 INFO  org.reflections.Reflections:229 - Reflections took 7 ms to scan 1 urls, producing 5 keys and 32 values 
2025-06-17 23:21:27 ERROR edu.pitt.dbmi.data.reader.tabular.TabularDataFileReader:920 - Non-continuous number inf on line 1053 at column 20.
java.lang.NumberFormatException: For input string: "inf"
	at sun.misc.FloatingDecimal.readJavaFormatString(FloatingDecimal.java:2043)
	at sun.misc.FloatingDecimal.parseDouble(FloatingDecimal.java:110)
	at java.lang.Double.parseDouble(Double.java:538)
	at edu.pitt.dbmi.data.reader.tabular.TabularDataFileReader.readInContinuousData(TabularDataFileReader.java:917)
	at edu.pitt.dbmi.data.reader.tabular.TabularDataFileReader.read(TabularDataFileReader.java:319)
	at edu.pitt.dbmi.data.reader.tabular.ContinuousTabularDatasetFileReader.readInData(ContinuousTabularDatasetFileReader.java:68)
	at edu.pitt.dbmi.data.reader.tabular.ContinuousTabularDatasetFileReader.readInData(ContinuousTabularDatasetFileReader.java:49)
2025-06-17 23:21:36 INFO  org.reflections.Reflections:229 - Reflections took 84 ms to scan 1 urls, producing 17 keys and 270 values 
2025-06-17 23:21:36 INFO  org.reflections.Reflections:229 - Reflections took 19 ms to scan 1 urls, producing 7 keys and 37 values 
2025-06-17 23:21:37 INFO  org.reflections.Reflections:229 - Reflections took 7 ms to scan 1 urls, producing 5 keys and 32 values 
2025-06-19 01:32:50 INFO  org.reflections.Reflections:229 - Reflections took 68 ms to scan 1 urls, producing 17 keys and 270 values 
2025-06-19 01:32:50 INFO  org.reflections.Reflections:229 - Reflections took 15 ms to scan 1 urls, producing 7 keys and 37 values 
2025-06-19 01:32:50 INFO  org.reflections.Reflections:229 - Reflections took 5 ms to scan 1 urls, producing 5 keys and 32 values 
2025-06-19 01:33:16 INFO  org.reflections.Reflections:229 - Reflections took 64 ms to scan 1 urls, producing 17 keys and 270 values 
2025-06-19 01:33:16 INFO  org.reflections.Reflections:229 - Reflections took 24 ms to scan 1 urls, producing 7 keys and 37 values 
2025-06-19 01:33:16 INFO  org.reflections.Reflections:229 - Reflections took 6 ms to scan 1 urls, producing 5 keys and 32 values 
2025-06-19 01:33:23 INFO  org.reflections.Reflections:229 - Reflections took 76 ms to scan 1 urls, producing 17 keys and 270 values 
2025-06-19 01:33:23 INFO  org.reflections.Reflections:229 - Reflections took 24 ms to scan 1 urls, producing 7 keys and 37 values 
2025-06-19 01:33:23 INFO  org.reflections.Reflections:229 - Reflections took 6 ms to scan 1 urls, producing 5 keys and 32 values 
2025-06-19 01:33:30 INFO  org.reflections.Reflections:229 - Reflections took 79 ms to scan 1 urls, producing 17 keys and 270 values 
2025-06-19 01:33:30 INFO  org.reflections.Reflections:229 - Reflections took 27 ms to scan 1 urls, producing 7 keys and 37 values 
2025-06-19 01:33:30 INFO  org.reflections.Reflections:229 - Reflections took 7 ms to scan 1 urls, producing 5 keys and 32 values 
2025-06-19 01:33:40 INFO  org.reflections.Reflections:229 - Reflections took 78 ms to scan 1 urls, producing 17 keys and 270 values 
2025-06-19 01:33:40 INFO  org.reflections.Reflections:229 - Reflections took 18 ms to scan 1 urls, producing 7 keys and 37 values 
2025-06-19 01:33:40 INFO  org.reflections.Reflections:229 - Reflections took 6 ms to scan 1 urls, producing 5 keys and 32 values 
2025-06-19 01:33:40 ERROR edu.pitt.dbmi.data.reader.tabular.TabularDataFileReader:920 - Non-continuous number inf on line 1053 at column 20.
java.lang.NumberFormatException: For input string: "inf"
	at sun.misc.FloatingDecimal.readJavaFormatString(FloatingDecimal.java:2043)
	at sun.misc.FloatingDecimal.parseDouble(FloatingDecimal.java:110)
	at java.lang.Double.parseDouble(Double.java:538)
	at edu.pitt.dbmi.data.reader.tabular.TabularDataFileReader.readInContinuousData(TabularDataFileReader.java:917)
	at edu.pitt.dbmi.data.reader.tabular.TabularDataFileReader.read(TabularDataFileReader.java:319)
	at edu.pitt.dbmi.data.reader.tabular.ContinuousTabularDatasetFileReader.readInData(ContinuousTabularDatasetFileReader.java:68)
	at edu.pitt.dbmi.data.reader.tabular.ContinuousTabularDatasetFileReader.readInData(ContinuousTabularDatasetFileReader.java:49)
2025-06-19 01:33:49 INFO  org.reflections.Reflections:229 - Reflections took 76 ms to scan 1 urls, producing 17 keys and 270 values 
2025-06-19 01:33:49 INFO  org.reflections.Reflections:229 - Reflections took 24 ms to scan 1 urls, producing 7 keys and 37 values 
2025-06-19 01:33:49 INFO  org.reflections.Reflections:229 - Reflections took 6 ms to scan 1 urls, producing 5 keys and 32 values 
2025-06-19 01:35:00 INFO  org.reflections.Reflections:229 - Reflections took 61 ms to scan 1 urls, producing 17 keys and 270 values 
2025-06-19 01:35:00 INFO  org.reflections.Reflections:229 - Reflections took 15 ms to scan 1 urls, producing 7 keys and 37 values 
2025-06-19 01:35:01 INFO  org.reflections.Reflections:229 - Reflections took 6 ms to scan 1 urls, producing 5 keys and 32 values 
2025-06-19 01:35:07 INFO  org.reflections.Reflections:229 - Reflections took 76 ms to scan 1 urls, producing 17 keys and 270 values 
2025-06-19 01:35:07 INFO  org.reflections.Reflections:229 - Reflections took 15 ms to scan 1 urls, producing 7 keys and 37 values 
2025-06-19 01:35:07 INFO  org.reflections.Reflections:229 - Reflections took 7 ms to scan 1 urls, producing 5 keys and 32 values 
2025-06-19 01:35:16 INFO  org.reflections.Reflections:229 - Reflections took 83 ms to scan 1 urls, producing 17 keys and 270 values 
2025-06-19 01:35:16 INFO  org.reflections.Reflections:229 - Reflections took 16 ms to scan 1 urls, producing 7 keys and 37 values 
2025-06-19 01:35:17 INFO  org.reflections.Reflections:229 - Reflections took 6 ms to scan 1 urls, producing 5 keys and 32 values 
2025-06-19 01:35:22 INFO  org.reflections.Reflections:229 - Reflections took 81 ms to scan 1 urls, producing 17 keys and 270 values 
2025-06-19 01:35:22 INFO  org.reflections.Reflections:229 - Reflections took 20 ms to scan 1 urls, producing 7 keys and 37 values 
2025-06-19 01:35:22 INFO  org.reflections.Reflections:229 - Reflections took 8 ms to scan 1 urls, producing 5 keys and 32 values 
2025-06-19 01:35:27 INFO  org.reflections.Reflections:229 - Reflections took 88 ms to scan 1 urls, producing 17 keys and 270 values 
2025-06-19 01:35:27 INFO  org.reflections.Reflections:229 - Reflections took 19 ms to scan 1 urls, producing 7 keys and 37 values 
2025-06-19 01:35:27 INFO  org.reflections.Reflections:229 - Reflections took 7 ms to scan 1 urls, producing 5 keys and 32 values 
2025-06-19 01:35:32 INFO  org.reflections.Reflections:229 - Reflections took 74 ms to scan 1 urls, producing 17 keys and 270 values 
2025-06-19 01:35:32 INFO  org.reflections.Reflections:229 - Reflections took 14 ms to scan 1 urls, producing 7 keys and 37 values 
2025-06-19 01:35:32 INFO  org.reflections.Reflections:229 - Reflections took 9 ms to scan 1 urls, producing 5 keys and 32 values 
2025-06-19 01:35:39 INFO  org.reflections.Reflections:229 - Reflections took 78 ms to scan 1 urls, producing 17 keys and 270 values 
2025-06-19 01:35:39 INFO  org.reflections.Reflections:229 - Reflections took 15 ms to scan 1 urls, producing 7 keys and 37 values 
2025-06-19 01:35:39 INFO  org.reflections.Reflections:229 - Reflections took 7 ms to scan 1 urls, producing 5 keys and 32 values 
2025-06-19 01:35:51 INFO  org.reflections.Reflections:229 - Reflections took 80 ms to scan 1 urls, producing 17 keys and 270 values 
2025-06-19 01:35:51 INFO  org.reflections.Reflections:229 - Reflections took 23 ms to scan 1 urls, producing 7 keys and 37 values 
2025-06-19 01:35:51 INFO  org.reflections.Reflections:229 - Reflections took 7 ms to scan 1 urls, producing 5 keys and 32 values 
2025-06-19 01:35:56 INFO  org.reflections.Reflections:229 - Reflections took 89 ms to scan 1 urls, producing 17 keys and 270 values 
2025-06-19 01:35:56 INFO  org.reflections.Reflections:229 - Reflections took 21 ms to scan 1 urls, producing 7 keys and 37 values 
2025-06-19 01:35:57 INFO  org.reflections.Reflections:229 - Reflections took 7 ms to scan 1 urls, producing 5 keys and 32 values 
2025-06-19 01:36:01 INFO  org.reflections.Reflections:229 - Reflections took 97 ms to scan 1 urls, producing 17 keys and 270 values 
2025-06-19 01:36:02 INFO  org.reflections.Reflections:229 - Reflections took 18 ms to scan 1 urls, producing 7 keys and 37 values 
2025-06-19 01:36:02 INFO  org.reflections.Reflections:229 - Reflections took 8 ms to scan 1 urls, producing 5 keys and 32 values 
2025-06-19 01:36:11 INFO  org.reflections.Reflections:229 - Reflections took 80 ms to scan 1 urls, producing 17 keys and 270 values 
2025-06-19 01:36:11 INFO  org.reflections.Reflections:229 - Reflections took 33 ms to scan 1 urls, producing 7 keys and 37 values 
2025-06-19 01:36:11 INFO  org.reflections.Reflections:229 - Reflections took 6 ms to scan 1 urls, producing 5 keys and 32 values 
2025-06-19 11:10:08 INFO  org.reflections.Reflections:229 - Reflections took 68 ms to scan 1 urls, producing 17 keys and 270 values 
2025-06-19 11:10:09 INFO  org.reflections.Reflections:229 - Reflections took 14 ms to scan 1 urls, producing 7 keys and 37 values 
2025-06-19 11:10:09 INFO  org.reflections.Reflections:229 - Reflections took 6 ms to scan 1 urls, producing 5 keys and 32 values 
2025-06-19 11:10:21 INFO  org.reflections.Reflections:229 - Reflections took 54 ms to scan 1 urls, producing 17 keys and 270 values 
2025-06-19 11:10:21 INFO  org.reflections.Reflections:229 - Reflections took 15 ms to scan 1 urls, producing 7 keys and 37 values 
2025-06-19 11:10:21 INFO  org.reflections.Reflections:229 - Reflections took 5 ms to scan 1 urls, producing 5 keys and 32 values 
2025-06-19 11:10:23 INFO  org.reflections.Reflections:229 - Reflections took 68 ms to scan 1 urls, producing 17 keys and 270 values 
2025-06-19 11:10:23 INFO  org.reflections.Reflections:229 - Reflections took 18 ms to scan 1 urls, producing 7 keys and 37 values 
2025-06-19 11:10:23 INFO  org.reflections.Reflections:229 - Reflections took 6 ms to scan 1 urls, producing 5 keys and 32 values 
2025-06-19 11:10:24 INFO  org.reflections.Reflections:229 - Reflections took 151 ms to scan 1 urls, producing 17 keys and 270 values 
2025-06-19 11:10:24 INFO  org.reflections.Reflections:229 - Reflections took 15 ms to scan 1 urls, producing 7 keys and 37 values 
2025-06-19 11:10:24 INFO  org.reflections.Reflections:229 - Reflections took 12 ms to scan 1 urls, producing 5 keys and 32 values 
2025-06-19 11:10:26 INFO  org.reflections.Reflections:229 - Reflections took 68 ms to scan 1 urls, producing 17 keys and 270 values 
2025-06-19 11:10:26 INFO  org.reflections.Reflections:229 - Reflections took 14 ms to scan 1 urls, producing 7 keys and 37 values 
2025-06-19 11:10:26 INFO  org.reflections.Reflections:229 - Reflections took 6 ms to scan 1 urls, producing 5 keys and 32 values 
2025-06-19 11:10:27 INFO  org.reflections.Reflections:229 - Reflections took 121 ms to scan 1 urls, producing 17 keys and 270 values 
2025-06-19 11:10:27 INFO  org.reflections.Reflections:229 - Reflections took 21 ms to scan 1 urls, producing 7 keys and 37 values 
2025-06-19 11:10:28 INFO  org.reflections.Reflections:229 - Reflections took 11 ms to scan 1 urls, producing 5 keys and 32 values 
2025-06-19 11:10:29 INFO  org.reflections.Reflections:229 - Reflections took 140 ms to scan 1 urls, producing 17 keys and 270 values 
2025-06-19 11:10:29 INFO  org.reflections.Reflections:229 - Reflections took 30 ms to scan 1 urls, producing 7 keys and 37 values 
2025-06-19 11:10:29 INFO  org.reflections.Reflections:229 - Reflections took 15 ms to scan 1 urls, producing 5 keys and 32 values 
2025-06-19 11:10:30 INFO  org.reflections.Reflections:229 - Reflections took 134 ms to scan 1 urls, producing 17 keys and 270 values 
2025-06-19 11:10:30 INFO  org.reflections.Reflections:229 - Reflections took 24 ms to scan 1 urls, producing 7 keys and 37 values 
2025-06-19 11:10:30 INFO  org.reflections.Reflections:229 - Reflections took 11 ms to scan 1 urls, producing 5 keys and 32 values 
2025-06-19 11:10:30 INFO  org.reflections.Reflections:229 - Reflections took 95 ms to scan 1 urls, producing 17 keys and 270 values 
2025-06-19 11:10:31 INFO  org.reflections.Reflections:229 - Reflections took 22 ms to scan 1 urls, producing 7 keys and 37 values 
2025-06-19 11:10:31 INFO  org.reflections.Reflections:229 - Reflections took 135 ms to scan 1 urls, producing 17 keys and 270 values 
2025-06-19 11:10:31 INFO  org.reflections.Reflections:229 - Reflections took 17 ms to scan 1 urls, producing 5 keys and 32 values 
2025-06-19 11:10:31 INFO  org.reflections.Reflections:229 - Reflections took 27 ms to scan 1 urls, producing 7 keys and 37 values 
2025-06-19 11:10:31 INFO  org.reflections.Reflections:229 - Reflections took 8 ms to scan 1 urls, producing 5 keys and 32 values 
2025-06-19 11:10:31 INFO  org.reflections.Reflections:229 - Reflections took 130 ms to scan 1 urls, producing 17 keys and 270 values 
2025-06-19 11:10:31 INFO  org.reflections.Reflections:229 - Reflections took 49 ms to scan 1 urls, producing 7 keys and 37 values 
2025-06-19 11:10:31 INFO  org.reflections.Reflections:229 - Reflections took 7 ms to scan 1 urls, producing 5 keys and 32 values 
2025-06-19 11:10:35 INFO  org.reflections.Reflections:229 - Reflections took 79 ms to scan 1 urls, producing 17 keys and 270 values 
2025-06-19 11:10:35 INFO  org.reflections.Reflections:229 - Reflections took 18 ms to scan 1 urls, producing 7 keys and 37 values 
2025-06-19 11:10:35 INFO  org.reflections.Reflections:229 - Reflections took 8 ms to scan 1 urls, producing 5 keys and 32 values 
2025-06-19 11:10:35 INFO  org.reflections.Reflections:229 - Reflections took 68 ms to scan 1 urls, producing 17 keys and 270 values 
2025-06-19 11:10:35 INFO  org.reflections.Reflections:229 - Reflections took 19 ms to scan 1 urls, producing 7 keys and 37 values 
2025-06-19 11:10:35 INFO  org.reflections.Reflections:229 - Reflections took 6 ms to scan 1 urls, producing 5 keys and 32 values 
2025-06-19 11:11:37 INFO  org.reflections.Reflections:229 - Reflections took 96 ms to scan 1 urls, producing 17 keys and 270 values 
2025-06-19 11:11:37 INFO  org.reflections.Reflections:229 - Reflections took 17 ms to scan 1 urls, producing 7 keys and 37 values 
2025-06-19 11:11:37 INFO  org.reflections.Reflections:229 - Reflections took 7 ms to scan 1 urls, producing 5 keys and 32 values 
2025-06-19 11:11:42 INFO  org.reflections.Reflections:229 - Reflections took 85 ms to scan 1 urls, producing 17 keys and 270 values 
2025-06-19 11:11:42 INFO  org.reflections.Reflections:229 - Reflections took 14 ms to scan 1 urls, producing 7 keys and 37 values 
2025-06-19 11:11:42 INFO  org.reflections.Reflections:229 - Reflections took 5 ms to scan 1 urls, producing 5 keys and 32 values 
2025-06-19 11:12:04 INFO  org.reflections.Reflections:229 - Reflections took 117 ms to scan 1 urls, producing 17 keys and 270 values 
2025-06-19 11:12:04 INFO  org.reflections.Reflections:229 - Reflections took 27 ms to scan 1 urls, producing 7 keys and 37 values 
2025-06-19 11:12:04 INFO  org.reflections.Reflections:229 - Reflections took 6 ms to scan 1 urls, producing 5 keys and 32 values 
2025-06-19 11:12:10 INFO  org.reflections.Reflections:229 - Reflections took 93 ms to scan 1 urls, producing 17 keys and 270 values 
2025-06-19 11:12:11 INFO  org.reflections.Reflections:229 - Reflections took 18 ms to scan 1 urls, producing 7 keys and 37 values 
2025-06-19 11:12:11 INFO  org.reflections.Reflections:229 - Reflections took 6 ms to scan 1 urls, producing 5 keys and 32 values 
2025-06-19 11:12:27 INFO  org.reflections.Reflections:229 - Reflections took 106 ms to scan 1 urls, producing 17 keys and 270 values 
2025-06-19 11:12:27 INFO  org.reflections.Reflections:229 - Reflections took 16 ms to scan 1 urls, producing 7 keys and 37 values 
2025-06-19 11:12:27 INFO  org.reflections.Reflections:229 - Reflections took 7 ms to scan 1 urls, producing 5 keys and 32 values 
2025-06-19 11:12:59 INFO  org.reflections.Reflections:229 - Reflections took 104 ms to scan 1 urls, producing 17 keys and 270 values 
2025-06-19 11:12:59 INFO  org.reflections.Reflections:229 - Reflections took 19 ms to scan 1 urls, producing 7 keys and 37 values 
2025-06-19 11:12:59 INFO  org.reflections.Reflections:229 - Reflections took 8 ms to scan 1 urls, producing 5 keys and 32 values 
2025-06-19 11:13:09 INFO  org.reflections.Reflections:229 - Reflections took 91 ms to scan 1 urls, producing 17 keys and 270 values 
2025-06-19 11:13:09 INFO  org.reflections.Reflections:229 - Reflections took 15 ms to scan 1 urls, producing 7 keys and 37 values 
2025-06-19 11:13:09 INFO  org.reflections.Reflections:229 - Reflections took 6 ms to scan 1 urls, producing 5 keys and 32 values 
2025-06-19 11:13:27 INFO  org.reflections.Reflections:229 - Reflections took 93 ms to scan 1 urls, producing 17 keys and 270 values 
2025-06-19 11:13:27 INFO  org.reflections.Reflections:229 - Reflections took 13 ms to scan 1 urls, producing 7 keys and 37 values 
2025-06-19 11:13:27 INFO  org.reflections.Reflections:229 - Reflections took 6 ms to scan 1 urls, producing 5 keys and 32 values 
2025-06-19 11:13:31 INFO  org.reflections.Reflections:229 - Reflections took 78 ms to scan 1 urls, producing 17 keys and 270 values 
2025-06-19 11:13:31 INFO  org.reflections.Reflections:229 - Reflections took 15 ms to scan 1 urls, producing 7 keys and 37 values 
2025-06-19 11:13:31 INFO  org.reflections.Reflections:229 - Reflections took 7 ms to scan 1 urls, producing 5 keys and 32 values 
2025-06-19 11:13:45 INFO  org.reflections.Reflections:229 - Reflections took 104 ms to scan 1 urls, producing 17 keys and 270 values 
2025-06-19 11:13:46 INFO  org.reflections.Reflections:229 - Reflections took 20 ms to scan 1 urls, producing 7 keys and 37 values 
2025-06-19 11:13:46 INFO  org.reflections.Reflections:229 - Reflections took 8 ms to scan 1 urls, producing 5 keys and 32 values 
2025-06-19 11:13:46 INFO  org.reflections.Reflections:229 - Reflections took 93 ms to scan 1 urls, producing 17 keys and 270 values 
2025-06-19 11:13:46 INFO  org.reflections.Reflections:229 - Reflections took 23 ms to scan 1 urls, producing 7 keys and 37 values 
2025-06-19 11:13:46 INFO  org.reflections.Reflections:229 - Reflections took 8 ms to scan 1 urls, producing 5 keys and 32 values 
2025-06-19 11:14:07 INFO  org.reflections.Reflections:229 - Reflections took 93 ms to scan 1 urls, producing 17 keys and 270 values 
2025-06-19 11:14:07 INFO  org.reflections.Reflections:229 - Reflections took 21 ms to scan 1 urls, producing 7 keys and 37 values 
2025-06-19 11:14:07 INFO  org.reflections.Reflections:229 - Reflections took 8 ms to scan 1 urls, producing 5 keys and 32 values 
2025-06-19 11:14:13 INFO  org.reflections.Reflections:229 - Reflections took 80 ms to scan 1 urls, producing 17 keys and 270 values 
2025-06-19 11:14:13 INFO  org.reflections.Reflections:229 - Reflections took 13 ms to scan 1 urls, producing 7 keys and 37 values 
2025-06-19 11:14:13 INFO  org.reflections.Reflections:229 - Reflections took 7 ms to scan 1 urls, producing 5 keys and 32 values 
2025-06-19 11:16:11 INFO  org.reflections.Reflections:229 - Reflections took 85 ms to scan 1 urls, producing 17 keys and 270 values 
2025-06-19 11:16:11 INFO  org.reflections.Reflections:229 - Reflections took 19 ms to scan 1 urls, producing 7 keys and 37 values 
2025-06-19 11:16:11 INFO  org.reflections.Reflections:229 - Reflections took 8 ms to scan 1 urls, producing 5 keys and 32 values 
2025-06-19 11:16:20 INFO  org.reflections.Reflections:229 - Reflections took 92 ms to scan 1 urls, producing 17 keys and 270 values 
2025-06-19 11:16:20 INFO  org.reflections.Reflections:229 - Reflections took 14 ms to scan 1 urls, producing 7 keys and 37 values 
2025-06-19 11:16:20 INFO  org.reflections.Reflections:229 - Reflections took 6 ms to scan 1 urls, producing 5 keys and 32 values 
2025-06-19 11:16:24 INFO  org.reflections.Reflections:229 - Reflections took 69 ms to scan 1 urls, producing 17 keys and 270 values 
2025-06-19 11:16:24 INFO  org.reflections.Reflections:229 - Reflections took 18 ms to scan 1 urls, producing 7 keys and 37 values 
2025-06-19 11:16:24 INFO  org.reflections.Reflections:229 - Reflections took 6 ms to scan 1 urls, producing 5 keys and 32 values 
2025-06-19 11:16:36 INFO  org.reflections.Reflections:229 - Reflections took 73 ms to scan 1 urls, producing 17 keys and 270 values 
2025-06-19 11:16:36 INFO  org.reflections.Reflections:229 - Reflections took 15 ms to scan 1 urls, producing 7 keys and 37 values 
2025-06-19 11:16:36 INFO  org.reflections.Reflections:229 - Reflections took 7 ms to scan 1 urls, producing 5 keys and 32 values 
2025-06-19 11:17:13 INFO  org.reflections.Reflections:229 - Reflections took 143 ms to scan 1 urls, producing 17 keys and 270 values 
2025-06-19 11:17:13 INFO  org.reflections.Reflections:229 - Reflections took 28 ms to scan 1 urls, producing 7 keys and 37 values 
2025-06-19 11:17:13 INFO  org.reflections.Reflections:229 - Reflections took 7 ms to scan 1 urls, producing 5 keys and 32 values 
2025-06-19 11:17:16 INFO  org.reflections.Reflections:229 - Reflections took 83 ms to scan 1 urls, producing 17 keys and 270 values 
2025-06-19 11:17:16 INFO  org.reflections.Reflections:229 - Reflections took 22 ms to scan 1 urls, producing 7 keys and 37 values 
2025-06-19 11:17:17 INFO  org.reflections.Reflections:229 - Reflections took 9 ms to scan 1 urls, producing 5 keys and 32 values 
2025-06-19 11:19:43 INFO  org.reflections.Reflections:229 - Reflections took 61 ms to scan 1 urls, producing 17 keys and 270 values 
2025-06-19 11:19:44 INFO  org.reflections.Reflections:229 - Reflections took 13 ms to scan 1 urls, producing 7 keys and 37 values 
2025-06-19 11:19:44 INFO  org.reflections.Reflections:229 - Reflections took 5 ms to scan 1 urls, producing 5 keys and 32 values 
2025-06-19 11:19:45 INFO  org.reflections.Reflections:229 - Reflections took 70 ms to scan 1 urls, producing 17 keys and 270 values 
2025-06-19 11:19:45 INFO  org.reflections.Reflections:229 - Reflections took 22 ms to scan 1 urls, producing 7 keys and 37 values 
2025-06-19 11:19:45 INFO  org.reflections.Reflections:229 - Reflections took 8 ms to scan 1 urls, producing 5 keys and 32 values 
2025-06-19 11:19:46 INFO  org.reflections.Reflections:229 - Reflections took 123 ms to scan 1 urls, producing 17 keys and 270 values 
2025-06-19 11:19:46 INFO  org.reflections.Reflections:229 - Reflections took 21 ms to scan 1 urls, producing 7 keys and 37 values 
2025-06-19 11:19:46 INFO  org.reflections.Reflections:229 - Reflections took 8 ms to scan 1 urls, producing 5 keys and 32 values 
2025-06-19 11:19:47 INFO  org.reflections.Reflections:229 - Reflections took 96 ms to scan 1 urls, producing 17 keys and 270 values 
2025-06-19 11:19:47 INFO  org.reflections.Reflections:229 - Reflections took 30 ms to scan 1 urls, producing 7 keys and 37 values 
2025-06-19 11:19:47 INFO  org.reflections.Reflections:229 - Reflections took 16 ms to scan 1 urls, producing 5 keys and 32 values 
2025-06-19 11:19:48 INFO  org.reflections.Reflections:229 - Reflections took 104 ms to scan 1 urls, producing 17 keys and 270 values 
2025-06-19 11:19:48 INFO  org.reflections.Reflections:229 - Reflections took 66 ms to scan 1 urls, producing 7 keys and 37 values 
2025-06-19 11:19:48 INFO  org.reflections.Reflections:229 - Reflections took 13 ms to scan 1 urls, producing 5 keys and 32 values 
2025-06-19 11:19:49 INFO  org.reflections.Reflections:229 - Reflections took 216 ms to scan 1 urls, producing 17 keys and 270 values 
2025-06-19 11:19:50 INFO  org.reflections.Reflections:229 - Reflections took 21 ms to scan 1 urls, producing 7 keys and 37 values 
2025-06-19 11:19:50 INFO  org.reflections.Reflections:229 - Reflections took 24 ms to scan 1 urls, producing 5 keys and 32 values 
2025-06-19 11:19:51 INFO  org.reflections.Reflections:229 - Reflections took 147 ms to scan 1 urls, producing 17 keys and 270 values 
2025-06-19 11:19:51 INFO  org.reflections.Reflections:229 - Reflections took 95 ms to scan 1 urls, producing 7 keys and 37 values 
2025-06-19 11:19:51 INFO  org.reflections.Reflections:229 - Reflections took 6 ms to scan 1 urls, producing 5 keys and 32 values 
2025-06-19 11:19:52 INFO  org.reflections.Reflections:229 - Reflections took 170 ms to scan 1 urls, producing 17 keys and 270 values 
2025-06-19 11:19:52 INFO  org.reflections.Reflections:229 - Reflections took 25 ms to scan 1 urls, producing 7 keys and 37 values 
2025-06-19 11:19:52 INFO  org.reflections.Reflections:229 - Reflections took 10 ms to scan 1 urls, producing 5 keys and 32 values 
2025-06-19 11:19:52 INFO  org.reflections.Reflections:229 - Reflections took 180 ms to scan 1 urls, producing 17 keys and 270 values 
2025-06-19 11:19:53 INFO  org.reflections.Reflections:229 - Reflections took 59 ms to scan 1 urls, producing 7 keys and 37 values 
2025-06-19 11:19:53 INFO  org.reflections.Reflections:229 - Reflections took 17 ms to scan 1 urls, producing 5 keys and 32 values 
2025-06-19 11:19:54 INFO  org.reflections.Reflections:229 - Reflections took 164 ms to scan 1 urls, producing 17 keys and 270 values 
2025-06-19 11:19:54 INFO  org.reflections.Reflections:229 - Reflections took 23 ms to scan 1 urls, producing 7 keys and 37 values 
2025-06-19 11:19:54 INFO  org.reflections.Reflections:229 - Reflections took 12 ms to scan 1 urls, producing 5 keys and 32 values 
2025-06-19 11:19:55 INFO  org.reflections.Reflections:229 - Reflections took 225 ms to scan 1 urls, producing 17 keys and 270 values 
2025-06-19 11:19:55 INFO  org.reflections.Reflections:229 - Reflections took 96 ms to scan 1 urls, producing 7 keys and 37 values 
2025-06-19 11:19:55 INFO  org.reflections.Reflections:229 - Reflections took 23 ms to scan 1 urls, producing 5 keys and 32 values 
2025-06-19 11:19:56 INFO  org.reflections.Reflections:229 - Reflections took 205 ms to scan 1 urls, producing 17 keys and 270 values 
2025-06-19 11:19:56 INFO  org.reflections.Reflections:229 - Reflections took 47 ms to scan 1 urls, producing 7 keys and 37 values 
2025-06-19 11:19:57 INFO  org.reflections.Reflections:229 - Reflections took 12 ms to scan 1 urls, producing 5 keys and 32 values 
2025-06-19 11:20:06 INFO  org.reflections.Reflections:229 - Reflections took 120 ms to scan 1 urls, producing 17 keys and 270 values 
2025-06-19 11:20:07 INFO  org.reflections.Reflections:229 - Reflections took 21 ms to scan 1 urls, producing 7 keys and 37 values 
2025-06-19 11:20:07 INFO  org.reflections.Reflections:229 - Reflections took 9 ms to scan 1 urls, producing 5 keys and 32 values 
2025-06-19 11:20:13 INFO  org.reflections.Reflections:229 - Reflections took 88 ms to scan 1 urls, producing 17 keys and 270 values 
2025-06-19 11:20:13 INFO  org.reflections.Reflections:229 - Reflections took 13 ms to scan 1 urls, producing 7 keys and 37 values 
2025-06-19 11:20:13 INFO  org.reflections.Reflections:229 - Reflections took 8 ms to scan 1 urls, producing 5 keys and 32 values 
2025-06-19 11:20:29 INFO  org.reflections.Reflections:229 - Reflections took 94 ms to scan 1 urls, producing 17 keys and 270 values 
2025-06-19 11:20:29 INFO  org.reflections.Reflections:229 - Reflections took 14 ms to scan 1 urls, producing 7 keys and 37 values 
2025-06-19 11:20:30 INFO  org.reflections.Reflections:229 - Reflections took 6 ms to scan 1 urls, producing 5 keys and 32 values 
2025-06-19 11:20:36 INFO  org.reflections.Reflections:229 - Reflections took 125 ms to scan 1 urls, producing 17 keys and 270 values 
2025-06-19 11:20:37 INFO  org.reflections.Reflections:229 - Reflections took 18 ms to scan 1 urls, producing 7 keys and 37 values 
2025-06-19 11:20:37 INFO  org.reflections.Reflections:229 - Reflections took 8 ms to scan 1 urls, producing 5 keys and 32 values 
2025-06-19 11:20:41 INFO  org.reflections.Reflections:229 - Reflections took 103 ms to scan 1 urls, producing 17 keys and 270 values 
2025-06-19 11:20:41 INFO  org.reflections.Reflections:229 - Reflections took 21 ms to scan 1 urls, producing 7 keys and 37 values 
2025-06-19 11:20:41 INFO  org.reflections.Reflections:229 - Reflections took 10 ms to scan 1 urls, producing 5 keys and 32 values 
2025-06-19 11:20:47 INFO  org.reflections.Reflections:229 - Reflections took 122 ms to scan 1 urls, producing 17 keys and 270 values 
2025-06-19 11:20:47 INFO  org.reflections.Reflections:229 - Reflections took 21 ms to scan 1 urls, producing 7 keys and 37 values 
2025-06-19 11:20:47 INFO  org.reflections.Reflections:229 - Reflections took 7 ms to scan 1 urls, producing 5 keys and 32 values 
2025-06-19 11:20:54 INFO  org.reflections.Reflections:229 - Reflections took 123 ms to scan 1 urls, producing 17 keys and 270 values 
2025-06-19 11:20:54 INFO  org.reflections.Reflections:229 - Reflections took 23 ms to scan 1 urls, producing 7 keys and 37 values 
2025-06-19 11:20:54 INFO  org.reflections.Reflections:229 - Reflections took 7 ms to scan 1 urls, producing 5 keys and 32 values 
2025-06-19 11:21:01 INFO  org.reflections.Reflections:229 - Reflections took 125 ms to scan 1 urls, producing 17 keys and 270 values 
2025-06-19 11:21:01 INFO  org.reflections.Reflections:229 - Reflections took 30 ms to scan 1 urls, producing 7 keys and 37 values 
2025-06-19 11:21:01 INFO  org.reflections.Reflections:229 - Reflections took 8 ms to scan 1 urls, producing 5 keys and 32 values 
2025-06-19 11:21:07 INFO  org.reflections.Reflections:229 - Reflections took 104 ms to scan 1 urls, producing 17 keys and 270 values 
2025-06-19 11:21:08 INFO  org.reflections.Reflections:229 - Reflections took 14 ms to scan 1 urls, producing 7 keys and 37 values 
2025-06-19 11:21:08 INFO  org.reflections.Reflections:229 - Reflections took 9 ms to scan 1 urls, producing 5 keys and 32 values 
2025-06-19 11:21:14 INFO  org.reflections.Reflections:229 - Reflections took 113 ms to scan 1 urls, producing 17 keys and 270 values 
2025-06-19 11:21:14 INFO  org.reflections.Reflections:229 - Reflections took 15 ms to scan 1 urls, producing 7 keys and 37 values 
2025-06-19 11:21:14 INFO  org.reflections.Reflections:229 - Reflections took 7 ms to scan 1 urls, producing 5 keys and 32 values 
2025-06-19 11:21:23 INFO  org.reflections.Reflections:229 - Reflections took 105 ms to scan 1 urls, producing 17 keys and 270 values 
2025-06-19 11:21:23 INFO  org.reflections.Reflections:229 - Reflections took 13 ms to scan 1 urls, producing 7 keys and 37 values 
2025-06-19 11:21:23 INFO  org.reflections.Reflections:229 - Reflections took 11 ms to scan 1 urls, producing 5 keys and 32 values 
2025-06-19 11:21:29 INFO  org.reflections.Reflections:229 - Reflections took 584 ms to scan 1 urls, producing 17 keys and 270 values 
2025-06-19 11:21:29 INFO  org.reflections.Reflections:229 - Reflections took 18 ms to scan 1 urls, producing 7 keys and 37 values 
2025-06-19 11:21:29 INFO  org.reflections.Reflections:229 - Reflections took 9 ms to scan 1 urls, producing 5 keys and 32 values 
2025-06-19 11:21:39 INFO  org.reflections.Reflections:229 - Reflections took 120 ms to scan 1 urls, producing 17 keys and 270 values 
2025-06-19 11:21:39 INFO  org.reflections.Reflections:229 - Reflections took 23 ms to scan 1 urls, producing 7 keys and 37 values 
2025-06-19 11:21:39 INFO  org.reflections.Reflections:229 - Reflections took 8 ms to scan 1 urls, producing 5 keys and 32 values 
2025-06-19 11:21:48 INFO  org.reflections.Reflections:229 - Reflections took 136 ms to scan 1 urls, producing 17 keys and 270 values 
2025-06-19 11:21:48 INFO  org.reflections.Reflections:229 - Reflections took 23 ms to scan 1 urls, producing 7 keys and 37 values 
2025-06-19 11:21:48 INFO  org.reflections.Reflections:229 - Reflections took 9 ms to scan 1 urls, producing 5 keys and 32 values 
2025-06-19 11:22:03 INFO  org.reflections.Reflections:229 - Reflections took 141 ms to scan 1 urls, producing 17 keys and 270 values 
2025-06-19 11:22:04 INFO  org.reflections.Reflections:229 - Reflections took 18 ms to scan 1 urls, producing 7 keys and 37 values 
2025-06-19 11:22:04 INFO  org.reflections.Reflections:229 - Reflections took 9 ms to scan 1 urls, producing 5 keys and 32 values 
2025-06-19 11:22:13 INFO  org.reflections.Reflections:229 - Reflections took 162 ms to scan 1 urls, producing 17 keys and 270 values 
2025-06-19 11:22:14 INFO  org.reflections.Reflections:229 - Reflections took 29 ms to scan 1 urls, producing 7 keys and 37 values 
2025-06-19 11:22:14 INFO  org.reflections.Reflections:229 - Reflections took 11 ms to scan 1 urls, producing 5 keys and 32 values 
2025-06-19 11:22:21 INFO  org.reflections.Reflections:229 - Reflections took 159 ms to scan 1 urls, producing 17 keys and 270 values 
2025-06-19 11:22:21 INFO  org.reflections.Reflections:229 - Reflections took 29 ms to scan 1 urls, producing 7 keys and 37 values 
2025-06-19 11:22:21 INFO  org.reflections.Reflections:229 - Reflections took 12 ms to scan 1 urls, producing 5 keys and 32 values 
2025-06-19 11:22:30 INFO  org.reflections.Reflections:229 - Reflections took 147 ms to scan 1 urls, producing 17 keys and 270 values 
2025-06-19 11:22:30 INFO  org.reflections.Reflections:229 - Reflections took 26 ms to scan 1 urls, producing 7 keys and 37 values 
2025-06-19 11:22:30 INFO  org.reflections.Reflections:229 - Reflections took 8 ms to scan 1 urls, producing 5 keys and 32 values 
2025-06-19 11:22:38 INFO  org.reflections.Reflections:229 - Reflections took 157 ms to scan 1 urls, producing 17 keys and 270 values 
2025-06-19 11:22:39 INFO  org.reflections.Reflections:229 - Reflections took 17 ms to scan 1 urls, producing 7 keys and 37 values 
2025-06-19 11:22:39 INFO  org.reflections.Reflections:229 - Reflections took 10 ms to scan 1 urls, producing 5 keys and 32 values 
2025-06-19 11:23:02 INFO  org.reflections.Reflections:229 - Reflections took 120 ms to scan 1 urls, producing 17 keys and 270 values 
2025-06-19 11:23:02 INFO  org.reflections.Reflections:229 - Reflections took 17 ms to scan 1 urls, producing 7 keys and 37 values 
2025-06-19 11:23:02 INFO  org.reflections.Reflections:229 - Reflections took 8 ms to scan 1 urls, producing 5 keys and 32 values 
2025-06-19 11:23:23 INFO  org.reflections.Reflections:229 - Reflections took 115 ms to scan 1 urls, producing 17 keys and 270 values 
2025-06-19 11:23:23 INFO  org.reflections.Reflections:229 - Reflections took 33 ms to scan 1 urls, producing 7 keys and 37 values 
2025-06-19 11:23:23 INFO  org.reflections.Reflections:229 - Reflections took 7 ms to scan 1 urls, producing 5 keys and 32 values 
2025-06-19 11:24:02 INFO  org.reflections.Reflections:229 - Reflections took 259 ms to scan 1 urls, producing 17 keys and 270 values 
2025-06-19 11:24:02 INFO  org.reflections.Reflections:229 - Reflections took 24 ms to scan 1 urls, producing 7 keys and 37 values 
2025-06-19 11:24:02 INFO  org.reflections.Reflections:229 - Reflections took 10 ms to scan 1 urls, producing 5 keys and 32 values 
2025-06-19 11:24:10 INFO  org.reflections.Reflections:229 - Reflections took 122 ms to scan 1 urls, producing 17 keys and 270 values 
2025-06-19 11:24:11 INFO  org.reflections.Reflections:229 - Reflections took 19 ms to scan 1 urls, producing 7 keys and 37 values 
2025-06-19 11:24:11 INFO  org.reflections.Reflections:229 - Reflections took 8 ms to scan 1 urls, producing 5 keys and 32 values 
2025-06-19 11:24:20 INFO  org.reflections.Reflections:229 - Reflections took 116 ms to scan 1 urls, producing 17 keys and 270 values 
2025-06-19 11:24:20 INFO  org.reflections.Reflections:229 - Reflections took 21 ms to scan 1 urls, producing 7 keys and 37 values 
2025-06-19 11:24:20 INFO  org.reflections.Reflections:229 - Reflections took 8 ms to scan 1 urls, producing 5 keys and 32 values 
2025-06-19 11:24:29 INFO  org.reflections.Reflections:229 - Reflections took 134 ms to scan 1 urls, producing 17 keys and 270 values 
2025-06-19 11:24:29 INFO  org.reflections.Reflections:229 - Reflections took 16 ms to scan 1 urls, producing 7 keys and 37 values 
2025-06-19 11:24:29 INFO  org.reflections.Reflections:229 - Reflections took 11 ms to scan 1 urls, producing 5 keys and 32 values 
2025-06-19 11:24:37 INFO  org.reflections.Reflections:229 - Reflections took 102 ms to scan 1 urls, producing 17 keys and 270 values 
2025-06-19 11:24:37 INFO  org.reflections.Reflections:229 - Reflections took 17 ms to scan 1 urls, producing 7 keys and 37 values 
2025-06-19 11:24:37 INFO  org.reflections.Reflections:229 - Reflections took 10 ms to scan 1 urls, producing 5 keys and 32 values 
2025-06-19 11:24:44 INFO  org.reflections.Reflections:229 - Reflections took 198 ms to scan 1 urls, producing 17 keys and 270 values 
2025-06-19 11:24:45 INFO  org.reflections.Reflections:229 - Reflections took 28 ms to scan 1 urls, producing 7 keys and 37 values 
2025-06-19 11:24:45 INFO  org.reflections.Reflections:229 - Reflections took 8 ms to scan 1 urls, producing 5 keys and 32 values 
2025-06-19 11:24:54 INFO  org.reflections.Reflections:229 - Reflections took 323 ms to scan 1 urls, producing 17 keys and 270 values 
2025-06-19 11:24:54 INFO  org.reflections.Reflections:229 - Reflections took 24 ms to scan 1 urls, producing 7 keys and 37 values 
2025-06-19 11:24:54 INFO  org.reflections.Reflections:229 - Reflections took 10 ms to scan 1 urls, producing 5 keys and 32 values 
2025-06-19 11:24:55 ERROR edu.pitt.dbmi.data.reader.tabular.TabularDataFileReader:920 - Non-continuous number inf on line 1053 at column 20.
java.lang.NumberFormatException: For input string: "inf"
	at sun.misc.FloatingDecimal.readJavaFormatString(FloatingDecimal.java:2043)
	at sun.misc.FloatingDecimal.parseDouble(FloatingDecimal.java:110)
	at java.lang.Double.parseDouble(Double.java:538)
	at edu.pitt.dbmi.data.reader.tabular.TabularDataFileReader.readInContinuousData(TabularDataFileReader.java:917)
	at edu.pitt.dbmi.data.reader.tabular.TabularDataFileReader.read(TabularDataFileReader.java:319)
	at edu.pitt.dbmi.data.reader.tabular.ContinuousTabularDatasetFileReader.readInData(ContinuousTabularDatasetFileReader.java:68)
	at edu.pitt.dbmi.data.reader.tabular.ContinuousTabularDatasetFileReader.readInData(ContinuousTabularDatasetFileReader.java:49)
2025-06-19 11:25:19 INFO  org.reflections.Reflections:229 - Reflections took 117 ms to scan 1 urls, producing 17 keys and 270 values 
2025-06-19 11:25:19 INFO  org.reflections.Reflections:229 - Reflections took 23 ms to scan 1 urls, producing 7 keys and 37 values 
2025-06-19 11:25:19 INFO  org.reflections.Reflections:229 - Reflections took 7 ms to scan 1 urls, producing 5 keys and 32 values 
2025-06-19 11:27:07 INFO  org.reflections.Reflections:229 - Reflections took 104 ms to scan 1 urls, producing 17 keys and 270 values 
2025-06-19 11:27:08 INFO  org.reflections.Reflections:229 - Reflections took 15 ms to scan 1 urls, producing 7 keys and 37 values 
2025-06-19 11:27:08 INFO  org.reflections.Reflections:229 - Reflections took 8 ms to scan 1 urls, producing 5 keys and 32 values 
2025-06-19 11:28:07 INFO  org.reflections.Reflections:229 - Reflections took 101 ms to scan 1 urls, producing 17 keys and 270 values 
2025-06-19 11:28:07 INFO  org.reflections.Reflections:229 - Reflections took 23 ms to scan 1 urls, producing 7 keys and 37 values 
2025-06-19 11:28:07 INFO  org.reflections.Reflections:229 - Reflections took 8 ms to scan 1 urls, producing 5 keys and 32 values 
2025-06-19 11:54:13 INFO  org.reflections.Reflections:229 - Reflections took 123 ms to scan 1 urls, producing 17 keys and 270 values 
2025-06-19 11:54:13 INFO  org.reflections.Reflections:229 - Reflections took 18 ms to scan 1 urls, producing 7 keys and 37 values 
2025-06-19 11:54:13 INFO  org.reflections.Reflections:229 - Reflections took 5 ms to scan 1 urls, producing 5 keys and 32 values 
2025-06-19 11:54:13 INFO  org.reflections.Reflections:229 - Reflections took 108 ms to scan 1 urls, producing 17 keys and 270 values 
2025-06-19 11:54:13 INFO  org.reflections.Reflections:229 - Reflections took 20 ms to scan 1 urls, producing 7 keys and 37 values 
2025-06-19 11:54:13 INFO  org.reflections.Reflections:229 - Reflections took 5 ms to scan 1 urls, producing 5 keys and 32 values 
2025-06-19 11:54:15 INFO  org.reflections.Reflections:229 - Reflections took 171 ms to scan 1 urls, producing 17 keys and 270 values 
2025-06-19 11:54:15 INFO  org.reflections.Reflections:229 - Reflections took 35 ms to scan 1 urls, producing 7 keys and 37 values 
2025-06-19 11:54:15 INFO  org.reflections.Reflections:229 - Reflections took 7 ms to scan 1 urls, producing 5 keys and 32 values 
2025-06-19 11:54:16 INFO  org.reflections.Reflections:229 - Reflections took 122 ms to scan 1 urls, producing 17 keys and 270 values 
2025-06-19 11:54:16 INFO  org.reflections.Reflections:229 - Reflections took 32 ms to scan 1 urls, producing 7 keys and 37 values 
2025-06-19 11:54:17 INFO  org.reflections.Reflections:229 - Reflections took 14 ms to scan 1 urls, producing 5 keys and 32 values 
2025-06-19 11:54:17 INFO  org.reflections.Reflections:229 - Reflections took 159 ms to scan 1 urls, producing 17 keys and 270 values 
2025-06-19 11:54:17 INFO  org.reflections.Reflections:229 - Reflections took 16 ms to scan 1 urls, producing 7 keys and 37 values 
2025-06-19 11:54:18 INFO  org.reflections.Reflections:229 - Reflections took 9 ms to scan 1 urls, producing 5 keys and 32 values 
2025-06-19 11:54:19 INFO  org.reflections.Reflections:229 - Reflections took 184 ms to scan 1 urls, producing 17 keys and 270 values 
2025-06-19 11:54:19 INFO  org.reflections.Reflections:229 - Reflections took 29 ms to scan 1 urls, producing 7 keys and 37 values 
2025-06-19 11:54:19 INFO  org.reflections.Reflections:229 - Reflections took 12 ms to scan 1 urls, producing 5 keys and 32 values 
2025-06-19 11:54:20 INFO  org.reflections.Reflections:229 - Reflections took 149 ms to scan 1 urls, producing 17 keys and 270 values 
2025-06-19 11:54:20 INFO  org.reflections.Reflections:229 - Reflections took 96 ms to scan 1 urls, producing 7 keys and 37 values 
2025-06-19 11:54:20 INFO  org.reflections.Reflections:229 - Reflections took 15 ms to scan 1 urls, producing 5 keys and 32 values 
2025-06-19 11:54:21 INFO  org.reflections.Reflections:229 - Reflections took 161 ms to scan 1 urls, producing 17 keys and 270 values 
2025-06-19 11:54:21 INFO  org.reflections.Reflections:229 - Reflections took 34 ms to scan 1 urls, producing 7 keys and 37 values 
2025-06-19 11:54:21 INFO  org.reflections.Reflections:229 - Reflections took 13 ms to scan 1 urls, producing 5 keys and 32 values 
2025-06-19 11:54:21 INFO  org.reflections.Reflections:229 - Reflections took 139 ms to scan 1 urls, producing 17 keys and 270 values 
2025-06-19 11:54:22 INFO  org.reflections.Reflections:229 - Reflections took 51 ms to scan 1 urls, producing 7 keys and 37 values 
2025-06-19 11:54:22 INFO  org.reflections.Reflections:229 - Reflections took 12 ms to scan 1 urls, producing 5 keys and 32 values 
2025-06-19 11:54:23 INFO  org.reflections.Reflections:229 - Reflections took 260 ms to scan 1 urls, producing 17 keys and 270 values 
2025-06-19 11:54:23 INFO  org.reflections.Reflections:229 - Reflections took 40 ms to scan 1 urls, producing 7 keys and 37 values 
2025-06-19 11:54:23 INFO  org.reflections.Reflections:229 - Reflections took 26 ms to scan 1 urls, producing 5 keys and 32 values 
2025-06-19 11:54:24 INFO  org.reflections.Reflections:229 - Reflections took 314 ms to scan 1 urls, producing 17 keys and 270 values 
2025-06-19 11:54:25 INFO  org.reflections.Reflections:229 - Reflections took 108 ms to scan 1 urls, producing 7 keys and 37 values 
2025-06-19 11:54:25 INFO  org.reflections.Reflections:229 - Reflections took 20 ms to scan 1 urls, producing 5 keys and 32 values 
2025-06-19 11:54:26 INFO  org.reflections.Reflections:229 - Reflections took 247 ms to scan 1 urls, producing 17 keys and 270 values 
2025-06-19 11:54:26 INFO  org.reflections.Reflections:229 - Reflections took 117 ms to scan 1 urls, producing 7 keys and 37 values 
2025-06-19 11:54:26 INFO  org.reflections.Reflections:229 - Reflections took 21 ms to scan 1 urls, producing 5 keys and 32 values 
2025-06-19 11:54:44 INFO  org.reflections.Reflections:229 - Reflections took 96 ms to scan 1 urls, producing 17 keys and 270 values 
2025-06-19 11:54:45 INFO  org.reflections.Reflections:229 - Reflections took 16 ms to scan 1 urls, producing 7 keys and 37 values 
2025-06-19 11:54:45 INFO  org.reflections.Reflections:229 - Reflections took 8 ms to scan 1 urls, producing 5 keys and 32 values 
2025-06-19 11:54:50 INFO  org.reflections.Reflections:229 - Reflections took 115 ms to scan 1 urls, producing 17 keys and 270 values 
2025-06-19 11:54:50 INFO  org.reflections.Reflections:229 - Reflections took 16 ms to scan 1 urls, producing 7 keys and 37 values 
2025-06-19 11:54:50 INFO  org.reflections.Reflections:229 - Reflections took 10 ms to scan 1 urls, producing 5 keys and 32 values 
2025-06-19 11:54:56 INFO  org.reflections.Reflections:229 - Reflections took 108 ms to scan 1 urls, producing 17 keys and 270 values 
2025-06-19 11:54:56 INFO  org.reflections.Reflections:229 - Reflections took 18 ms to scan 1 urls, producing 7 keys and 37 values 
2025-06-19 11:54:57 INFO  org.reflections.Reflections:229 - Reflections took 8 ms to scan 1 urls, producing 5 keys and 32 values 
2025-06-19 11:55:04 INFO  org.reflections.Reflections:229 - Reflections took 111 ms to scan 1 urls, producing 17 keys and 270 values 
2025-06-19 11:55:04 INFO  org.reflections.Reflections:229 - Reflections took 15 ms to scan 1 urls, producing 7 keys and 37 values 
2025-06-19 11:55:04 INFO  org.reflections.Reflections:229 - Reflections took 7 ms to scan 1 urls, producing 5 keys and 32 values 
2025-06-19 11:55:09 INFO  org.reflections.Reflections:229 - Reflections took 120 ms to scan 1 urls, producing 17 keys and 270 values 
2025-06-19 11:55:09 INFO  org.reflections.Reflections:229 - Reflections took 16 ms to scan 1 urls, producing 7 keys and 37 values 
2025-06-19 11:55:09 INFO  org.reflections.Reflections:229 - Reflections took 7 ms to scan 1 urls, producing 5 keys and 32 values 
2025-06-19 11:55:21 INFO  org.reflections.Reflections:229 - Reflections took 126 ms to scan 1 urls, producing 17 keys and 270 values 
2025-06-19 11:55:21 INFO  org.reflections.Reflections:229 - Reflections took 17 ms to scan 1 urls, producing 7 keys and 37 values 
2025-06-19 11:55:22 INFO  org.reflections.Reflections:229 - Reflections took 9 ms to scan 1 urls, producing 5 keys and 32 values 
2025-06-19 11:55:41 INFO  org.reflections.Reflections:229 - Reflections took 115 ms to scan 1 urls, producing 17 keys and 270 values 
2025-06-19 11:55:41 INFO  org.reflections.Reflections:229 - Reflections took 17 ms to scan 1 urls, producing 7 keys and 37 values 
2025-06-19 11:55:41 INFO  org.reflections.Reflections:229 - Reflections took 6 ms to scan 1 urls, producing 5 keys and 32 values 
2025-06-19 11:55:46 INFO  org.reflections.Reflections:229 - Reflections took 107 ms to scan 1 urls, producing 17 keys and 270 values 
2025-06-19 11:55:46 INFO  org.reflections.Reflections:229 - Reflections took 14 ms to scan 1 urls, producing 7 keys and 37 values 
2025-06-19 11:55:46 INFO  org.reflections.Reflections:229 - Reflections took 9 ms to scan 1 urls, producing 5 keys and 32 values 
2025-06-19 11:55:53 INFO  org.reflections.Reflections:229 - Reflections took 124 ms to scan 1 urls, producing 17 keys and 270 values 
2025-06-19 11:55:53 INFO  org.reflections.Reflections:229 - Reflections took 19 ms to scan 1 urls, producing 7 keys and 37 values 
2025-06-19 11:55:53 INFO  org.reflections.Reflections:229 - Reflections took 6 ms to scan 1 urls, producing 5 keys and 32 values 
2025-06-19 11:55:58 INFO  org.reflections.Reflections:229 - Reflections took 104 ms to scan 1 urls, producing 17 keys and 270 values 
2025-06-19 11:55:58 INFO  org.reflections.Reflections:229 - Reflections took 15 ms to scan 1 urls, producing 7 keys and 37 values 
2025-06-19 11:55:58 INFO  org.reflections.Reflections:229 - Reflections took 6 ms to scan 1 urls, producing 5 keys and 32 values 
2025-06-19 11:56:10 INFO  org.reflections.Reflections:229 - Reflections took 101 ms to scan 1 urls, producing 17 keys and 270 values 
2025-06-19 11:56:10 INFO  org.reflections.Reflections:229 - Reflections took 19 ms to scan 1 urls, producing 7 keys and 37 values 
2025-06-19 11:56:10 INFO  org.reflections.Reflections:229 - Reflections took 9 ms to scan 1 urls, producing 5 keys and 32 values 
2025-06-19 11:56:17 INFO  org.reflections.Reflections:229 - Reflections took 137 ms to scan 1 urls, producing 17 keys and 270 values 
2025-06-19 11:56:17 INFO  org.reflections.Reflections:229 - Reflections took 15 ms to scan 1 urls, producing 7 keys and 37 values 
2025-06-19 11:56:17 INFO  org.reflections.Reflections:229 - Reflections took 6 ms to scan 1 urls, producing 5 keys and 32 values 
2025-06-19 11:56:26 INFO  org.reflections.Reflections:229 - Reflections took 111 ms to scan 1 urls, producing 17 keys and 270 values 
2025-06-19 11:56:26 INFO  org.reflections.Reflections:229 - Reflections took 18 ms to scan 1 urls, producing 7 keys and 37 values 
2025-06-19 11:56:26 INFO  org.reflections.Reflections:229 - Reflections took 7 ms to scan 1 urls, producing 5 keys and 32 values 
2025-06-19 11:56:33 INFO  org.reflections.Reflections:229 - Reflections took 105 ms to scan 1 urls, producing 17 keys and 270 values 
2025-06-19 11:56:33 INFO  org.reflections.Reflections:229 - Reflections took 20 ms to scan 1 urls, producing 7 keys and 37 values 
2025-06-19 11:56:33 INFO  org.reflections.Reflections:229 - Reflections took 6 ms to scan 1 urls, producing 5 keys and 32 values 
2025-06-19 11:56:47 INFO  org.reflections.Reflections:229 - Reflections took 125 ms to scan 1 urls, producing 17 keys and 270 values 
2025-06-19 11:56:47 INFO  org.reflections.Reflections:229 - Reflections took 20 ms to scan 1 urls, producing 7 keys and 37 values 
2025-06-19 11:56:47 INFO  org.reflections.Reflections:229 - Reflections took 6 ms to scan 1 urls, producing 5 keys and 32 values 
2025-06-19 11:56:55 INFO  org.reflections.Reflections:229 - Reflections took 97 ms to scan 1 urls, producing 17 keys and 270 values 
2025-06-19 11:56:55 INFO  org.reflections.Reflections:229 - Reflections took 17 ms to scan 1 urls, producing 7 keys and 37 values 
2025-06-19 11:56:55 INFO  org.reflections.Reflections:229 - Reflections took 8 ms to scan 1 urls, producing 5 keys and 32 values 
2025-06-19 11:57:04 INFO  org.reflections.Reflections:229 - Reflections took 128 ms to scan 1 urls, producing 17 keys and 270 values 
2025-06-19 11:57:04 INFO  org.reflections.Reflections:229 - Reflections took 19 ms to scan 1 urls, producing 7 keys and 37 values 
2025-06-19 11:57:04 INFO  org.reflections.Reflections:229 - Reflections took 8 ms to scan 1 urls, producing 5 keys and 32 values 
2025-06-19 11:57:15 INFO  org.reflections.Reflections:229 - Reflections took 125 ms to scan 1 urls, producing 17 keys and 270 values 
2025-06-19 11:57:15 INFO  org.reflections.Reflections:229 - Reflections took 18 ms to scan 1 urls, producing 7 keys and 37 values 
2025-06-19 11:57:15 INFO  org.reflections.Reflections:229 - Reflections took 9 ms to scan 1 urls, producing 5 keys and 32 values 
2025-06-19 11:58:04 INFO  org.reflections.Reflections:229 - Reflections took 116 ms to scan 1 urls, producing 17 keys and 270 values 
2025-06-19 11:58:04 INFO  org.reflections.Reflections:229 - Reflections took 16 ms to scan 1 urls, producing 7 keys and 37 values 
2025-06-19 11:58:04 INFO  org.reflections.Reflections:229 - Reflections took 7 ms to scan 1 urls, producing 5 keys and 32 values 
2025-06-19 11:58:20 INFO  org.reflections.Reflections:229 - Reflections took 100 ms to scan 1 urls, producing 17 keys and 270 values 
2025-06-19 11:58:20 INFO  org.reflections.Reflections:229 - Reflections took 14 ms to scan 1 urls, producing 7 keys and 37 values 
2025-06-19 11:58:20 INFO  org.reflections.Reflections:229 - Reflections took 7 ms to scan 1 urls, producing 5 keys and 32 values 
2025-06-19 11:58:38 INFO  org.reflections.Reflections:229 - Reflections took 96 ms to scan 1 urls, producing 17 keys and 270 values 
2025-06-19 11:58:38 INFO  org.reflections.Reflections:229 - Reflections took 15 ms to scan 1 urls, producing 7 keys and 37 values 
2025-06-19 11:58:38 INFO  org.reflections.Reflections:229 - Reflections took 7 ms to scan 1 urls, producing 5 keys and 32 values 
2025-06-19 11:59:01 INFO  org.reflections.Reflections:229 - Reflections took 115 ms to scan 1 urls, producing 17 keys and 270 values 
2025-06-19 11:59:03 INFO  org.reflections.Reflections:229 - Reflections took 20 ms to scan 1 urls, producing 7 keys and 37 values 
2025-06-19 11:59:04 INFO  org.reflections.Reflections:229 - Reflections took 10 ms to scan 1 urls, producing 5 keys and 32 values 
2025-06-19 11:59:08 INFO  org.reflections.Reflections:229 - Reflections took 111 ms to scan 1 urls, producing 17 keys and 270 values 
2025-06-19 11:59:08 INFO  org.reflections.Reflections:229 - Reflections took 19 ms to scan 1 urls, producing 7 keys and 37 values 
2025-06-19 11:59:09 INFO  org.reflections.Reflections:229 - Reflections took 7 ms to scan 1 urls, producing 5 keys and 32 values 
2025-06-19 11:59:36 INFO  org.reflections.Reflections:229 - Reflections took 112 ms to scan 1 urls, producing 17 keys and 270 values 
2025-06-19 11:59:36 INFO  org.reflections.Reflections:229 - Reflections took 16 ms to scan 1 urls, producing 7 keys and 37 values 
2025-06-19 11:59:36 INFO  org.reflections.Reflections:229 - Reflections took 8 ms to scan 1 urls, producing 5 keys and 32 values 
2025-06-19 12:00:07 INFO  org.reflections.Reflections:229 - Reflections took 118 ms to scan 1 urls, producing 17 keys and 270 values 
2025-06-19 12:00:08 INFO  org.reflections.Reflections:229 - Reflections took 20 ms to scan 1 urls, producing 7 keys and 37 values 
2025-06-19 12:00:08 INFO  org.reflections.Reflections:229 - Reflections took 8 ms to scan 1 urls, producing 5 keys and 32 values 
2025-06-19 12:00:16 INFO  org.reflections.Reflections:229 - Reflections took 91 ms to scan 1 urls, producing 17 keys and 270 values 
2025-06-19 12:00:16 INFO  org.reflections.Reflections:229 - Reflections took 16 ms to scan 1 urls, producing 7 keys and 37 values 
2025-06-19 12:00:16 INFO  org.reflections.Reflections:229 - Reflections took 9 ms to scan 1 urls, producing 5 keys and 32 values 
2025-06-19 12:00:23 INFO  org.reflections.Reflections:229 - Reflections took 102 ms to scan 1 urls, producing 17 keys and 270 values 
2025-06-19 12:00:23 INFO  org.reflections.Reflections:229 - Reflections took 15 ms to scan 1 urls, producing 7 keys and 37 values 
2025-06-19 12:00:23 INFO  org.reflections.Reflections:229 - Reflections took 8 ms to scan 1 urls, producing 5 keys and 32 values 
2025-06-19 12:00:28 INFO  org.reflections.Reflections:229 - Reflections took 108 ms to scan 1 urls, producing 17 keys and 270 values 
2025-06-19 12:00:28 INFO  org.reflections.Reflections:229 - Reflections took 15 ms to scan 1 urls, producing 7 keys and 37 values 
2025-06-19 12:00:28 INFO  org.reflections.Reflections:229 - Reflections took 7 ms to scan 1 urls, producing 5 keys and 32 values 
2025-06-19 12:00:29 ERROR edu.pitt.dbmi.data.reader.tabular.TabularDataFileReader:920 - Non-continuous number inf on line 1053 at column 20.
java.lang.NumberFormatException: For input string: "inf"
	at sun.misc.FloatingDecimal.readJavaFormatString(FloatingDecimal.java:2043)
	at sun.misc.FloatingDecimal.parseDouble(FloatingDecimal.java:110)
	at java.lang.Double.parseDouble(Double.java:538)
	at edu.pitt.dbmi.data.reader.tabular.TabularDataFileReader.readInContinuousData(TabularDataFileReader.java:917)
	at edu.pitt.dbmi.data.reader.tabular.TabularDataFileReader.read(TabularDataFileReader.java:319)
	at edu.pitt.dbmi.data.reader.tabular.ContinuousTabularDatasetFileReader.readInData(ContinuousTabularDatasetFileReader.java:68)
	at edu.pitt.dbmi.data.reader.tabular.ContinuousTabularDatasetFileReader.readInData(ContinuousTabularDatasetFileReader.java:49)
2025-06-19 12:19:41 INFO  org.reflections.Reflections:229 - Reflections took 74 ms to scan 1 urls, producing 17 keys and 270 values 
2025-06-19 12:19:41 INFO  org.reflections.Reflections:229 - Reflections took 14 ms to scan 1 urls, producing 7 keys and 37 values 
2025-06-19 12:19:41 INFO  org.reflections.Reflections:229 - Reflections took 5 ms to scan 1 urls, producing 5 keys and 32 values 
2025-06-19 12:19:41 INFO  org.reflections.Reflections:229 - Reflections took 56 ms to scan 1 urls, producing 17 keys and 270 values 
2025-06-19 12:19:41 INFO  org.reflections.Reflections:229 - Reflections took 11 ms to scan 1 urls, producing 7 keys and 37 values 
2025-06-19 12:19:41 INFO  org.reflections.Reflections:229 - Reflections took 6 ms to scan 1 urls, producing 5 keys and 32 values 
2025-06-19 12:19:43 INFO  org.reflections.Reflections:229 - Reflections took 140 ms to scan 1 urls, producing 17 keys and 270 values 
2025-06-19 12:19:43 INFO  org.reflections.Reflections:229 - Reflections took 24 ms to scan 1 urls, producing 7 keys and 37 values 
2025-06-19 12:19:43 INFO  org.reflections.Reflections:229 - Reflections took 12 ms to scan 1 urls, producing 5 keys and 32 values 
2025-06-19 12:19:44 INFO  org.reflections.Reflections:229 - Reflections took 112 ms to scan 1 urls, producing 17 keys and 270 values 
2025-06-19 12:19:44 INFO  org.reflections.Reflections:229 - Reflections took 26 ms to scan 1 urls, producing 7 keys and 37 values 
2025-06-19 12:19:44 INFO  org.reflections.Reflections:229 - Reflections took 14 ms to scan 1 urls, producing 5 keys and 32 values 
2025-06-19 12:19:45 INFO  org.reflections.Reflections:229 - Reflections took 149 ms to scan 1 urls, producing 17 keys and 270 values 
2025-06-19 12:19:45 INFO  org.reflections.Reflections:229 - Reflections took 25 ms to scan 1 urls, producing 7 keys and 37 values 
2025-06-19 12:19:45 INFO  org.reflections.Reflections:229 - Reflections took 19 ms to scan 1 urls, producing 5 keys and 32 values 
2025-06-19 12:19:46 INFO  org.reflections.Reflections:229 - Reflections took 117 ms to scan 1 urls, producing 17 keys and 270 values 
2025-06-19 12:19:46 INFO  org.reflections.Reflections:229 - Reflections took 22 ms to scan 1 urls, producing 7 keys and 37 values 
2025-06-19 12:19:46 INFO  org.reflections.Reflections:229 - Reflections took 13 ms to scan 1 urls, producing 5 keys and 32 values 
2025-06-19 12:19:47 INFO  org.reflections.Reflections:229 - Reflections took 253 ms to scan 1 urls, producing 17 keys and 270 values 
2025-06-19 12:19:47 INFO  org.reflections.Reflections:229 - Reflections took 55 ms to scan 1 urls, producing 7 keys and 37 values 
2025-06-19 12:19:48 INFO  org.reflections.Reflections:229 - Reflections took 14 ms to scan 1 urls, producing 5 keys and 32 values 
2025-06-19 12:19:49 INFO  org.reflections.Reflections:229 - Reflections took 206 ms to scan 1 urls, producing 17 keys and 270 values 
2025-06-19 12:19:49 INFO  org.reflections.Reflections:229 - Reflections took 30 ms to scan 1 urls, producing 7 keys and 37 values 
2025-06-19 12:19:49 INFO  org.reflections.Reflections:229 - Reflections took 11 ms to scan 1 urls, producing 5 keys and 32 values 
2025-06-19 12:19:49 INFO  org.reflections.Reflections:229 - Reflections took 155 ms to scan 1 urls, producing 17 keys and 270 values 
2025-06-19 12:19:50 INFO  org.reflections.Reflections:229 - Reflections took 34 ms to scan 1 urls, producing 7 keys and 37 values 
2025-06-19 12:19:50 INFO  org.reflections.Reflections:229 - Reflections took 13 ms to scan 1 urls, producing 5 keys and 32 values 
2025-06-19 12:19:50 INFO  org.reflections.Reflections:229 - Reflections took 348 ms to scan 1 urls, producing 17 keys and 270 values 
2025-06-19 12:19:51 INFO  org.reflections.Reflections:229 - Reflections took 85 ms to scan 1 urls, producing 7 keys and 37 values 
2025-06-19 12:19:51 INFO  org.reflections.Reflections:229 - Reflections took 21 ms to scan 1 urls, producing 5 keys and 32 values 
2025-06-19 12:19:52 INFO  org.reflections.Reflections:229 - Reflections took 240 ms to scan 1 urls, producing 17 keys and 270 values 
2025-06-19 12:19:53 INFO  org.reflections.Reflections:229 - Reflections took 71 ms to scan 1 urls, producing 7 keys and 37 values 
2025-06-19 12:19:53 INFO  org.reflections.Reflections:229 - Reflections took 22 ms to scan 1 urls, producing 5 keys and 32 values 
2025-06-19 12:19:53 INFO  org.reflections.Reflections:229 - Reflections took 294 ms to scan 1 urls, producing 17 keys and 270 values 
2025-06-19 12:19:54 INFO  org.reflections.Reflections:229 - Reflections took 72 ms to scan 1 urls, producing 7 keys and 37 values 
2025-06-19 12:19:54 INFO  org.reflections.Reflections:229 - Reflections took 38 ms to scan 1 urls, producing 5 keys and 32 values 
2025-06-19 12:20:35 INFO  org.reflections.Reflections:229 - Reflections took 103 ms to scan 1 urls, producing 17 keys and 270 values 
2025-06-19 12:20:35 INFO  org.reflections.Reflections:229 - Reflections took 17 ms to scan 1 urls, producing 7 keys and 37 values 
2025-06-19 12:20:35 INFO  org.reflections.Reflections:229 - Reflections took 7 ms to scan 1 urls, producing 5 keys and 32 values 
2025-06-19 12:20:41 INFO  org.reflections.Reflections:229 - Reflections took 107 ms to scan 1 urls, producing 17 keys and 270 values 
2025-06-19 12:20:42 INFO  org.reflections.Reflections:229 - Reflections took 19 ms to scan 1 urls, producing 7 keys and 37 values 
2025-06-19 12:20:42 INFO  org.reflections.Reflections:229 - Reflections took 8 ms to scan 1 urls, producing 5 keys and 32 values 
2025-06-19 12:20:48 INFO  org.reflections.Reflections:229 - Reflections took 95 ms to scan 1 urls, producing 17 keys and 270 values 
2025-06-19 12:20:49 INFO  org.reflections.Reflections:229 - Reflections took 19 ms to scan 1 urls, producing 7 keys and 37 values 
2025-06-19 12:20:49 INFO  org.reflections.Reflections:229 - Reflections took 6 ms to scan 1 urls, producing 5 keys and 32 values 
2025-06-19 12:20:58 INFO  org.reflections.Reflections:229 - Reflections took 112 ms to scan 1 urls, producing 17 keys and 270 values 
2025-06-19 12:20:58 INFO  org.reflections.Reflections:229 - Reflections took 25 ms to scan 1 urls, producing 7 keys and 37 values 
2025-06-19 12:20:58 INFO  org.reflections.Reflections:229 - Reflections took 12 ms to scan 1 urls, producing 5 keys and 32 values 
2025-06-19 12:21:04 INFO  org.reflections.Reflections:229 - Reflections took 102 ms to scan 1 urls, producing 17 keys and 270 values 
2025-06-19 12:21:04 INFO  org.reflections.Reflections:229 - Reflections took 14 ms to scan 1 urls, producing 7 keys and 37 values 
2025-06-19 12:21:04 INFO  org.reflections.Reflections:229 - Reflections took 8 ms to scan 1 urls, producing 5 keys and 32 values 
2025-06-19 12:21:16 INFO  org.reflections.Reflections:229 - Reflections took 102 ms to scan 1 urls, producing 17 keys and 270 values 
2025-06-19 12:21:16 INFO  org.reflections.Reflections:229 - Reflections took 24 ms to scan 1 urls, producing 7 keys and 37 values 
2025-06-19 12:21:16 INFO  org.reflections.Reflections:229 - Reflections took 6 ms to scan 1 urls, producing 5 keys and 32 values 
2025-06-19 12:21:22 INFO  org.reflections.Reflections:229 - Reflections took 115 ms to scan 1 urls, producing 17 keys and 270 values 
2025-06-19 12:21:22 INFO  org.reflections.Reflections:229 - Reflections took 24 ms to scan 1 urls, producing 7 keys and 37 values 
2025-06-19 12:21:22 INFO  org.reflections.Reflections:229 - Reflections took 6 ms to scan 1 urls, producing 5 keys and 32 values 
2025-06-19 12:21:29 INFO  org.reflections.Reflections:229 - Reflections took 116 ms to scan 1 urls, producing 17 keys and 270 values 
2025-06-19 12:21:29 INFO  org.reflections.Reflections:229 - Reflections took 17 ms to scan 1 urls, producing 7 keys and 37 values 
2025-06-19 12:21:29 INFO  org.reflections.Reflections:229 - Reflections took 8 ms to scan 1 urls, producing 5 keys and 32 values 
2025-06-19 12:21:36 INFO  org.reflections.Reflections:229 - Reflections took 108 ms to scan 1 urls, producing 17 keys and 270 values 
2025-06-19 12:21:36 INFO  org.reflections.Reflections:229 - Reflections took 16 ms to scan 1 urls, producing 7 keys and 37 values 
2025-06-19 12:21:36 INFO  org.reflections.Reflections:229 - Reflections took 7 ms to scan 1 urls, producing 5 keys and 32 values 
2025-06-19 12:21:41 INFO  org.reflections.Reflections:229 - Reflections took 91 ms to scan 1 urls, producing 17 keys and 270 values 
2025-06-19 12:21:41 INFO  org.reflections.Reflections:229 - Reflections took 12 ms to scan 1 urls, producing 7 keys and 37 values 
2025-06-19 12:21:41 INFO  org.reflections.Reflections:229 - Reflections took 7 ms to scan 1 urls, producing 5 keys and 32 values 
2025-06-19 12:21:49 INFO  org.reflections.Reflections:229 - Reflections took 122 ms to scan 1 urls, producing 17 keys and 270 values 
2025-06-19 12:21:49 INFO  org.reflections.Reflections:229 - Reflections took 14 ms to scan 1 urls, producing 7 keys and 37 values 
2025-06-19 12:21:49 INFO  org.reflections.Reflections:229 - Reflections took 7 ms to scan 1 urls, producing 5 keys and 32 values 
2025-06-19 12:21:54 INFO  org.reflections.Reflections:229 - Reflections took 100 ms to scan 1 urls, producing 17 keys and 270 values 
2025-06-19 12:21:54 INFO  org.reflections.Reflections:229 - Reflections took 15 ms to scan 1 urls, producing 7 keys and 37 values 
2025-06-19 12:21:54 INFO  org.reflections.Reflections:229 - Reflections took 6 ms to scan 1 urls, producing 5 keys and 32 values 
2025-06-19 12:21:59 INFO  org.reflections.Reflections:229 - Reflections took 100 ms to scan 1 urls, producing 17 keys and 270 values 
2025-06-19 12:21:59 INFO  org.reflections.Reflections:229 - Reflections took 17 ms to scan 1 urls, producing 7 keys and 37 values 
2025-06-19 12:21:59 INFO  org.reflections.Reflections:229 - Reflections took 8 ms to scan 1 urls, producing 5 keys and 32 values 
2025-06-19 12:22:08 INFO  org.reflections.Reflections:229 - Reflections took 105 ms to scan 1 urls, producing 17 keys and 270 values 
2025-06-19 12:22:08 INFO  org.reflections.Reflections:229 - Reflections took 17 ms to scan 1 urls, producing 7 keys and 37 values 
2025-06-19 12:22:08 INFO  org.reflections.Reflections:229 - Reflections took 9 ms to scan 1 urls, producing 5 keys and 32 values 
2025-06-19 12:22:14 INFO  org.reflections.Reflections:229 - Reflections took 120 ms to scan 1 urls, producing 17 keys and 270 values 
2025-06-19 12:22:14 INFO  org.reflections.Reflections:229 - Reflections took 16 ms to scan 1 urls, producing 7 keys and 37 values 
2025-06-19 12:22:14 INFO  org.reflections.Reflections:229 - Reflections took 6 ms to scan 1 urls, producing 5 keys and 32 values 
2025-06-19 12:22:18 INFO  org.reflections.Reflections:229 - Reflections took 144 ms to scan 1 urls, producing 17 keys and 270 values 
2025-06-19 12:22:18 INFO  org.reflections.Reflections:229 - Reflections took 23 ms to scan 1 urls, producing 7 keys and 37 values 
2025-06-19 12:22:18 INFO  org.reflections.Reflections:229 - Reflections took 9 ms to scan 1 urls, producing 5 keys and 32 values 
2025-06-19 12:22:23 INFO  org.reflections.Reflections:229 - Reflections took 115 ms to scan 1 urls, producing 17 keys and 270 values 
2025-06-19 12:22:23 INFO  org.reflections.Reflections:229 - Reflections took 22 ms to scan 1 urls, producing 7 keys and 37 values 
2025-06-19 12:22:23 INFO  org.reflections.Reflections:229 - Reflections took 7 ms to scan 1 urls, producing 5 keys and 32 values 
2025-06-19 12:22:42 INFO  org.reflections.Reflections:229 - Reflections took 101 ms to scan 1 urls, producing 17 keys and 270 values 
2025-06-19 12:22:42 INFO  org.reflections.Reflections:229 - Reflections took 18 ms to scan 1 urls, producing 7 keys and 37 values 
2025-06-19 12:22:42 INFO  org.reflections.Reflections:229 - Reflections took 7 ms to scan 1 urls, producing 5 keys and 32 values 
2025-06-19 12:22:49 INFO  org.reflections.Reflections:229 - Reflections took 110 ms to scan 1 urls, producing 17 keys and 270 values 
2025-06-19 12:22:49 INFO  org.reflections.Reflections:229 - Reflections took 19 ms to scan 1 urls, producing 7 keys and 37 values 
2025-06-19 12:22:49 INFO  org.reflections.Reflections:229 - Reflections took 8 ms to scan 1 urls, producing 5 keys and 32 values 
2025-06-19 12:22:59 INFO  org.reflections.Reflections:229 - Reflections took 113 ms to scan 1 urls, producing 17 keys and 270 values 
2025-06-19 12:22:59 INFO  org.reflections.Reflections:229 - Reflections took 16 ms to scan 1 urls, producing 7 keys and 37 values 
2025-06-19 12:22:59 INFO  org.reflections.Reflections:229 - Reflections took 7 ms to scan 1 urls, producing 5 keys and 32 values 
2025-06-19 12:23:15 INFO  org.reflections.Reflections:229 - Reflections took 102 ms to scan 1 urls, producing 17 keys and 270 values 
2025-06-19 12:23:16 INFO  org.reflections.Reflections:229 - Reflections took 15 ms to scan 1 urls, producing 7 keys and 37 values 
2025-06-19 12:23:16 INFO  org.reflections.Reflections:229 - Reflections took 8 ms to scan 1 urls, producing 5 keys and 32 values 
2025-06-19 12:23:27 INFO  org.reflections.Reflections:229 - Reflections took 94 ms to scan 1 urls, producing 17 keys and 270 values 
2025-06-19 12:23:27 INFO  org.reflections.Reflections:229 - Reflections took 18 ms to scan 1 urls, producing 7 keys and 37 values 
2025-06-19 12:23:27 INFO  org.reflections.Reflections:229 - Reflections took 7 ms to scan 1 urls, producing 5 keys and 32 values 
2025-06-19 12:23:34 INFO  org.reflections.Reflections:229 - Reflections took 104 ms to scan 1 urls, producing 17 keys and 270 values 
2025-06-19 12:23:34 INFO  org.reflections.Reflections:229 - Reflections took 15 ms to scan 1 urls, producing 7 keys and 37 values 
2025-06-19 12:23:34 INFO  org.reflections.Reflections:229 - Reflections took 6 ms to scan 1 urls, producing 5 keys and 32 values 
2025-06-19 12:23:49 INFO  org.reflections.Reflections:229 - Reflections took 105 ms to scan 1 urls, producing 17 keys and 270 values 
2025-06-19 12:23:49 INFO  org.reflections.Reflections:229 - Reflections took 14 ms to scan 1 urls, producing 7 keys and 37 values 
2025-06-19 12:23:49 INFO  org.reflections.Reflections:229 - Reflections took 7 ms to scan 1 urls, producing 5 keys and 32 values 
2025-06-19 12:24:01 INFO  org.reflections.Reflections:229 - Reflections took 95 ms to scan 1 urls, producing 17 keys and 270 values 
2025-06-19 12:24:01 INFO  org.reflections.Reflections:229 - Reflections took 21 ms to scan 1 urls, producing 7 keys and 37 values 
2025-06-19 12:24:01 INFO  org.reflections.Reflections:229 - Reflections took 8 ms to scan 1 urls, producing 5 keys and 32 values 
2025-06-19 12:24:17 INFO  org.reflections.Reflections:229 - Reflections took 102 ms to scan 1 urls, producing 17 keys and 270 values 
2025-06-19 12:24:17 INFO  org.reflections.Reflections:229 - Reflections took 39 ms to scan 1 urls, producing 7 keys and 37 values 
2025-06-19 12:24:17 INFO  org.reflections.Reflections:229 - Reflections took 7 ms to scan 1 urls, producing 5 keys and 32 values 
2025-06-19 12:24:30 INFO  org.reflections.Reflections:229 - Reflections took 114 ms to scan 1 urls, producing 17 keys and 270 values 
2025-06-19 12:24:30 INFO  org.reflections.Reflections:229 - Reflections took 17 ms to scan 1 urls, producing 7 keys and 37 values 
2025-06-19 12:24:30 INFO  org.reflections.Reflections:229 - Reflections took 8 ms to scan 1 urls, producing 5 keys and 32 values 
2025-06-19 12:25:01 INFO  org.reflections.Reflections:229 - Reflections took 94 ms to scan 1 urls, producing 17 keys and 270 values 
2025-06-19 12:25:01 INFO  org.reflections.Reflections:229 - Reflections took 15 ms to scan 1 urls, producing 7 keys and 37 values 
2025-06-19 12:25:01 INFO  org.reflections.Reflections:229 - Reflections took 7 ms to scan 1 urls, producing 5 keys and 32 values 
2025-06-19 12:25:01 ERROR edu.pitt.dbmi.data.reader.tabular.TabularDataFileReader:920 - Non-continuous number inf on line 1053 at column 20.
java.lang.NumberFormatException: For input string: "inf"
	at sun.misc.FloatingDecimal.readJavaFormatString(FloatingDecimal.java:2043)
	at sun.misc.FloatingDecimal.parseDouble(FloatingDecimal.java:110)
	at java.lang.Double.parseDouble(Double.java:538)
	at edu.pitt.dbmi.data.reader.tabular.TabularDataFileReader.readInContinuousData(TabularDataFileReader.java:917)
	at edu.pitt.dbmi.data.reader.tabular.TabularDataFileReader.read(TabularDataFileReader.java:319)
	at edu.pitt.dbmi.data.reader.tabular.ContinuousTabularDatasetFileReader.readInData(ContinuousTabularDatasetFileReader.java:68)
	at edu.pitt.dbmi.data.reader.tabular.ContinuousTabularDatasetFileReader.readInData(ContinuousTabularDatasetFileReader.java:49)
2025-06-19 12:33:07 INFO  org.reflections.Reflections:229 - Reflections took 76 ms to scan 1 urls, producing 17 keys and 270 values 
2025-06-19 12:33:07 INFO  org.reflections.Reflections:229 - Reflections took 12 ms to scan 1 urls, producing 7 keys and 37 values 
2025-06-19 12:33:07 INFO  org.reflections.Reflections:229 - Reflections took 6 ms to scan 1 urls, producing 5 keys and 32 values 
2025-06-19 12:33:07 INFO  org.reflections.Reflections:229 - Reflections took 60 ms to scan 1 urls, producing 17 keys and 270 values 
2025-06-19 12:33:07 INFO  org.reflections.Reflections:229 - Reflections took 14 ms to scan 1 urls, producing 7 keys and 37 values 
2025-06-19 12:33:07 INFO  org.reflections.Reflections:229 - Reflections took 6 ms to scan 1 urls, producing 5 keys and 32 values 
2025-06-19 12:33:09 INFO  org.reflections.Reflections:229 - Reflections took 184 ms to scan 1 urls, producing 17 keys and 270 values 
2025-06-19 12:33:09 INFO  org.reflections.Reflections:229 - Reflections took 33 ms to scan 1 urls, producing 7 keys and 37 values 
2025-06-19 12:33:09 INFO  org.reflections.Reflections:229 - Reflections took 16 ms to scan 1 urls, producing 5 keys and 32 values 
2025-06-19 12:33:10 INFO  org.reflections.Reflections:229 - Reflections took 181 ms to scan 1 urls, producing 17 keys and 270 values 
2025-06-19 12:33:10 INFO  org.reflections.Reflections:229 - Reflections took 49 ms to scan 1 urls, producing 7 keys and 37 values 
2025-06-19 12:33:10 INFO  org.reflections.Reflections:229 - Reflections took 15 ms to scan 1 urls, producing 5 keys and 32 values 
2025-06-19 12:33:11 INFO  org.reflections.Reflections:229 - Reflections took 161 ms to scan 1 urls, producing 17 keys and 270 values 
2025-06-19 12:33:11 INFO  org.reflections.Reflections:229 - Reflections took 35 ms to scan 1 urls, producing 7 keys and 37 values 
2025-06-19 12:33:11 INFO  org.reflections.Reflections:229 - Reflections took 12 ms to scan 1 urls, producing 5 keys and 32 values 
2025-06-19 12:33:12 INFO  org.reflections.Reflections:229 - Reflections took 235 ms to scan 1 urls, producing 17 keys and 270 values 
2025-06-19 12:33:12 INFO  org.reflections.Reflections:229 - Reflections took 55 ms to scan 1 urls, producing 7 keys and 37 values 
2025-06-19 12:33:13 INFO  org.reflections.Reflections:229 - Reflections took 13 ms to scan 1 urls, producing 5 keys and 32 values 
2025-06-19 12:33:13 INFO  org.reflections.Reflections:229 - Reflections took 158 ms to scan 1 urls, producing 17 keys and 270 values 
2025-06-19 12:33:14 INFO  org.reflections.Reflections:229 - Reflections took 47 ms to scan 1 urls, producing 7 keys and 37 values 
2025-06-19 12:33:14 INFO  org.reflections.Reflections:229 - Reflections took 12 ms to scan 1 urls, producing 5 keys and 32 values 
2025-06-19 12:33:14 INFO  org.reflections.Reflections:229 - Reflections took 160 ms to scan 1 urls, producing 17 keys and 270 values 
2025-06-19 12:33:15 INFO  org.reflections.Reflections:229 - Reflections took 35 ms to scan 1 urls, producing 7 keys and 37 values 
2025-06-19 12:33:15 INFO  org.reflections.Reflections:229 - Reflections took 16 ms to scan 1 urls, producing 5 keys and 32 values 
2025-06-19 12:33:16 INFO  org.reflections.Reflections:229 - Reflections took 235 ms to scan 1 urls, producing 17 keys and 270 values 
2025-06-19 12:33:16 INFO  org.reflections.Reflections:229 - Reflections took 33 ms to scan 1 urls, producing 7 keys and 37 values 
2025-06-19 12:33:16 INFO  org.reflections.Reflections:229 - Reflections took 17 ms to scan 1 urls, producing 5 keys and 32 values 
2025-06-19 12:33:17 INFO  org.reflections.Reflections:229 - Reflections took 223 ms to scan 1 urls, producing 17 keys and 270 values 
2025-06-19 12:33:17 INFO  org.reflections.Reflections:229 - Reflections took 32 ms to scan 1 urls, producing 7 keys and 37 values 
2025-06-19 12:33:17 INFO  org.reflections.Reflections:229 - Reflections took 23 ms to scan 1 urls, producing 5 keys and 32 values 
2025-06-19 12:33:18 INFO  org.reflections.Reflections:229 - Reflections took 232 ms to scan 1 urls, producing 17 keys and 270 values 
2025-06-19 12:33:18 INFO  org.reflections.Reflections:229 - Reflections took 57 ms to scan 1 urls, producing 7 keys and 37 values 
2025-06-19 12:33:18 INFO  org.reflections.Reflections:229 - Reflections took 17 ms to scan 1 urls, producing 5 keys and 32 values 
2025-06-19 12:33:19 INFO  org.reflections.Reflections:229 - Reflections took 201 ms to scan 1 urls, producing 17 keys and 270 values 
2025-06-19 12:33:19 INFO  org.reflections.Reflections:229 - Reflections took 69 ms to scan 1 urls, producing 7 keys and 37 values 
2025-06-19 12:33:19 INFO  org.reflections.Reflections:229 - Reflections took 12 ms to scan 1 urls, producing 5 keys and 32 values 
2025-06-19 12:33:54 INFO  org.reflections.Reflections:229 - Reflections took 113 ms to scan 1 urls, producing 17 keys and 270 values 
2025-06-19 12:33:54 INFO  org.reflections.Reflections:229 - Reflections took 16 ms to scan 1 urls, producing 7 keys and 37 values 
2025-06-19 12:33:54 INFO  org.reflections.Reflections:229 - Reflections took 7 ms to scan 1 urls, producing 5 keys and 32 values 
2025-06-19 12:34:00 INFO  org.reflections.Reflections:229 - Reflections took 104 ms to scan 1 urls, producing 17 keys and 270 values 
2025-06-19 12:34:00 INFO  org.reflections.Reflections:229 - Reflections took 15 ms to scan 1 urls, producing 7 keys and 37 values 
2025-06-19 12:34:00 INFO  org.reflections.Reflections:229 - Reflections took 8 ms to scan 1 urls, producing 5 keys and 32 values 
2025-06-19 12:34:16 INFO  org.reflections.Reflections:229 - Reflections took 128 ms to scan 1 urls, producing 17 keys and 270 values 
2025-06-19 12:34:17 INFO  org.reflections.Reflections:229 - Reflections took 19 ms to scan 1 urls, producing 7 keys and 37 values 
2025-06-19 12:34:17 INFO  org.reflections.Reflections:229 - Reflections took 9 ms to scan 1 urls, producing 5 keys and 32 values 
2025-06-19 12:34:28 INFO  org.reflections.Reflections:229 - Reflections took 153 ms to scan 1 urls, producing 17 keys and 270 values 
2025-06-19 12:34:28 INFO  org.reflections.Reflections:229 - Reflections took 20 ms to scan 1 urls, producing 7 keys and 37 values 
2025-06-19 12:34:28 INFO  org.reflections.Reflections:229 - Reflections took 14 ms to scan 1 urls, producing 5 keys and 32 values 
2025-06-19 12:34:34 INFO  org.reflections.Reflections:229 - Reflections took 99 ms to scan 1 urls, producing 17 keys and 270 values 
2025-06-19 12:34:34 INFO  org.reflections.Reflections:229 - Reflections took 15 ms to scan 1 urls, producing 7 keys and 37 values 
2025-06-19 12:34:34 INFO  org.reflections.Reflections:229 - Reflections took 9 ms to scan 1 urls, producing 5 keys and 32 values 
2025-06-19 12:34:44 INFO  org.reflections.Reflections:229 - Reflections took 105 ms to scan 1 urls, producing 17 keys and 270 values 
2025-06-19 12:34:44 INFO  org.reflections.Reflections:229 - Reflections took 16 ms to scan 1 urls, producing 7 keys and 37 values 
2025-06-19 12:34:44 INFO  org.reflections.Reflections:229 - Reflections took 9 ms to scan 1 urls, producing 5 keys and 32 values 
2025-06-19 12:35:03 INFO  org.reflections.Reflections:229 - Reflections took 122 ms to scan 1 urls, producing 17 keys and 270 values 
2025-06-19 12:35:03 INFO  org.reflections.Reflections:229 - Reflections took 15 ms to scan 1 urls, producing 7 keys and 37 values 
2025-06-19 12:35:03 INFO  org.reflections.Reflections:229 - Reflections took 6 ms to scan 1 urls, producing 5 keys and 32 values 
2025-06-19 12:35:26 INFO  org.reflections.Reflections:229 - Reflections took 112 ms to scan 1 urls, producing 17 keys and 270 values 
2025-06-19 12:35:26 INFO  org.reflections.Reflections:229 - Reflections took 27 ms to scan 1 urls, producing 7 keys and 37 values 
2025-06-19 12:35:26 INFO  org.reflections.Reflections:229 - Reflections took 7 ms to scan 1 urls, producing 5 keys and 32 values 
2025-06-19 12:35:51 INFO  org.reflections.Reflections:229 - Reflections took 105 ms to scan 1 urls, producing 17 keys and 270 values 
2025-06-19 12:35:51 INFO  org.reflections.Reflections:229 - Reflections took 21 ms to scan 1 urls, producing 7 keys and 37 values 
2025-06-19 12:35:51 INFO  org.reflections.Reflections:229 - Reflections took 7 ms to scan 1 urls, producing 5 keys and 32 values 
2025-06-19 12:36:11 INFO  org.reflections.Reflections:229 - Reflections took 101 ms to scan 1 urls, producing 17 keys and 270 values 
2025-06-19 12:36:11 INFO  org.reflections.Reflections:229 - Reflections took 16 ms to scan 1 urls, producing 7 keys and 37 values 
2025-06-19 12:36:11 INFO  org.reflections.Reflections:229 - Reflections took 10 ms to scan 1 urls, producing 5 keys and 32 values 
2025-06-19 12:37:20 INFO  org.reflections.Reflections:229 - Reflections took 104 ms to scan 1 urls, producing 17 keys and 270 values 
2025-06-19 12:37:20 INFO  org.reflections.Reflections:229 - Reflections took 22 ms to scan 1 urls, producing 7 keys and 37 values 
2025-06-19 12:37:20 INFO  org.reflections.Reflections:229 - Reflections took 6 ms to scan 1 urls, producing 5 keys and 32 values 
2025-06-19 12:37:52 INFO  org.reflections.Reflections:229 - Reflections took 90 ms to scan 1 urls, producing 17 keys and 270 values 
2025-06-19 12:37:52 INFO  org.reflections.Reflections:229 - Reflections took 16 ms to scan 1 urls, producing 7 keys and 37 values 
2025-06-19 12:37:52 INFO  org.reflections.Reflections:229 - Reflections took 7 ms to scan 1 urls, producing 5 keys and 32 values 
2025-06-19 12:38:08 INFO  org.reflections.Reflections:229 - Reflections took 104 ms to scan 1 urls, producing 17 keys and 270 values 
2025-06-19 12:38:08 INFO  org.reflections.Reflections:229 - Reflections took 14 ms to scan 1 urls, producing 7 keys and 37 values 
2025-06-19 12:38:08 INFO  org.reflections.Reflections:229 - Reflections took 6 ms to scan 1 urls, producing 5 keys and 32 values 
2025-06-19 12:38:41 INFO  org.reflections.Reflections:229 - Reflections took 79 ms to scan 1 urls, producing 17 keys and 270 values 
2025-06-19 12:38:41 INFO  org.reflections.Reflections:229 - Reflections took 18 ms to scan 1 urls, producing 7 keys and 37 values 
2025-06-19 12:38:41 INFO  org.reflections.Reflections:229 - Reflections took 6 ms to scan 1 urls, producing 5 keys and 32 values 
2025-06-19 12:43:15 INFO  org.reflections.Reflections:229 - Reflections took 99 ms to scan 1 urls, producing 17 keys and 270 values 
2025-06-19 12:43:15 INFO  org.reflections.Reflections:229 - Reflections took 18 ms to scan 1 urls, producing 7 keys and 37 values 
2025-06-19 12:43:15 INFO  org.reflections.Reflections:229 - Reflections took 9 ms to scan 1 urls, producing 5 keys and 32 values 
2025-06-19 12:43:59 INFO  org.reflections.Reflections:229 - Reflections took 80 ms to scan 1 urls, producing 17 keys and 270 values 
2025-06-19 12:43:59 INFO  org.reflections.Reflections:229 - Reflections took 14 ms to scan 1 urls, producing 7 keys and 37 values 
2025-06-19 12:43:59 INFO  org.reflections.Reflections:229 - Reflections took 7 ms to scan 1 urls, producing 5 keys and 32 values 
2025-06-19 15:13:00 INFO  org.reflections.Reflections:229 - Reflections took 77 ms to scan 1 urls, producing 17 keys and 270 values 
2025-06-19 15:13:00 INFO  org.reflections.Reflections:229 - Reflections took 17 ms to scan 1 urls, producing 7 keys and 37 values 
2025-06-19 15:13:00 INFO  org.reflections.Reflections:229 - Reflections took 5 ms to scan 1 urls, producing 5 keys and 32 values 
2025-06-19 15:13:14 INFO  org.reflections.Reflections:229 - Reflections took 55 ms to scan 1 urls, producing 17 keys and 270 values 
2025-06-19 15:13:14 INFO  org.reflections.Reflections:229 - Reflections took 14 ms to scan 1 urls, producing 7 keys and 37 values 
2025-06-19 15:13:14 INFO  org.reflections.Reflections:229 - Reflections took 5 ms to scan 1 urls, producing 5 keys and 32 values 
2025-06-19 15:13:15 INFO  org.reflections.Reflections:229 - Reflections took 87 ms to scan 1 urls, producing 17 keys and 270 values 
2025-06-19 15:13:15 INFO  org.reflections.Reflections:229 - Reflections took 15 ms to scan 1 urls, producing 7 keys and 37 values 
2025-06-19 15:13:15 INFO  org.reflections.Reflections:229 - Reflections took 6 ms to scan 1 urls, producing 5 keys and 32 values 
2025-06-19 15:13:16 INFO  org.reflections.Reflections:229 - Reflections took 85 ms to scan 1 urls, producing 17 keys and 270 values 
2025-06-19 15:13:16 INFO  org.reflections.Reflections:229 - Reflections took 22 ms to scan 1 urls, producing 7 keys and 37 values 
2025-06-19 15:13:17 INFO  org.reflections.Reflections:229 - Reflections took 5 ms to scan 1 urls, producing 5 keys and 32 values 
2025-06-19 15:13:18 INFO  org.reflections.Reflections:229 - Reflections took 116 ms to scan 1 urls, producing 17 keys and 270 values 
2025-06-19 15:13:18 INFO  org.reflections.Reflections:229 - Reflections took 24 ms to scan 1 urls, producing 7 keys and 37 values 
2025-06-19 15:13:18 INFO  org.reflections.Reflections:229 - Reflections took 10 ms to scan 1 urls, producing 5 keys and 32 values 
2025-06-19 15:13:19 INFO  org.reflections.Reflections:229 - Reflections took 133 ms to scan 1 urls, producing 17 keys and 270 values 
2025-06-19 15:13:19 INFO  org.reflections.Reflections:229 - Reflections took 19 ms to scan 1 urls, producing 7 keys and 37 values 
2025-06-19 15:13:19 INFO  org.reflections.Reflections:229 - Reflections took 9 ms to scan 1 urls, producing 5 keys and 32 values 
2025-06-19 15:13:20 INFO  org.reflections.Reflections:229 - Reflections took 111 ms to scan 1 urls, producing 17 keys and 270 values 
2025-06-19 15:13:20 INFO  org.reflections.Reflections:229 - Reflections took 35 ms to scan 1 urls, producing 7 keys and 37 values 
2025-06-19 15:13:20 INFO  org.reflections.Reflections:229 - Reflections took 13 ms to scan 1 urls, producing 5 keys and 32 values 
2025-06-19 15:13:21 INFO  org.reflections.Reflections:229 - Reflections took 195 ms to scan 1 urls, producing 17 keys and 270 values 
2025-06-19 15:13:21 INFO  org.reflections.Reflections:229 - Reflections took 40 ms to scan 1 urls, producing 7 keys and 37 values 
2025-06-19 15:13:21 INFO  org.reflections.Reflections:229 - Reflections took 12 ms to scan 1 urls, producing 5 keys and 32 values 
2025-06-19 15:13:22 INFO  org.reflections.Reflections:229 - Reflections took 164 ms to scan 1 urls, producing 17 keys and 270 values 
2025-06-19 15:13:22 INFO  org.reflections.Reflections:229 - Reflections took 35 ms to scan 1 urls, producing 7 keys and 37 values 
2025-06-19 15:13:23 INFO  org.reflections.Reflections:229 - Reflections took 17 ms to scan 1 urls, producing 5 keys and 32 values 
2025-06-19 15:13:23 INFO  org.reflections.Reflections:229 - Reflections took 144 ms to scan 1 urls, producing 17 keys and 270 values 
2025-06-19 15:13:23 INFO  org.reflections.Reflections:229 - Reflections took 52 ms to scan 1 urls, producing 7 keys and 37 values 
2025-06-19 15:13:24 INFO  org.reflections.Reflections:229 - Reflections took 14 ms to scan 1 urls, producing 5 keys and 32 values 
2025-06-19 15:13:24 INFO  org.reflections.Reflections:229 - Reflections took 195 ms to scan 1 urls, producing 17 keys and 270 values 
2025-06-19 15:13:25 INFO  org.reflections.Reflections:229 - Reflections took 46 ms to scan 1 urls, producing 7 keys and 37 values 
2025-06-19 15:13:25 INFO  org.reflections.Reflections:229 - Reflections took 42 ms to scan 1 urls, producing 5 keys and 32 values 
2025-06-19 15:13:26 INFO  org.reflections.Reflections:229 - Reflections took 232 ms to scan 1 urls, producing 17 keys and 270 values 
2025-06-19 15:13:26 INFO  org.reflections.Reflections:229 - Reflections took 60 ms to scan 1 urls, producing 7 keys and 37 values 
2025-06-19 15:13:26 INFO  org.reflections.Reflections:229 - Reflections took 24 ms to scan 1 urls, producing 5 keys and 32 values 
2025-06-19 15:13:27 INFO  org.reflections.Reflections:229 - Reflections took 413 ms to scan 1 urls, producing 17 keys and 270 values 
2025-06-19 15:13:27 INFO  org.reflections.Reflections:229 - Reflections took 52 ms to scan 1 urls, producing 7 keys and 37 values 
2025-06-19 15:13:28 INFO  org.reflections.Reflections:229 - Reflections took 19 ms to scan 1 urls, producing 5 keys and 32 values 
2025-06-19 15:13:28 INFO  org.reflections.Reflections:229 - Reflections took 328 ms to scan 1 urls, producing 17 keys and 270 values 
2025-06-19 15:13:28 INFO  org.reflections.Reflections:229 - Reflections took 50 ms to scan 1 urls, producing 7 keys and 37 values 
2025-06-19 15:13:29 INFO  org.reflections.Reflections:229 - Reflections took 13 ms to scan 1 urls, producing 5 keys and 32 values 
2025-06-19 15:13:30 INFO  org.reflections.Reflections:229 - Reflections took 539 ms to scan 1 urls, producing 17 keys and 270 values 
2025-06-19 15:13:31 INFO  org.reflections.Reflections:229 - Reflections took 173 ms to scan 1 urls, producing 7 keys and 37 values 
2025-06-19 15:13:31 INFO  org.reflections.Reflections:229 - Reflections took 15 ms to scan 1 urls, producing 5 keys and 32 values 
2025-06-19 15:13:32 INFO  org.reflections.Reflections:229 - Reflections took 416 ms to scan 1 urls, producing 17 keys and 270 values 
2025-06-19 15:13:32 INFO  org.reflections.Reflections:229 - Reflections took 391 ms to scan 1 urls, producing 17 keys and 270 values 
2025-06-19 15:13:32 INFO  org.reflections.Reflections:229 - Reflections took 59 ms to scan 1 urls, producing 7 keys and 37 values 
2025-06-19 15:13:32 INFO  org.reflections.Reflections:229 - Reflections took 81 ms to scan 1 urls, producing 7 keys and 37 values 
2025-06-19 15:13:32 INFO  org.reflections.Reflections:229 - Reflections took 25 ms to scan 1 urls, producing 5 keys and 32 values 
2025-06-19 15:13:32 INFO  org.reflections.Reflections:229 - Reflections took 14 ms to scan 1 urls, producing 5 keys and 32 values 
2025-06-19 15:13:35 INFO  org.reflections.Reflections:229 - Reflections took 1566 ms to scan 1 urls, producing 17 keys and 270 values 
2025-06-19 15:13:35 INFO  org.reflections.Reflections:229 - Reflections took 62 ms to scan 1 urls, producing 7 keys and 37 values 
2025-06-19 15:13:40 INFO  org.reflections.Reflections:229 - Reflections took 484 ms to scan 1 urls, producing 17 keys and 270 values 
2025-06-19 15:13:46 INFO  org.reflections.Reflections:229 - Reflections took 42 ms to scan 1 urls, producing 5 keys and 32 values 
2025-06-19 15:13:46 INFO  org.reflections.Reflections:229 - Reflections took 59 ms to scan 1 urls, producing 7 keys and 37 values 
2025-06-19 15:13:51 INFO  org.reflections.Reflections:229 - Reflections took 1990 ms to scan 1 urls, producing 5 keys and 32 values 
2025-06-19 15:13:51 INFO  org.reflections.Reflections:229 - Reflections took 295 ms to scan 1 urls, producing 17 keys and 270 values 
2025-06-19 15:13:51 INFO  org.reflections.Reflections:229 - Reflections took 307 ms to scan 1 urls, producing 17 keys and 270 values 
2025-06-19 15:13:51 INFO  org.reflections.Reflections:229 - Reflections took 267 ms to scan 1 urls, producing 17 keys and 270 values 
2025-06-19 15:13:51 INFO  org.reflections.Reflections:229 - Reflections took 304 ms to scan 1 urls, producing 17 keys and 270 values 
2025-06-19 15:13:51 INFO  org.reflections.Reflections:229 - Reflections took 82 ms to scan 1 urls, producing 7 keys and 37 values 
2025-06-19 15:13:51 INFO  org.reflections.Reflections:229 - Reflections took 106 ms to scan 1 urls, producing 7 keys and 37 values 
2025-06-19 15:13:52 INFO  org.reflections.Reflections:229 - Reflections took 165 ms to scan 1 urls, producing 7 keys and 37 values 
2025-06-19 15:13:52 INFO  org.reflections.Reflections:229 - Reflections took 186 ms to scan 1 urls, producing 7 keys and 37 values 
2025-06-19 15:13:53 INFO  org.reflections.Reflections:229 - Reflections took 22 ms to scan 1 urls, producing 5 keys and 32 values 
2025-06-19 15:13:53 INFO  org.reflections.Reflections:229 - Reflections took 19 ms to scan 1 urls, producing 5 keys and 32 values 
2025-06-19 15:13:53 INFO  org.reflections.Reflections:229 - Reflections took 24 ms to scan 1 urls, producing 5 keys and 32 values 
2025-06-19 15:13:53 INFO  org.reflections.Reflections:229 - Reflections took 33 ms to scan 1 urls, producing 5 keys and 32 values 
2025-06-19 15:13:54 INFO  org.reflections.Reflections:229 - Reflections took 503 ms to scan 1 urls, producing 17 keys and 270 values 
2025-06-19 15:13:54 INFO  org.reflections.Reflections:229 - Reflections took 571 ms to scan 1 urls, producing 17 keys and 270 values 
2025-06-19 15:13:54 INFO  org.reflections.Reflections:229 - Reflections took 584 ms to scan 1 urls, producing 17 keys and 270 values 
2025-06-19 15:13:55 INFO  org.reflections.Reflections:229 - Reflections took 204 ms to scan 1 urls, producing 7 keys and 37 values 
2025-06-19 15:13:55 INFO  org.reflections.Reflections:229 - Reflections took 101 ms to scan 1 urls, producing 7 keys and 37 values 
2025-06-19 15:13:55 INFO  org.reflections.Reflections:229 - Reflections took 684 ms to scan 1 urls, producing 17 keys and 270 values 
2025-06-19 15:13:55 INFO  org.reflections.Reflections:229 - Reflections took 110 ms to scan 1 urls, producing 7 keys and 37 values 
2025-06-19 15:13:55 INFO  org.reflections.Reflections:229 - Reflections took 398 ms to scan 1 urls, producing 17 keys and 270 values 
2025-06-19 15:13:55 INFO  org.reflections.Reflections:229 - Reflections took 439 ms to scan 1 urls, producing 17 keys and 270 values 
2025-06-19 15:13:55 INFO  org.reflections.Reflections:229 - Reflections took 380 ms to scan 1 urls, producing 17 keys and 270 values 
2025-06-19 15:13:55 INFO  org.reflections.Reflections:229 - Reflections took 46 ms to scan 1 urls, producing 5 keys and 32 values 
2025-06-19 15:13:55 INFO  org.reflections.Reflections:229 - Reflections took 12 ms to scan 1 urls, producing 5 keys and 32 values 
2025-06-19 15:13:56 INFO  org.reflections.Reflections:229 - Reflections took 92 ms to scan 1 urls, producing 7 keys and 37 values 
2025-06-19 15:13:56 INFO  org.reflections.Reflections:229 - Reflections took 78 ms to scan 1 urls, producing 7 keys and 37 values 
2025-06-19 15:13:56 INFO  org.reflections.Reflections:229 - Reflections took 21 ms to scan 1 urls, producing 5 keys and 32 values 
2025-06-19 15:13:56 INFO  org.reflections.Reflections:229 - Reflections took 99 ms to scan 1 urls, producing 7 keys and 37 values 
2025-06-19 15:13:56 INFO  org.reflections.Reflections:229 - Reflections took 32 ms to scan 1 urls, producing 5 keys and 32 values 
2025-06-19 15:13:56 INFO  org.reflections.Reflections:229 - Reflections took 101 ms to scan 1 urls, producing 7 keys and 37 values 
2025-06-19 15:13:56 INFO  org.reflections.Reflections:229 - Reflections took 38 ms to scan 1 urls, producing 5 keys and 32 values 
2025-06-19 15:13:56 INFO  org.reflections.Reflections:229 - Reflections took 38 ms to scan 1 urls, producing 5 keys and 32 values 
2025-06-19 15:13:56 INFO  org.reflections.Reflections:229 - Reflections took 205 ms to scan 1 urls, producing 5 keys and 32 values 
2025-06-19 15:14:07 INFO  org.reflections.Reflections:229 - Reflections took 6346 ms to scan 1 urls, producing 17 keys and 270 values 
2025-06-19 15:14:07 INFO  org.reflections.Reflections:229 - Reflections took 6472 ms to scan 1 urls, producing 17 keys and 270 values 
2025-06-19 15:14:07 INFO  org.reflections.Reflections:229 - Reflections took 6561 ms to scan 1 urls, producing 17 keys and 270 values 
2025-06-19 15:14:08 INFO  org.reflections.Reflections:229 - Reflections took 6709 ms to scan 1 urls, producing 17 keys and 270 values 
2025-06-19 15:14:08 INFO  org.reflections.Reflections:229 - Reflections took 190 ms to scan 1 urls, producing 7 keys and 37 values 
2025-06-19 15:14:08 INFO  org.reflections.Reflections:229 - Reflections took 158 ms to scan 1 urls, producing 7 keys and 37 values 
2025-06-19 15:14:08 INFO  org.reflections.Reflections:229 - Reflections took 308 ms to scan 1 urls, producing 7 keys and 37 values 
2025-06-19 15:14:09 INFO  org.reflections.Reflections:229 - Reflections took 548 ms to scan 1 urls, producing 7 keys and 37 values 
2025-06-19 15:14:09 INFO  org.reflections.Reflections:229 - Reflections took 59 ms to scan 1 urls, producing 5 keys and 32 values 
2025-06-19 15:14:14 INFO  org.reflections.Reflections:229 - Reflections took 44 ms to scan 1 urls, producing 5 keys and 32 values 
2025-06-19 15:14:14 INFO  org.reflections.Reflections:229 - Reflections took 106 ms to scan 1 urls, producing 5 keys and 32 values 
2025-06-19 15:14:14 INFO  org.reflections.Reflections:229 - Reflections took 54 ms to scan 1 urls, producing 5 keys and 32 values 
2025-06-19 15:16:59 INFO  org.reflections.Reflections:229 - Reflections took 75 ms to scan 1 urls, producing 17 keys and 270 values 
2025-06-19 15:16:59 INFO  org.reflections.Reflections:229 - Reflections took 14 ms to scan 1 urls, producing 7 keys and 37 values 
2025-06-19 15:16:59 INFO  org.reflections.Reflections:229 - Reflections took 5 ms to scan 1 urls, producing 5 keys and 32 values 
2025-06-19 15:17:04 INFO  org.reflections.Reflections:229 - Reflections took 57 ms to scan 1 urls, producing 17 keys and 270 values 
2025-06-19 15:17:04 INFO  org.reflections.Reflections:229 - Reflections took 12 ms to scan 1 urls, producing 7 keys and 37 values 
2025-06-19 15:17:04 INFO  org.reflections.Reflections:229 - Reflections took 5 ms to scan 1 urls, producing 5 keys and 32 values 
2025-06-19 15:17:08 INFO  org.reflections.Reflections:229 - Reflections took 73 ms to scan 1 urls, producing 17 keys and 270 values 
2025-06-19 15:17:08 INFO  org.reflections.Reflections:229 - Reflections took 15 ms to scan 1 urls, producing 7 keys and 37 values 
2025-06-19 15:17:08 INFO  org.reflections.Reflections:229 - Reflections took 5 ms to scan 1 urls, producing 5 keys and 32 values 
2025-06-19 15:17:13 INFO  org.reflections.Reflections:229 - Reflections took 86 ms to scan 1 urls, producing 17 keys and 270 values 
2025-06-19 15:17:14 INFO  org.reflections.Reflections:229 - Reflections took 20 ms to scan 1 urls, producing 7 keys and 37 values 
2025-06-19 15:17:14 INFO  org.reflections.Reflections:229 - Reflections took 7 ms to scan 1 urls, producing 5 keys and 32 values 
2025-06-19 15:17:19 INFO  org.reflections.Reflections:229 - Reflections took 95 ms to scan 1 urls, producing 17 keys and 270 values 
2025-06-19 15:17:19 INFO  org.reflections.Reflections:229 - Reflections took 23 ms to scan 1 urls, producing 7 keys and 37 values 
2025-06-19 15:17:19 INFO  org.reflections.Reflections:229 - Reflections took 9 ms to scan 1 urls, producing 5 keys and 32 values 
2025-06-19 15:17:24 INFO  org.reflections.Reflections:229 - Reflections took 56 ms to scan 1 urls, producing 17 keys and 270 values 
2025-06-19 15:17:25 INFO  org.reflections.Reflections:229 - Reflections took 16 ms to scan 1 urls, producing 7 keys and 37 values 
2025-06-19 15:17:25 INFO  org.reflections.Reflections:229 - Reflections took 6 ms to scan 1 urls, producing 5 keys and 32 values 
2025-06-19 15:17:30 INFO  org.reflections.Reflections:229 - Reflections took 84 ms to scan 1 urls, producing 17 keys and 270 values 
2025-06-19 15:17:30 INFO  org.reflections.Reflections:229 - Reflections took 14 ms to scan 1 urls, producing 7 keys and 37 values 
2025-06-19 15:17:30 INFO  org.reflections.Reflections:229 - Reflections took 6 ms to scan 1 urls, producing 5 keys and 32 values 
2025-06-19 15:17:39 INFO  org.reflections.Reflections:229 - Reflections took 85 ms to scan 1 urls, producing 17 keys and 270 values 
2025-06-19 15:17:39 INFO  org.reflections.Reflections:229 - Reflections took 15 ms to scan 1 urls, producing 7 keys and 37 values 
2025-06-19 15:17:39 INFO  org.reflections.Reflections:229 - Reflections took 8 ms to scan 1 urls, producing 5 keys and 32 values 
2025-06-19 15:17:44 INFO  org.reflections.Reflections:229 - Reflections took 72 ms to scan 1 urls, producing 17 keys and 270 values 
2025-06-19 15:17:44 INFO  org.reflections.Reflections:229 - Reflections took 26 ms to scan 1 urls, producing 7 keys and 37 values 
2025-06-19 15:17:44 INFO  org.reflections.Reflections:229 - Reflections took 6 ms to scan 1 urls, producing 5 keys and 32 values 
2025-06-19 15:17:49 INFO  org.reflections.Reflections:229 - Reflections took 72 ms to scan 1 urls, producing 17 keys and 270 values 
2025-06-19 15:17:49 INFO  org.reflections.Reflections:229 - Reflections took 15 ms to scan 1 urls, producing 7 keys and 37 values 
2025-06-19 15:17:49 INFO  org.reflections.Reflections:229 - Reflections took 8 ms to scan 1 urls, producing 5 keys and 32 values 
2025-06-19 15:17:57 INFO  org.reflections.Reflections:229 - Reflections took 78 ms to scan 1 urls, producing 17 keys and 270 values 
2025-06-19 15:17:57 INFO  org.reflections.Reflections:229 - Reflections took 14 ms to scan 1 urls, producing 7 keys and 37 values 
2025-06-19 15:17:57 INFO  org.reflections.Reflections:229 - Reflections took 7 ms to scan 1 urls, producing 5 keys and 32 values 
2025-06-19 15:18:03 INFO  org.reflections.Reflections:229 - Reflections took 93 ms to scan 1 urls, producing 17 keys and 270 values 
2025-06-19 15:18:03 INFO  org.reflections.Reflections:229 - Reflections took 14 ms to scan 1 urls, producing 7 keys and 37 values 
2025-06-19 15:18:03 INFO  org.reflections.Reflections:229 - Reflections took 7 ms to scan 1 urls, producing 5 keys and 32 values 
2025-06-19 15:18:14 INFO  org.reflections.Reflections:229 - Reflections took 103 ms to scan 1 urls, producing 17 keys and 270 values 
2025-06-19 15:18:14 INFO  org.reflections.Reflections:229 - Reflections took 18 ms to scan 1 urls, producing 7 keys and 37 values 
2025-06-19 15:18:14 INFO  org.reflections.Reflections:229 - Reflections took 8 ms to scan 1 urls, producing 5 keys and 32 values 
2025-06-19 15:49:43 INFO  org.reflections.Reflections:229 - Reflections took 105 ms to scan 1 urls, producing 17 keys and 270 values 
2025-06-19 15:49:44 INFO  org.reflections.Reflections:229 - Reflections took 16 ms to scan 1 urls, producing 7 keys and 37 values 
2025-06-19 15:49:44 INFO  org.reflections.Reflections:229 - Reflections took 7 ms to scan 1 urls, producing 5 keys and 32 values 
2025-06-19 15:49:53 INFO  org.reflections.Reflections:229 - Reflections took 85 ms to scan 1 urls, producing 17 keys and 270 values 
2025-06-19 15:49:53 INFO  org.reflections.Reflections:229 - Reflections took 14 ms to scan 1 urls, producing 7 keys and 37 values 
2025-06-19 15:49:54 INFO  org.reflections.Reflections:229 - Reflections took 8 ms to scan 1 urls, producing 5 keys and 32 values 
2025-06-19 18:15:28 INFO  org.reflections.Reflections:229 - Reflections took 79 ms to scan 1 urls, producing 17 keys and 270 values 
2025-06-19 18:15:29 INFO  org.reflections.Reflections:229 - Reflections took 12 ms to scan 1 urls, producing 7 keys and 37 values 
2025-06-19 18:15:29 INFO  org.reflections.Reflections:229 - Reflections took 5 ms to scan 1 urls, producing 5 keys and 32 values 
2025-06-19 18:19:24 INFO  org.reflections.Reflections:229 - Reflections took 88 ms to scan 1 urls, producing 17 keys and 270 values 
2025-06-19 18:19:24 INFO  org.reflections.Reflections:229 - Reflections took 27 ms to scan 1 urls, producing 7 keys and 37 values 
2025-06-19 18:19:24 INFO  org.reflections.Reflections:229 - Reflections took 6 ms to scan 1 urls, producing 5 keys and 32 values 
2025-06-19 18:19:27 INFO  org.reflections.Reflections:229 - Reflections took 73 ms to scan 1 urls, producing 17 keys and 270 values 
2025-06-19 18:19:27 INFO  org.reflections.Reflections:229 - Reflections took 14 ms to scan 1 urls, producing 7 keys and 37 values 
2025-06-19 18:19:27 INFO  org.reflections.Reflections:229 - Reflections took 8 ms to scan 1 urls, producing 5 keys and 32 values 
2025-06-19 18:19:31 INFO  org.reflections.Reflections:229 - Reflections took 89 ms to scan 1 urls, producing 17 keys and 270 values 
2025-06-19 18:19:31 INFO  org.reflections.Reflections:229 - Reflections took 21 ms to scan 1 urls, producing 7 keys and 37 values 
2025-06-19 18:19:31 INFO  org.reflections.Reflections:229 - Reflections took 6 ms to scan 1 urls, producing 5 keys and 32 values 
2025-06-20 02:58:03 INFO  org.reflections.Reflections:229 - Reflections took 67 ms to scan 1 urls, producing 17 keys and 270 values 
2025-06-20 02:58:03 INFO  org.reflections.Reflections:229 - Reflections took 14 ms to scan 1 urls, producing 7 keys and 37 values 
2025-06-20 02:58:03 INFO  org.reflections.Reflections:229 - Reflections took 6 ms to scan 1 urls, producing 5 keys and 32 values 
2025-06-20 02:58:06 INFO  org.reflections.Reflections:229 - Reflections took 66 ms to scan 1 urls, producing 17 keys and 270 values 
2025-06-20 02:58:06 INFO  org.reflections.Reflections:229 - Reflections took 18 ms to scan 1 urls, producing 7 keys and 37 values 
2025-06-20 02:58:06 INFO  org.reflections.Reflections:229 - Reflections took 5 ms to scan 1 urls, producing 5 keys and 32 values 
2025-06-20 02:58:11 INFO  org.reflections.Reflections:229 - Reflections took 84 ms to scan 1 urls, producing 17 keys and 270 values 
2025-06-20 02:58:11 INFO  org.reflections.Reflections:229 - Reflections took 15 ms to scan 1 urls, producing 7 keys and 37 values 
2025-06-20 02:58:11 INFO  org.reflections.Reflections:229 - Reflections took 8 ms to scan 1 urls, producing 5 keys and 32 values 
2025-06-20 02:58:15 INFO  org.reflections.Reflections:229 - Reflections took 79 ms to scan 1 urls, producing 17 keys and 270 values 
2025-06-20 02:58:15 INFO  org.reflections.Reflections:229 - Reflections took 21 ms to scan 1 urls, producing 7 keys and 37 values 
2025-06-20 02:58:15 INFO  org.reflections.Reflections:229 - Reflections took 6 ms to scan 1 urls, producing 5 keys and 32 values 
2025-06-20 02:58:21 INFO  org.reflections.Reflections:229 - Reflections took 91 ms to scan 1 urls, producing 17 keys and 270 values 
2025-06-20 02:58:21 INFO  org.reflections.Reflections:229 - Reflections took 23 ms to scan 1 urls, producing 7 keys and 37 values 
2025-06-20 02:58:21 INFO  org.reflections.Reflections:229 - Reflections took 8 ms to scan 1 urls, producing 5 keys and 32 values 
2025-06-20 02:58:26 INFO  org.reflections.Reflections:229 - Reflections took 62 ms to scan 1 urls, producing 17 keys and 270 values 
2025-06-20 02:58:26 INFO  org.reflections.Reflections:229 - Reflections took 14 ms to scan 1 urls, producing 7 keys and 37 values 
2025-06-20 02:58:26 INFO  org.reflections.Reflections:229 - Reflections took 6 ms to scan 1 urls, producing 5 keys and 32 values 
2025-06-20 02:58:30 INFO  org.reflections.Reflections:229 - Reflections took 64 ms to scan 1 urls, producing 17 keys and 270 values 
2025-06-20 02:58:30 INFO  org.reflections.Reflections:229 - Reflections took 42 ms to scan 1 urls, producing 7 keys and 37 values 
2025-06-20 02:58:30 INFO  org.reflections.Reflections:229 - Reflections took 7 ms to scan 1 urls, producing 5 keys and 32 values 
2025-06-20 02:58:33 INFO  org.reflections.Reflections:229 - Reflections took 79 ms to scan 1 urls, producing 17 keys and 270 values 
2025-06-20 02:58:34 INFO  org.reflections.Reflections:229 - Reflections took 27 ms to scan 1 urls, producing 7 keys and 37 values 
2025-06-20 02:58:34 INFO  org.reflections.Reflections:229 - Reflections took 6 ms to scan 1 urls, producing 5 keys and 32 values 
2025-06-20 02:58:38 INFO  org.reflections.Reflections:229 - Reflections took 77 ms to scan 1 urls, producing 17 keys and 270 values 
2025-06-20 02:58:38 INFO  org.reflections.Reflections:229 - Reflections took 19 ms to scan 1 urls, producing 7 keys and 37 values 
2025-06-20 02:58:38 INFO  org.reflections.Reflections:229 - Reflections took 8 ms to scan 1 urls, producing 5 keys and 32 values 
2025-06-20 02:58:43 INFO  org.reflections.Reflections:229 - Reflections took 119 ms to scan 1 urls, producing 17 keys and 270 values 
2025-06-20 02:58:43 INFO  org.reflections.Reflections:229 - Reflections took 24 ms to scan 1 urls, producing 7 keys and 37 values 
2025-06-20 02:58:43 INFO  org.reflections.Reflections:229 - Reflections took 10 ms to scan 1 urls, producing 5 keys and 32 values 
2025-06-20 11:23:39 INFO  org.reflections.Reflections:229 - Reflections took 67 ms to scan 1 urls, producing 17 keys and 270 values 
2025-06-20 11:23:39 INFO  org.reflections.Reflections:229 - Reflections took 12 ms to scan 1 urls, producing 7 keys and 37 values 
2025-06-20 11:23:39 INFO  org.reflections.Reflections:229 - Reflections took 5 ms to scan 1 urls, producing 5 keys and 32 values 
2025-06-20 11:23:44 INFO  org.reflections.Reflections:229 - Reflections took 60 ms to scan 1 urls, producing 17 keys and 270 values 
2025-06-20 11:23:44 INFO  org.reflections.Reflections:229 - Reflections took 15 ms to scan 1 urls, producing 7 keys and 37 values 
2025-06-20 11:23:44 INFO  org.reflections.Reflections:229 - Reflections took 6 ms to scan 1 urls, producing 5 keys and 32 values 
2025-06-20 11:23:52 INFO  org.reflections.Reflections:229 - Reflections took 62 ms to scan 1 urls, producing 17 keys and 270 values 
2025-06-20 11:23:52 INFO  org.reflections.Reflections:229 - Reflections took 16 ms to scan 1 urls, producing 7 keys and 37 values 
2025-06-20 11:23:52 INFO  org.reflections.Reflections:229 - Reflections took 6 ms to scan 1 urls, producing 5 keys and 32 values 
2025-06-20 11:23:57 INFO  org.reflections.Reflections:229 - Reflections took 65 ms to scan 1 urls, producing 17 keys and 270 values 
2025-06-20 11:23:57 INFO  org.reflections.Reflections:229 - Reflections took 12 ms to scan 1 urls, producing 7 keys and 37 values 
2025-06-20 11:23:57 INFO  org.reflections.Reflections:229 - Reflections took 6 ms to scan 1 urls, producing 5 keys and 32 values 
2025-06-20 11:24:02 INFO  org.reflections.Reflections:229 - Reflections took 62 ms to scan 1 urls, producing 17 keys and 270 values 
2025-06-20 11:24:02 INFO  org.reflections.Reflections:229 - Reflections took 14 ms to scan 1 urls, producing 7 keys and 37 values 
2025-06-20 11:24:02 INFO  org.reflections.Reflections:229 - Reflections took 6 ms to scan 1 urls, producing 5 keys and 32 values 
2025-06-20 11:24:06 INFO  org.reflections.Reflections:229 - Reflections took 66 ms to scan 1 urls, producing 17 keys and 270 values 
2025-06-20 11:24:07 INFO  org.reflections.Reflections:229 - Reflections took 13 ms to scan 1 urls, producing 7 keys and 37 values 
2025-06-20 11:24:07 INFO  org.reflections.Reflections:229 - Reflections took 7 ms to scan 1 urls, producing 5 keys and 32 values 
2025-06-20 11:24:12 INFO  org.reflections.Reflections:229 - Reflections took 59 ms to scan 1 urls, producing 17 keys and 270 values 
2025-06-20 11:24:12 INFO  org.reflections.Reflections:229 - Reflections took 19 ms to scan 1 urls, producing 7 keys and 37 values 
2025-06-20 11:24:12 INFO  org.reflections.Reflections:229 - Reflections took 6 ms to scan 1 urls, producing 5 keys and 32 values 
2025-06-20 16:39:17 INFO  org.reflections.Reflections:229 - Reflections took 69 ms to scan 1 urls, producing 17 keys and 270 values 
2025-06-20 16:39:17 INFO  org.reflections.Reflections:229 - Reflections took 11 ms to scan 1 urls, producing 7 keys and 37 values 
2025-06-20 16:39:17 INFO  org.reflections.Reflections:229 - Reflections took 5 ms to scan 1 urls, producing 5 keys and 32 values 
2025-06-20 16:39:21 INFO  org.reflections.Reflections:229 - Reflections took 71 ms to scan 1 urls, producing 17 keys and 270 values 
2025-06-20 16:39:21 INFO  org.reflections.Reflections:229 - Reflections took 13 ms to scan 1 urls, producing 7 keys and 37 values 
2025-06-20 16:39:21 INFO  org.reflections.Reflections:229 - Reflections took 6 ms to scan 1 urls, producing 5 keys and 32 values 
2025-06-20 16:39:24 INFO  org.reflections.Reflections:229 - Reflections took 66 ms to scan 1 urls, producing 17 keys and 270 values 
2025-06-20 16:39:24 INFO  org.reflections.Reflections:229 - Reflections took 15 ms to scan 1 urls, producing 7 keys and 37 values 
2025-06-20 16:39:24 INFO  org.reflections.Reflections:229 - Reflections took 7 ms to scan 1 urls, producing 5 keys and 32 values 
2025-06-20 16:39:28 INFO  org.reflections.Reflections:229 - Reflections took 75 ms to scan 1 urls, producing 17 keys and 270 values 
2025-06-20 16:39:28 INFO  org.reflections.Reflections:229 - Reflections took 17 ms to scan 1 urls, producing 7 keys and 37 values 
2025-06-20 16:39:28 INFO  org.reflections.Reflections:229 - Reflections took 7 ms to scan 1 urls, producing 5 keys and 32 values 
2025-06-20 16:39:33 INFO  org.reflections.Reflections:229 - Reflections took 69 ms to scan 1 urls, producing 17 keys and 270 values 
2025-06-20 16:39:34 INFO  org.reflections.Reflections:229 - Reflections took 19 ms to scan 1 urls, producing 7 keys and 37 values 
2025-06-20 16:39:34 INFO  org.reflections.Reflections:229 - Reflections took 6 ms to scan 1 urls, producing 5 keys and 32 values 
2025-06-20 16:39:34 ERROR edu.pitt.dbmi.data.reader.tabular.TabularDataFileReader:920 - Non-continuous number inf on line 1053 at column 20.
java.lang.NumberFormatException: For input string: "inf"
	at sun.misc.FloatingDecimal.readJavaFormatString(FloatingDecimal.java:2043)
	at sun.misc.FloatingDecimal.parseDouble(FloatingDecimal.java:110)
	at java.lang.Double.parseDouble(Double.java:538)
	at edu.pitt.dbmi.data.reader.tabular.TabularDataFileReader.readInContinuousData(TabularDataFileReader.java:917)
	at edu.pitt.dbmi.data.reader.tabular.TabularDataFileReader.read(TabularDataFileReader.java:319)
	at edu.pitt.dbmi.data.reader.tabular.ContinuousTabularDatasetFileReader.readInData(ContinuousTabularDatasetFileReader.java:68)
	at edu.pitt.dbmi.data.reader.tabular.ContinuousTabularDatasetFileReader.readInData(ContinuousTabularDatasetFileReader.java:49)
2025-06-20 16:39:37 INFO  org.reflections.Reflections:229 - Reflections took 67 ms to scan 1 urls, producing 17 keys and 270 values 
2025-06-20 16:39:37 INFO  org.reflections.Reflections:229 - Reflections took 20 ms to scan 1 urls, producing 7 keys and 37 values 
2025-06-20 16:39:37 INFO  org.reflections.Reflections:229 - Reflections took 7 ms to scan 1 urls, producing 5 keys and 32 values 
2025-06-20 16:39:41 INFO  org.reflections.Reflections:229 - Reflections took 72 ms to scan 1 urls, producing 17 keys and 270 values 
2025-06-20 16:39:41 INFO  org.reflections.Reflections:229 - Reflections took 20 ms to scan 1 urls, producing 7 keys and 37 values 
2025-06-20 16:39:41 INFO  org.reflections.Reflections:229 - Reflections took 6 ms to scan 1 urls, producing 5 keys and 32 values 
2025-06-22 11:39:15 INFO  org.reflections.Reflections:229 - Reflections took 75 ms to scan 1 urls, producing 17 keys and 270 values 
2025-06-22 11:39:15 INFO  org.reflections.Reflections:229 - Reflections took 17 ms to scan 1 urls, producing 7 keys and 37 values 
2025-06-22 11:39:15 INFO  org.reflections.Reflections:229 - Reflections took 6 ms to scan 1 urls, producing 5 keys and 32 values 
2025-06-22 11:39:19 INFO  org.reflections.Reflections:229 - Reflections took 63 ms to scan 1 urls, producing 17 keys and 270 values 
2025-06-22 11:39:19 INFO  org.reflections.Reflections:229 - Reflections took 15 ms to scan 1 urls, producing 7 keys and 37 values 
2025-06-22 11:39:19 INFO  org.reflections.Reflections:229 - Reflections took 7 ms to scan 1 urls, producing 5 keys and 32 values 
2025-06-22 11:39:23 INFO  org.reflections.Reflections:229 - Reflections took 72 ms to scan 1 urls, producing 17 keys and 270 values 
2025-06-22 11:39:23 INFO  org.reflections.Reflections:229 - Reflections took 18 ms to scan 1 urls, producing 7 keys and 37 values 
2025-06-22 11:39:23 INFO  org.reflections.Reflections:229 - Reflections took 6 ms to scan 1 urls, producing 5 keys and 32 values 
2025-06-22 11:39:29 INFO  org.reflections.Reflections:229 - Reflections took 66 ms to scan 1 urls, producing 17 keys and 270 values 
2025-06-22 11:39:29 INFO  org.reflections.Reflections:229 - Reflections took 15 ms to scan 1 urls, producing 7 keys and 37 values 
2025-06-22 11:39:29 INFO  org.reflections.Reflections:229 - Reflections took 6 ms to scan 1 urls, producing 5 keys and 32 values 
2025-06-22 11:39:34 INFO  org.reflections.Reflections:229 - Reflections took 68 ms to scan 1 urls, producing 17 keys and 270 values 
2025-06-22 11:39:34 INFO  org.reflections.Reflections:229 - Reflections took 17 ms to scan 1 urls, producing 7 keys and 37 values 
2025-06-22 11:39:34 INFO  org.reflections.Reflections:229 - Reflections took 6 ms to scan 1 urls, producing 5 keys and 32 values 
2025-06-22 11:39:34 ERROR edu.pitt.dbmi.data.reader.tabular.TabularDataFileReader:920 - Non-continuous number inf on line 1053 at column 20.
java.lang.NumberFormatException: For input string: "inf"
	at sun.misc.FloatingDecimal.readJavaFormatString(FloatingDecimal.java:2043)
	at sun.misc.FloatingDecimal.parseDouble(FloatingDecimal.java:110)
	at java.lang.Double.parseDouble(Double.java:538)
	at edu.pitt.dbmi.data.reader.tabular.TabularDataFileReader.readInContinuousData(TabularDataFileReader.java:917)
	at edu.pitt.dbmi.data.reader.tabular.TabularDataFileReader.read(TabularDataFileReader.java:319)
	at edu.pitt.dbmi.data.reader.tabular.ContinuousTabularDatasetFileReader.readInData(ContinuousTabularDatasetFileReader.java:68)
	at edu.pitt.dbmi.data.reader.tabular.ContinuousTabularDatasetFileReader.readInData(ContinuousTabularDatasetFileReader.java:49)
2025-06-22 11:39:38 INFO  org.reflections.Reflections:229 - Reflections took 59 ms to scan 1 urls, producing 17 keys and 270 values 
2025-06-22 11:39:38 INFO  org.reflections.Reflections:229 - Reflections took 19 ms to scan 1 urls, producing 7 keys and 37 values 
2025-06-22 11:39:38 INFO  org.reflections.Reflections:229 - Reflections took 7 ms to scan 1 urls, producing 5 keys and 32 values 
2025-06-22 11:39:43 INFO  org.reflections.Reflections:229 - Reflections took 74 ms to scan 1 urls, producing 17 keys and 270 values 
2025-06-22 11:39:43 INFO  org.reflections.Reflections:229 - Reflections took 22 ms to scan 1 urls, producing 7 keys and 37 values 
2025-06-22 11:39:43 INFO  org.reflections.Reflections:229 - Reflections took 5 ms to scan 1 urls, producing 5 keys and 32 values 
2025-06-22 12:25:03 INFO  org.reflections.Reflections:229 - Reflections took 103 ms to scan 1 urls, producing 17 keys and 270 values 
2025-06-22 12:25:03 INFO  org.reflections.Reflections:229 - Reflections took 29 ms to scan 1 urls, producing 7 keys and 37 values 
2025-06-22 12:25:03 INFO  org.reflections.Reflections:229 - Reflections took 9 ms to scan 1 urls, producing 5 keys and 32 values 
2025-06-22 13:42:21 INFO  org.reflections.Reflections:229 - Reflections took 122 ms to scan 1 urls, producing 17 keys and 270 values 
2025-06-22 13:42:21 INFO  org.reflections.Reflections:229 - Reflections took 25 ms to scan 1 urls, producing 7 keys and 37 values 
2025-06-22 13:42:22 INFO  org.reflections.Reflections:229 - Reflections took 9 ms to scan 1 urls, producing 5 keys and 32 values 
2025-06-22 13:42:29 INFO  org.reflections.Reflections:229 - Reflections took 102 ms to scan 1 urls, producing 17 keys and 270 values 
2025-06-22 13:42:30 INFO  org.reflections.Reflections:229 - Reflections took 44 ms to scan 1 urls, producing 7 keys and 37 values 
2025-06-22 13:42:30 INFO  org.reflections.Reflections:229 - Reflections took 8 ms to scan 1 urls, producing 5 keys and 32 values 
2025-06-22 13:42:41 INFO  org.reflections.Reflections:229 - Reflections took 106 ms to scan 1 urls, producing 17 keys and 270 values 
2025-06-22 13:42:41 INFO  org.reflections.Reflections:229 - Reflections took 32 ms to scan 1 urls, producing 7 keys and 37 values 
2025-06-22 13:42:41 INFO  org.reflections.Reflections:229 - Reflections took 8 ms to scan 1 urls, producing 5 keys and 32 values 
2025-06-22 14:18:12 INFO  org.reflections.Reflections:229 - Reflections took 120 ms to scan 1 urls, producing 17 keys and 270 values 
2025-06-22 14:18:12 INFO  org.reflections.Reflections:229 - Reflections took 28 ms to scan 1 urls, producing 7 keys and 37 values 
2025-06-22 14:18:12 INFO  org.reflections.Reflections:229 - Reflections took 9 ms to scan 1 urls, producing 5 keys and 32 values 
2025-06-22 14:18:24 INFO  org.reflections.Reflections:229 - Reflections took 105 ms to scan 1 urls, producing 17 keys and 270 values 
2025-06-22 14:18:24 INFO  org.reflections.Reflections:229 - Reflections took 28 ms to scan 1 urls, producing 7 keys and 37 values 
2025-06-22 14:18:24 INFO  org.reflections.Reflections:229 - Reflections took 7 ms to scan 1 urls, producing 5 keys and 32 values 
2025-06-22 14:55:38 INFO  org.reflections.Reflections:229 - Reflections took 114 ms to scan 1 urls, producing 17 keys and 270 values 
2025-06-22 14:55:39 INFO  org.reflections.Reflections:229 - Reflections took 27 ms to scan 1 urls, producing 7 keys and 37 values 
2025-06-22 14:55:39 INFO  org.reflections.Reflections:229 - Reflections took 12 ms to scan 1 urls, producing 5 keys and 32 values 
2025-06-22 15:09:51 INFO  org.reflections.Reflections:229 - Reflections took 90 ms to scan 1 urls, producing 17 keys and 270 values 
2025-06-22 15:09:51 INFO  org.reflections.Reflections:229 - Reflections took 26 ms to scan 1 urls, producing 7 keys and 37 values 
2025-06-22 15:09:51 INFO  org.reflections.Reflections:229 - Reflections took 7 ms to scan 1 urls, producing 5 keys and 32 values 
2025-06-22 15:09:56 INFO  org.reflections.Reflections:229 - Reflections took 100 ms to scan 1 urls, producing 17 keys and 270 values 
2025-06-22 15:09:57 INFO  org.reflections.Reflections:229 - Reflections took 32 ms to scan 1 urls, producing 7 keys and 37 values 
2025-06-22 15:09:57 INFO  org.reflections.Reflections:229 - Reflections took 7 ms to scan 1 urls, producing 5 keys and 32 values 
2025-06-22 15:21:19 INFO  org.reflections.Reflections:229 - Reflections took 114 ms to scan 1 urls, producing 17 keys and 270 values 
2025-06-22 15:21:19 INFO  org.reflections.Reflections:229 - Reflections took 32 ms to scan 1 urls, producing 7 keys and 37 values 
2025-06-22 15:21:20 INFO  org.reflections.Reflections:229 - Reflections took 8 ms to scan 1 urls, producing 5 keys and 32 values 
2025-06-22 16:57:51 INFO  org.reflections.Reflections:229 - Reflections took 119 ms to scan 1 urls, producing 17 keys and 270 values 
2025-06-22 16:57:51 INFO  org.reflections.Reflections:229 - Reflections took 31 ms to scan 1 urls, producing 7 keys and 37 values 
2025-06-22 16:57:51 INFO  org.reflections.Reflections:229 - Reflections took 8 ms to scan 1 urls, producing 5 keys and 32 values 
2025-06-22 16:58:08 INFO  org.reflections.Reflections:229 - Reflections took 101 ms to scan 1 urls, producing 17 keys and 270 values 
2025-06-22 16:58:08 INFO  org.reflections.Reflections:229 - Reflections took 21 ms to scan 1 urls, producing 7 keys and 37 values 
2025-06-22 16:58:08 INFO  org.reflections.Reflections:229 - Reflections took 9 ms to scan 1 urls, producing 5 keys and 32 values 
2025-06-22 16:58:16 INFO  org.reflections.Reflections:229 - Reflections took 98 ms to scan 1 urls, producing 17 keys and 270 values 
2025-06-22 16:58:16 INFO  org.reflections.Reflections:229 - Reflections took 21 ms to scan 1 urls, producing 7 keys and 37 values 
2025-06-22 16:58:16 INFO  org.reflections.Reflections:229 - Reflections took 9 ms to scan 1 urls, producing 5 keys and 32 values 
2025-06-22 16:58:24 INFO  org.reflections.Reflections:229 - Reflections took 99 ms to scan 1 urls, producing 17 keys and 270 values 
2025-06-22 16:58:25 INFO  org.reflections.Reflections:229 - Reflections took 38 ms to scan 1 urls, producing 7 keys and 37 values 
2025-06-22 16:58:25 INFO  org.reflections.Reflections:229 - Reflections took 9 ms to scan 1 urls, producing 5 keys and 32 values 
2025-06-22 18:20:38 INFO  org.reflections.Reflections:229 - Reflections took 75 ms to scan 1 urls, producing 17 keys and 270 values 
2025-06-22 18:20:38 INFO  org.reflections.Reflections:229 - Reflections took 20 ms to scan 1 urls, producing 7 keys and 37 values 
2025-06-22 18:20:38 INFO  org.reflections.Reflections:229 - Reflections took 7 ms to scan 1 urls, producing 5 keys and 32 values 
2025-06-22 18:20:50 INFO  org.reflections.Reflections:229 - Reflections took 102 ms to scan 1 urls, producing 17 keys and 270 values 
2025-06-22 18:20:50 INFO  org.reflections.Reflections:229 - Reflections took 28 ms to scan 1 urls, producing 7 keys and 37 values 
2025-06-22 18:20:50 INFO  org.reflections.Reflections:229 - Reflections took 9 ms to scan 1 urls, producing 5 keys and 32 values 
2025-06-22 18:21:03 INFO  org.reflections.Reflections:229 - Reflections took 101 ms to scan 1 urls, producing 17 keys and 270 values 
2025-06-22 18:21:03 INFO  org.reflections.Reflections:229 - Reflections took 24 ms to scan 1 urls, producing 7 keys and 37 values 
2025-06-22 18:21:03 INFO  org.reflections.Reflections:229 - Reflections took 9 ms to scan 1 urls, producing 5 keys and 32 values 
2025-06-22 18:21:10 INFO  org.reflections.Reflections:229 - Reflections took 137 ms to scan 1 urls, producing 17 keys and 270 values 
2025-06-22 18:21:10 INFO  org.reflections.Reflections:229 - Reflections took 28 ms to scan 1 urls, producing 7 keys and 37 values 
2025-06-22 18:21:11 INFO  org.reflections.Reflections:229 - Reflections took 11 ms to scan 1 urls, producing 5 keys and 32 values 
2025-06-22 18:21:19 INFO  org.reflections.Reflections:229 - Reflections took 135 ms to scan 1 urls, producing 17 keys and 270 values 
2025-06-22 18:21:19 INFO  org.reflections.Reflections:229 - Reflections took 34 ms to scan 1 urls, producing 7 keys and 37 values 
2025-06-22 18:21:19 INFO  org.reflections.Reflections:229 - Reflections took 11 ms to scan 1 urls, producing 5 keys and 32 values 
2025-06-22 18:21:24 INFO  org.reflections.Reflections:229 - Reflections took 147 ms to scan 1 urls, producing 17 keys and 270 values 
2025-06-22 18:21:24 INFO  org.reflections.Reflections:229 - Reflections took 40 ms to scan 1 urls, producing 7 keys and 37 values 
2025-06-22 18:21:24 INFO  org.reflections.Reflections:229 - Reflections took 7 ms to scan 1 urls, producing 5 keys and 32 values 
2025-06-22 18:23:47 INFO  org.reflections.Reflections:229 - Reflections took 86 ms to scan 1 urls, producing 17 keys and 270 values 
2025-06-22 18:23:47 INFO  org.reflections.Reflections:229 - Reflections took 22 ms to scan 1 urls, producing 7 keys and 37 values 
2025-06-22 18:23:47 INFO  org.reflections.Reflections:229 - Reflections took 8 ms to scan 1 urls, producing 5 keys and 32 values 
2025-06-22 18:40:27 INFO  org.reflections.Reflections:229 - Reflections took 73 ms to scan 1 urls, producing 17 keys and 270 values 
2025-06-22 18:40:27 INFO  org.reflections.Reflections:229 - Reflections took 14 ms to scan 1 urls, producing 7 keys and 37 values 
2025-06-22 18:40:27 INFO  org.reflections.Reflections:229 - Reflections took 6 ms to scan 1 urls, producing 5 keys and 32 values 
2025-06-22 18:40:27 ERROR edu.pitt.dbmi.data.reader.tabular.TabularDataFileReader:920 - Non-continuous number inf on line 1053 at column 20.
java.lang.NumberFormatException: For input string: "inf"
	at sun.misc.FloatingDecimal.readJavaFormatString(FloatingDecimal.java:2043)
	at sun.misc.FloatingDecimal.parseDouble(FloatingDecimal.java:110)
	at java.lang.Double.parseDouble(Double.java:538)
	at edu.pitt.dbmi.data.reader.tabular.TabularDataFileReader.readInContinuousData(TabularDataFileReader.java:917)
	at edu.pitt.dbmi.data.reader.tabular.TabularDataFileReader.read(TabularDataFileReader.java:319)
	at edu.pitt.dbmi.data.reader.tabular.ContinuousTabularDatasetFileReader.readInData(ContinuousTabularDatasetFileReader.java:68)
	at edu.pitt.dbmi.data.reader.tabular.ContinuousTabularDatasetFileReader.readInData(ContinuousTabularDatasetFileReader.java:49)
2025-06-22 18:40:43 INFO  org.reflections.Reflections:229 - Reflections took 58 ms to scan 1 urls, producing 17 keys and 270 values 
2025-06-22 18:40:43 INFO  org.reflections.Reflections:229 - Reflections took 14 ms to scan 1 urls, producing 7 keys and 37 values 
2025-06-22 18:40:43 INFO  org.reflections.Reflections:229 - Reflections took 5 ms to scan 1 urls, producing 5 keys and 32 values 
2025-06-22 18:40:43 ERROR edu.pitt.dbmi.data.reader.tabular.TabularDataFileReader:920 - Non-continuous number inf on line 1053 at column 20.
java.lang.NumberFormatException: For input string: "inf"
	at sun.misc.FloatingDecimal.readJavaFormatString(FloatingDecimal.java:2043)
	at sun.misc.FloatingDecimal.parseDouble(FloatingDecimal.java:110)
	at java.lang.Double.parseDouble(Double.java:538)
	at edu.pitt.dbmi.data.reader.tabular.TabularDataFileReader.readInContinuousData(TabularDataFileReader.java:917)
	at edu.pitt.dbmi.data.reader.tabular.TabularDataFileReader.read(TabularDataFileReader.java:319)
	at edu.pitt.dbmi.data.reader.tabular.ContinuousTabularDatasetFileReader.readInData(ContinuousTabularDatasetFileReader.java:68)
	at edu.pitt.dbmi.data.reader.tabular.ContinuousTabularDatasetFileReader.readInData(ContinuousTabularDatasetFileReader.java:49)
2025-06-22 18:41:08 INFO  org.reflections.Reflections:229 - Reflections took 60 ms to scan 1 urls, producing 17 keys and 270 values 
2025-06-22 18:41:08 INFO  org.reflections.Reflections:229 - Reflections took 14 ms to scan 1 urls, producing 7 keys and 37 values 
2025-06-22 18:41:09 INFO  org.reflections.Reflections:229 - Reflections took 6 ms to scan 1 urls, producing 5 keys and 32 values 
2025-06-22 18:41:25 INFO  org.reflections.Reflections:229 - Reflections took 70 ms to scan 1 urls, producing 17 keys and 270 values 
2025-06-22 18:41:25 INFO  org.reflections.Reflections:229 - Reflections took 16 ms to scan 1 urls, producing 7 keys and 37 values 
2025-06-22 18:41:25 INFO  org.reflections.Reflections:229 - Reflections took 6 ms to scan 1 urls, producing 5 keys and 32 values 
2025-06-22 18:41:34 INFO  org.reflections.Reflections:229 - Reflections took 79 ms to scan 1 urls, producing 17 keys and 270 values 
2025-06-22 18:41:34 INFO  org.reflections.Reflections:229 - Reflections took 18 ms to scan 1 urls, producing 7 keys and 37 values 
2025-06-22 18:41:34 INFO  org.reflections.Reflections:229 - Reflections took 6 ms to scan 1 urls, producing 5 keys and 32 values 
2025-06-22 18:41:45 INFO  org.reflections.Reflections:229 - Reflections took 67 ms to scan 1 urls, producing 17 keys and 270 values 
2025-06-22 18:41:45 INFO  org.reflections.Reflections:229 - Reflections took 17 ms to scan 1 urls, producing 7 keys and 37 values 
2025-06-22 18:41:45 INFO  org.reflections.Reflections:229 - Reflections took 7 ms to scan 1 urls, producing 5 keys and 32 values 
2025-06-22 18:43:02 INFO  org.reflections.Reflections:229 - Reflections took 74 ms to scan 1 urls, producing 17 keys and 270 values 
2025-06-22 18:43:02 INFO  org.reflections.Reflections:229 - Reflections took 15 ms to scan 1 urls, producing 7 keys and 37 values 
2025-06-22 18:43:02 INFO  org.reflections.Reflections:229 - Reflections took 7 ms to scan 1 urls, producing 5 keys and 32 values 
2025-06-22 18:43:11 INFO  org.reflections.Reflections:229 - Reflections took 82 ms to scan 1 urls, producing 17 keys and 270 values 
2025-06-22 18:43:11 INFO  org.reflections.Reflections:229 - Reflections took 20 ms to scan 1 urls, producing 7 keys and 37 values 
2025-06-22 18:43:11 INFO  org.reflections.Reflections:229 - Reflections took 10 ms to scan 1 urls, producing 5 keys and 32 values 
2025-06-22 18:45:46 INFO  org.reflections.Reflections:229 - Reflections took 76 ms to scan 1 urls, producing 17 keys and 270 values 
2025-06-22 18:45:46 INFO  org.reflections.Reflections:229 - Reflections took 20 ms to scan 1 urls, producing 7 keys and 37 values 
2025-06-22 18:45:46 INFO  org.reflections.Reflections:229 - Reflections took 8 ms to scan 1 urls, producing 5 keys and 32 values 
2025-06-22 18:45:59 INFO  org.reflections.Reflections:229 - Reflections took 82 ms to scan 1 urls, producing 17 keys and 270 values 
2025-06-22 18:45:59 INFO  org.reflections.Reflections:229 - Reflections took 17 ms to scan 1 urls, producing 7 keys and 37 values 
2025-06-22 18:46:00 INFO  org.reflections.Reflections:229 - Reflections took 7 ms to scan 1 urls, producing 5 keys and 32 values 
2025-06-22 18:46:07 INFO  org.reflections.Reflections:229 - Reflections took 77 ms to scan 1 urls, producing 17 keys and 270 values 
2025-06-22 18:46:07 INFO  org.reflections.Reflections:229 - Reflections took 26 ms to scan 1 urls, producing 7 keys and 37 values 
2025-06-22 18:46:07 INFO  org.reflections.Reflections:229 - Reflections took 7 ms to scan 1 urls, producing 5 keys and 32 values 
2025-06-22 18:46:18 INFO  org.reflections.Reflections:229 - Reflections took 96 ms to scan 1 urls, producing 17 keys and 270 values 
2025-06-22 18:46:18 INFO  org.reflections.Reflections:229 - Reflections took 25 ms to scan 1 urls, producing 7 keys and 37 values 
2025-06-22 18:46:19 INFO  org.reflections.Reflections:229 - Reflections took 7 ms to scan 1 urls, producing 5 keys and 32 values 
2025-06-22 18:46:28 INFO  org.reflections.Reflections:229 - Reflections took 95 ms to scan 1 urls, producing 17 keys and 270 values 
2025-06-22 18:46:28 INFO  org.reflections.Reflections:229 - Reflections took 38 ms to scan 1 urls, producing 7 keys and 37 values 
2025-06-22 18:46:28 INFO  org.reflections.Reflections:229 - Reflections took 7 ms to scan 1 urls, producing 5 keys and 32 values 
2025-06-22 18:48:46 INFO  org.reflections.Reflections:229 - Reflections took 87 ms to scan 1 urls, producing 17 keys and 270 values 
2025-06-22 18:48:46 INFO  org.reflections.Reflections:229 - Reflections took 20 ms to scan 1 urls, producing 7 keys and 37 values 
2025-06-22 18:48:47 INFO  org.reflections.Reflections:229 - Reflections took 8 ms to scan 1 urls, producing 5 keys and 32 values 
2025-06-22 19:02:58 INFO  org.reflections.Reflections:229 - Reflections took 78 ms to scan 1 urls, producing 17 keys and 270 values 
2025-06-22 19:02:58 INFO  org.reflections.Reflections:229 - Reflections took 19 ms to scan 1 urls, producing 7 keys and 37 values 
2025-06-22 19:02:58 INFO  org.reflections.Reflections:229 - Reflections took 7 ms to scan 1 urls, producing 5 keys and 32 values 
2025-06-22 19:02:59 ERROR edu.pitt.dbmi.data.reader.tabular.TabularDataFileReader:920 - Non-continuous number inf on line 1053 at column 20.
java.lang.NumberFormatException: For input string: "inf"
	at sun.misc.FloatingDecimal.readJavaFormatString(FloatingDecimal.java:2043)
	at sun.misc.FloatingDecimal.parseDouble(FloatingDecimal.java:110)
	at java.lang.Double.parseDouble(Double.java:538)
	at edu.pitt.dbmi.data.reader.tabular.TabularDataFileReader.readInContinuousData(TabularDataFileReader.java:917)
	at edu.pitt.dbmi.data.reader.tabular.TabularDataFileReader.read(TabularDataFileReader.java:319)
	at edu.pitt.dbmi.data.reader.tabular.ContinuousTabularDatasetFileReader.readInData(ContinuousTabularDatasetFileReader.java:68)
	at edu.pitt.dbmi.data.reader.tabular.ContinuousTabularDatasetFileReader.readInData(ContinuousTabularDatasetFileReader.java:49)
2025-06-22 19:03:17 INFO  org.reflections.Reflections:229 - Reflections took 80 ms to scan 1 urls, producing 17 keys and 270 values 
2025-06-22 19:03:17 INFO  org.reflections.Reflections:229 - Reflections took 17 ms to scan 1 urls, producing 7 keys and 37 values 
2025-06-22 19:03:17 INFO  org.reflections.Reflections:229 - Reflections took 7 ms to scan 1 urls, producing 5 keys and 32 values 
2025-06-22 19:03:50 INFO  org.reflections.Reflections:229 - Reflections took 82 ms to scan 1 urls, producing 17 keys and 270 values 
2025-06-22 19:03:50 INFO  org.reflections.Reflections:229 - Reflections took 21 ms to scan 1 urls, producing 7 keys and 37 values 
2025-06-22 19:03:50 INFO  org.reflections.Reflections:229 - Reflections took 7 ms to scan 1 urls, producing 5 keys and 32 values 
2025-06-22 19:03:54 INFO  org.reflections.Reflections:229 - Reflections took 77 ms to scan 1 urls, producing 17 keys and 270 values 
2025-06-22 19:03:54 INFO  org.reflections.Reflections:229 - Reflections took 21 ms to scan 1 urls, producing 7 keys and 37 values 
2025-06-22 19:03:54 INFO  org.reflections.Reflections:229 - Reflections took 7 ms to scan 1 urls, producing 5 keys and 32 values 
2025-06-22 19:04:05 INFO  org.reflections.Reflections:229 - Reflections took 76 ms to scan 1 urls, producing 17 keys and 270 values 
2025-06-22 19:04:05 INFO  org.reflections.Reflections:229 - Reflections took 15 ms to scan 1 urls, producing 7 keys and 37 values 
2025-06-22 19:04:05 INFO  org.reflections.Reflections:229 - Reflections took 7 ms to scan 1 urls, producing 5 keys and 32 values 
2025-06-22 19:14:43 INFO  org.reflections.Reflections:229 - Reflections took 67 ms to scan 1 urls, producing 17 keys and 270 values 
2025-06-22 19:14:43 INFO  org.reflections.Reflections:229 - Reflections took 20 ms to scan 1 urls, producing 7 keys and 37 values 
2025-06-22 19:14:43 INFO  org.reflections.Reflections:229 - Reflections took 7 ms to scan 1 urls, producing 5 keys and 32 values 
2025-06-22 19:14:46 INFO  org.reflections.Reflections:229 - Reflections took 140 ms to scan 1 urls, producing 17 keys and 270 values 
2025-06-22 19:14:46 INFO  org.reflections.Reflections:229 - Reflections took 22 ms to scan 1 urls, producing 7 keys and 37 values 
2025-06-22 19:14:47 INFO  org.reflections.Reflections:229 - Reflections took 8 ms to scan 1 urls, producing 5 keys and 32 values 
2025-06-22 19:30:18 INFO  org.reflections.Reflections:229 - Reflections took 76 ms to scan 1 urls, producing 17 keys and 270 values 
2025-06-22 19:30:18 INFO  org.reflections.Reflections:229 - Reflections took 19 ms to scan 1 urls, producing 7 keys and 37 values 
2025-06-22 19:30:18 INFO  org.reflections.Reflections:229 - Reflections took 6 ms to scan 1 urls, producing 5 keys and 32 values 
2025-06-22 19:30:25 INFO  org.reflections.Reflections:229 - Reflections took 79 ms to scan 1 urls, producing 17 keys and 270 values 
2025-06-22 19:30:25 INFO  org.reflections.Reflections:229 - Reflections took 19 ms to scan 1 urls, producing 7 keys and 37 values 
2025-06-22 19:30:25 INFO  org.reflections.Reflections:229 - Reflections took 7 ms to scan 1 urls, producing 5 keys and 32 values 
2025-06-22 19:47:46 INFO  org.reflections.Reflections:229 - Reflections took 79 ms to scan 1 urls, producing 17 keys and 270 values 
2025-06-22 19:47:46 INFO  org.reflections.Reflections:229 - Reflections took 19 ms to scan 1 urls, producing 7 keys and 37 values 
2025-06-22 19:47:46 INFO  org.reflections.Reflections:229 - Reflections took 7 ms to scan 1 urls, producing 5 keys and 32 values 
2025-06-22 20:42:14 INFO  org.reflections.Reflections:229 - Reflections took 85 ms to scan 1 urls, producing 17 keys and 270 values 
2025-06-22 20:42:14 INFO  org.reflections.Reflections:229 - Reflections took 21 ms to scan 1 urls, producing 7 keys and 37 values 
2025-06-22 20:42:14 INFO  org.reflections.Reflections:229 - Reflections took 6 ms to scan 1 urls, producing 5 keys and 32 values 
2025-06-22 20:42:23 INFO  org.reflections.Reflections:229 - Reflections took 85 ms to scan 1 urls, producing 17 keys and 270 values 
2025-06-22 20:42:23 INFO  org.reflections.Reflections:229 - Reflections took 22 ms to scan 1 urls, producing 7 keys and 37 values 
2025-06-22 20:42:23 INFO  org.reflections.Reflections:229 - Reflections took 8 ms to scan 1 urls, producing 5 keys and 32 values 
2025-06-22 20:42:28 INFO  org.reflections.Reflections:229 - Reflections took 88 ms to scan 1 urls, producing 17 keys and 270 values 
2025-06-22 20:42:28 INFO  org.reflections.Reflections:229 - Reflections took 20 ms to scan 1 urls, producing 7 keys and 37 values 
2025-06-22 20:42:28 INFO  org.reflections.Reflections:229 - Reflections took 6 ms to scan 1 urls, producing 5 keys and 32 values 
2025-06-22 20:42:34 INFO  org.reflections.Reflections:229 - Reflections took 89 ms to scan 1 urls, producing 17 keys and 270 values 
2025-06-22 20:42:34 INFO  org.reflections.Reflections:229 - Reflections took 26 ms to scan 1 urls, producing 7 keys and 37 values 
2025-06-22 20:42:34 INFO  org.reflections.Reflections:229 - Reflections took 8 ms to scan 1 urls, producing 5 keys and 32 values 
2025-06-22 21:04:08 INFO  org.reflections.Reflections:229 - Reflections took 100 ms to scan 1 urls, producing 17 keys and 270 values 
2025-06-22 21:04:08 INFO  org.reflections.Reflections:229 - Reflections took 119 ms to scan 1 urls, producing 17 keys and 270 values 
2025-06-22 21:04:08 INFO  org.reflections.Reflections:229 - Reflections took 132 ms to scan 1 urls, producing 17 keys and 270 values 
2025-06-22 21:04:08 INFO  org.reflections.Reflections:229 - Reflections took 53 ms to scan 1 urls, producing 7 keys and 37 values 
2025-06-22 21:04:08 INFO  org.reflections.Reflections:229 - Reflections took 140 ms to scan 1 urls, producing 17 keys and 270 values 
2025-06-22 21:04:08 INFO  org.reflections.Reflections:229 - Reflections took 140 ms to scan 1 urls, producing 17 keys and 270 values 
2025-06-22 21:04:08 INFO  org.reflections.Reflections:229 - Reflections took 115 ms to scan 1 urls, producing 17 keys and 270 values 
2025-06-22 21:04:08 INFO  org.reflections.Reflections:229 - Reflections took 33 ms to scan 1 urls, producing 7 keys and 37 values 
2025-06-22 21:04:08 INFO  org.reflections.Reflections:229 - Reflections took 17 ms to scan 1 urls, producing 5 keys and 32 values 
2025-06-22 21:04:08 INFO  org.reflections.Reflections:229 - Reflections took 131 ms to scan 1 urls, producing 17 keys and 270 values 
2025-06-22 21:04:08 INFO  org.reflections.Reflections:229 - Reflections took 32 ms to scan 1 urls, producing 7 keys and 37 values 
2025-06-22 21:04:08 INFO  org.reflections.Reflections:229 - Reflections took 159 ms to scan 1 urls, producing 17 keys and 270 values 
2025-06-22 21:04:08 INFO  org.reflections.Reflections:229 - Reflections took 155 ms to scan 1 urls, producing 17 keys and 270 values 
2025-06-22 21:04:08 INFO  org.reflections.Reflections:229 - Reflections took 27 ms to scan 1 urls, producing 7 keys and 37 values 
2025-06-22 21:04:08 INFO  org.reflections.Reflections:229 - Reflections took 13 ms to scan 1 urls, producing 5 keys and 32 values 
2025-06-22 21:04:08 INFO  org.reflections.Reflections:229 - Reflections took 33 ms to scan 1 urls, producing 7 keys and 37 values 
2025-06-22 21:04:08 INFO  org.reflections.Reflections:229 - Reflections took 26 ms to scan 1 urls, producing 7 keys and 37 values 
2025-06-22 21:04:08 INFO  org.reflections.Reflections:229 - Reflections took 14 ms to scan 1 urls, producing 5 keys and 32 values 
2025-06-22 21:04:08 INFO  org.reflections.Reflections:229 - Reflections took 156 ms to scan 1 urls, producing 17 keys and 270 values 
2025-06-22 21:04:08 INFO  org.reflections.Reflections:229 - Reflections took 28 ms to scan 1 urls, producing 7 keys and 37 values 
2025-06-22 21:04:08 INFO  org.reflections.Reflections:229 - Reflections took 14 ms to scan 1 urls, producing 5 keys and 32 values 
2025-06-22 21:04:08 INFO  org.reflections.Reflections:229 - Reflections took 12 ms to scan 1 urls, producing 5 keys and 32 values 
2025-06-22 21:04:08 INFO  org.reflections.Reflections:229 - Reflections took 12 ms to scan 1 urls, producing 5 keys and 32 values 
2025-06-22 21:04:08 INFO  org.reflections.Reflections:229 - Reflections took 26 ms to scan 1 urls, producing 7 keys and 37 values 
2025-06-22 21:04:08 INFO  org.reflections.Reflections:229 - Reflections took 43 ms to scan 1 urls, producing 7 keys and 37 values 
2025-06-22 21:04:08 INFO  org.reflections.Reflections:229 - Reflections took 12 ms to scan 1 urls, producing 5 keys and 32 values 
2025-06-22 21:04:08 INFO  org.reflections.Reflections:229 - Reflections took 25 ms to scan 1 urls, producing 7 keys and 37 values 
2025-06-22 21:04:08 INFO  org.reflections.Reflections:229 - Reflections took 14 ms to scan 1 urls, producing 5 keys and 32 values 
2025-06-22 21:04:08 INFO  org.reflections.Reflections:229 - Reflections took 11 ms to scan 1 urls, producing 5 keys and 32 values 
2025-06-22 21:04:08 INFO  org.reflections.Reflections:229 - Reflections took 13 ms to scan 1 urls, producing 5 keys and 32 values 
2025-06-22 21:04:23 INFO  org.reflections.Reflections:229 - Reflections took 130 ms to scan 1 urls, producing 17 keys and 270 values 
2025-06-22 21:04:24 INFO  org.reflections.Reflections:229 - Reflections took 34 ms to scan 1 urls, producing 7 keys and 37 values 
2025-06-22 21:04:24 INFO  org.reflections.Reflections:229 - Reflections took 8 ms to scan 1 urls, producing 5 keys and 32 values 
2025-06-22 21:04:24 INFO  org.reflections.Reflections:229 - Reflections took 125 ms to scan 1 urls, producing 17 keys and 270 values 
2025-06-22 21:04:24 INFO  org.reflections.Reflections:229 - Reflections took 29 ms to scan 1 urls, producing 7 keys and 37 values 
2025-06-22 21:04:24 INFO  org.reflections.Reflections:229 - Reflections took 15 ms to scan 1 urls, producing 5 keys and 32 values 
2025-06-22 21:04:26 INFO  org.reflections.Reflections:229 - Reflections took 251 ms to scan 1 urls, producing 17 keys and 270 values 
2025-06-22 21:04:26 INFO  org.reflections.Reflections:229 - Reflections took 81 ms to scan 1 urls, producing 7 keys and 37 values 
2025-06-22 21:04:26 INFO  org.reflections.Reflections:229 - Reflections took 28 ms to scan 1 urls, producing 5 keys and 32 values 
2025-06-22 21:04:27 INFO  org.reflections.Reflections:229 - Reflections took 278 ms to scan 1 urls, producing 17 keys and 270 values 
2025-06-22 21:04:27 INFO  org.reflections.Reflections:229 - Reflections took 36 ms to scan 1 urls, producing 7 keys and 37 values 
2025-06-22 21:04:27 INFO  org.reflections.Reflections:229 - Reflections took 18 ms to scan 1 urls, producing 5 keys and 32 values 
2025-06-22 21:04:30 INFO  org.reflections.Reflections:229 - Reflections took 189 ms to scan 1 urls, producing 17 keys and 270 values 
2025-06-22 21:04:30 INFO  org.reflections.Reflections:229 - Reflections took 35 ms to scan 1 urls, producing 7 keys and 37 values 
2025-06-22 21:04:30 INFO  org.reflections.Reflections:229 - Reflections took 17 ms to scan 1 urls, producing 5 keys and 32 values 
2025-06-22 21:04:31 INFO  org.reflections.Reflections:229 - Reflections took 163 ms to scan 1 urls, producing 17 keys and 270 values 
2025-06-22 21:04:31 INFO  org.reflections.Reflections:229 - Reflections took 36 ms to scan 1 urls, producing 7 keys and 37 values 
2025-06-22 21:04:31 INFO  org.reflections.Reflections:229 - Reflections took 19 ms to scan 1 urls, producing 5 keys and 32 values 
2025-06-22 21:04:33 INFO  org.reflections.Reflections:229 - Reflections took 234 ms to scan 1 urls, producing 17 keys and 270 values 
2025-06-22 21:04:33 INFO  org.reflections.Reflections:229 - Reflections took 218 ms to scan 1 urls, producing 17 keys and 270 values 
2025-06-22 21:04:33 INFO  org.reflections.Reflections:229 - Reflections took 255 ms to scan 1 urls, producing 17 keys and 270 values 
2025-06-22 21:04:33 INFO  org.reflections.Reflections:229 - Reflections took 52 ms to scan 1 urls, producing 7 keys and 37 values 
2025-06-22 21:04:33 INFO  org.reflections.Reflections:229 - Reflections took 51 ms to scan 1 urls, producing 7 keys and 37 values 
2025-06-22 21:04:33 INFO  org.reflections.Reflections:229 - Reflections took 56 ms to scan 1 urls, producing 7 keys and 37 values 
2025-06-22 21:04:34 INFO  org.reflections.Reflections:229 - Reflections took 17 ms to scan 1 urls, producing 5 keys and 32 values 
2025-06-22 21:04:34 INFO  org.reflections.Reflections:229 - Reflections took 19 ms to scan 1 urls, producing 5 keys and 32 values 
2025-06-22 21:04:34 INFO  org.reflections.Reflections:229 - Reflections took 22 ms to scan 1 urls, producing 5 keys and 32 values 
2025-06-22 21:04:37 INFO  org.reflections.Reflections:229 - Reflections took 301 ms to scan 1 urls, producing 17 keys and 270 values 
2025-06-22 21:04:38 INFO  org.reflections.Reflections:229 - Reflections took 75 ms to scan 1 urls, producing 7 keys and 37 values 
2025-06-22 21:04:38 INFO  org.reflections.Reflections:229 - Reflections took 20 ms to scan 1 urls, producing 5 keys and 32 values 
2025-06-22 21:04:42 INFO  org.reflections.Reflections:229 - Reflections took 170 ms to scan 1 urls, producing 17 keys and 270 values 
2025-06-22 21:04:42 INFO  org.reflections.Reflections:229 - Reflections took 41 ms to scan 1 urls, producing 7 keys and 37 values 
2025-06-22 21:04:42 INFO  org.reflections.Reflections:229 - Reflections took 9 ms to scan 1 urls, producing 5 keys and 32 values 
2025-06-22 21:04:45 INFO  org.reflections.Reflections:229 - Reflections took 148 ms to scan 1 urls, producing 17 keys and 270 values 
2025-06-22 21:04:46 INFO  org.reflections.Reflections:229 - Reflections took 34 ms to scan 1 urls, producing 7 keys and 37 values 
2025-06-22 21:04:46 INFO  org.reflections.Reflections:229 - Reflections took 14 ms to scan 1 urls, producing 5 keys and 32 values 
2025-06-22 21:04:51 INFO  org.reflections.Reflections:229 - Reflections took 162 ms to scan 1 urls, producing 17 keys and 270 values 
2025-06-22 21:04:51 INFO  org.reflections.Reflections:229 - Reflections took 37 ms to scan 1 urls, producing 7 keys and 37 values 
2025-06-22 21:04:52 INFO  org.reflections.Reflections:229 - Reflections took 13 ms to scan 1 urls, producing 5 keys and 32 values 
2025-06-22 21:04:53 INFO  org.reflections.Reflections:229 - Reflections took 217 ms to scan 1 urls, producing 17 keys and 270 values 
2025-06-22 21:04:54 INFO  org.reflections.Reflections:229 - Reflections took 56 ms to scan 1 urls, producing 7 keys and 37 values 
2025-06-22 21:04:54 INFO  org.reflections.Reflections:229 - Reflections took 16 ms to scan 1 urls, producing 5 keys and 32 values 
2025-06-22 21:04:54 INFO  org.reflections.Reflections:229 - Reflections took 191 ms to scan 1 urls, producing 17 keys and 270 values 
2025-06-22 21:04:55 INFO  org.reflections.Reflections:229 - Reflections took 54 ms to scan 1 urls, producing 7 keys and 37 values 
2025-06-22 21:04:55 INFO  org.reflections.Reflections:229 - Reflections took 13 ms to scan 1 urls, producing 5 keys and 32 values 
2025-06-22 21:04:56 INFO  org.reflections.Reflections:229 - Reflections took 264 ms to scan 1 urls, producing 17 keys and 270 values 
2025-06-22 21:04:57 INFO  org.reflections.Reflections:229 - Reflections took 51 ms to scan 1 urls, producing 7 keys and 37 values 
2025-06-22 21:04:57 INFO  org.reflections.Reflections:229 - Reflections took 21 ms to scan 1 urls, producing 5 keys and 32 values 
2025-06-22 21:05:08 INFO  org.reflections.Reflections:229 - Reflections took 121 ms to scan 1 urls, producing 17 keys and 270 values 
2025-06-22 21:05:08 INFO  org.reflections.Reflections:229 - Reflections took 28 ms to scan 1 urls, producing 7 keys and 37 values 
2025-06-22 21:05:08 INFO  org.reflections.Reflections:229 - Reflections took 136 ms to scan 1 urls, producing 17 keys and 270 values 
2025-06-22 21:05:08 INFO  org.reflections.Reflections:229 - Reflections took 9 ms to scan 1 urls, producing 5 keys and 32 values 
2025-06-22 21:05:08 INFO  org.reflections.Reflections:229 - Reflections took 31 ms to scan 1 urls, producing 7 keys and 37 values 
2025-06-22 21:05:08 INFO  org.reflections.Reflections:229 - Reflections took 12 ms to scan 1 urls, producing 5 keys and 32 values 
2025-06-22 21:05:09 INFO  org.reflections.Reflections:229 - Reflections took 184 ms to scan 1 urls, producing 17 keys and 270 values 
2025-06-22 21:05:09 INFO  org.reflections.Reflections:229 - Reflections took 33 ms to scan 1 urls, producing 7 keys and 37 values 
2025-06-22 21:05:10 INFO  org.reflections.Reflections:229 - Reflections took 25 ms to scan 1 urls, producing 5 keys and 32 values 
2025-06-22 21:05:12 INFO  org.reflections.Reflections:229 - Reflections took 197 ms to scan 1 urls, producing 17 keys and 270 values 
2025-06-22 21:05:12 INFO  org.reflections.Reflections:229 - Reflections took 203 ms to scan 1 urls, producing 17 keys and 270 values 
2025-06-22 21:05:13 INFO  org.reflections.Reflections:229 - Reflections took 45 ms to scan 1 urls, producing 7 keys and 37 values 
2025-06-22 21:05:13 INFO  org.reflections.Reflections:229 - Reflections took 94 ms to scan 1 urls, producing 7 keys and 37 values 
2025-06-22 21:05:13 INFO  org.reflections.Reflections:229 - Reflections took 17 ms to scan 1 urls, producing 5 keys and 32 values 
2025-06-22 21:05:13 INFO  org.reflections.Reflections:229 - Reflections took 17 ms to scan 1 urls, producing 5 keys and 32 values 
2025-06-22 21:05:18 INFO  org.reflections.Reflections:229 - Reflections took 159 ms to scan 1 urls, producing 17 keys and 270 values 
2025-06-22 21:05:18 INFO  org.reflections.Reflections:229 - Reflections took 35 ms to scan 1 urls, producing 7 keys and 37 values 
2025-06-22 21:05:18 INFO  org.reflections.Reflections:229 - Reflections took 17 ms to scan 1 urls, producing 5 keys and 32 values 
2025-06-22 21:05:19 INFO  org.reflections.Reflections:229 - Reflections took 155 ms to scan 1 urls, producing 17 keys and 270 values 
2025-06-22 21:05:19 INFO  org.reflections.Reflections:229 - Reflections took 35 ms to scan 1 urls, producing 7 keys and 37 values 
2025-06-22 21:05:19 INFO  org.reflections.Reflections:229 - Reflections took 13 ms to scan 1 urls, producing 5 keys and 32 values 
2025-06-22 21:05:21 INFO  org.reflections.Reflections:229 - Reflections took 261 ms to scan 1 urls, producing 17 keys and 270 values 
2025-06-22 21:05:21 INFO  org.reflections.Reflections:229 - Reflections took 86 ms to scan 1 urls, producing 7 keys and 37 values 
2025-06-22 21:05:22 INFO  org.reflections.Reflections:229 - Reflections took 21 ms to scan 1 urls, producing 5 keys and 32 values 
2025-06-22 21:05:27 INFO  org.reflections.Reflections:229 - Reflections took 171 ms to scan 1 urls, producing 17 keys and 270 values 
2025-06-22 21:05:27 INFO  org.reflections.Reflections:229 - Reflections took 31 ms to scan 1 urls, producing 7 keys and 37 values 
2025-06-22 21:05:27 INFO  org.reflections.Reflections:229 - Reflections took 23 ms to scan 1 urls, producing 5 keys and 32 values 
2025-06-22 21:05:34 INFO  org.reflections.Reflections:229 - Reflections took 161 ms to scan 1 urls, producing 17 keys and 270 values 
2025-06-22 21:05:34 INFO  org.reflections.Reflections:229 - Reflections took 37 ms to scan 1 urls, producing 7 keys and 37 values 
2025-06-22 21:05:35 INFO  org.reflections.Reflections:229 - Reflections took 16 ms to scan 1 urls, producing 5 keys and 32 values 
2025-06-22 21:05:41 INFO  org.reflections.Reflections:229 - Reflections took 186 ms to scan 1 urls, producing 17 keys and 270 values 
2025-06-22 21:05:41 INFO  org.reflections.Reflections:229 - Reflections took 51 ms to scan 1 urls, producing 7 keys and 37 values 
2025-06-22 21:05:41 INFO  org.reflections.Reflections:229 - Reflections took 17 ms to scan 1 urls, producing 5 keys and 32 values 
2025-06-22 21:05:49 INFO  org.reflections.Reflections:229 - Reflections took 150 ms to scan 1 urls, producing 17 keys and 270 values 
2025-06-22 21:05:49 INFO  org.reflections.Reflections:229 - Reflections took 30 ms to scan 1 urls, producing 7 keys and 37 values 
2025-06-22 21:05:49 INFO  org.reflections.Reflections:229 - Reflections took 11 ms to scan 1 urls, producing 5 keys and 32 values 
2025-06-22 21:05:52 INFO  org.reflections.Reflections:229 - Reflections took 159 ms to scan 1 urls, producing 17 keys and 270 values 
2025-06-22 21:05:53 INFO  org.reflections.Reflections:229 - Reflections took 33 ms to scan 1 urls, producing 7 keys and 37 values 
2025-06-22 21:05:53 INFO  org.reflections.Reflections:229 - Reflections took 11 ms to scan 1 urls, producing 5 keys and 32 values 
2025-06-22 21:05:53 INFO  org.reflections.Reflections:229 - Reflections took 132 ms to scan 1 urls, producing 17 keys and 270 values 
2025-06-22 21:05:53 INFO  org.reflections.Reflections:229 - Reflections took 27 ms to scan 1 urls, producing 7 keys and 37 values 
2025-06-22 21:05:53 INFO  org.reflections.Reflections:229 - Reflections took 15 ms to scan 1 urls, producing 5 keys and 32 values 
2025-06-22 21:05:57 INFO  org.reflections.Reflections:229 - Reflections took 163 ms to scan 1 urls, producing 17 keys and 270 values 
2025-06-22 21:05:57 INFO  org.reflections.Reflections:229 - Reflections took 29 ms to scan 1 urls, producing 7 keys and 37 values 
2025-06-22 21:05:58 INFO  org.reflections.Reflections:229 - Reflections took 17 ms to scan 1 urls, producing 5 keys and 32 values 
2025-06-22 21:06:01 INFO  org.reflections.Reflections:229 - Reflections took 179 ms to scan 1 urls, producing 17 keys and 270 values 
2025-06-22 21:06:01 INFO  org.reflections.Reflections:229 - Reflections took 32 ms to scan 1 urls, producing 7 keys and 37 values 
2025-06-22 21:06:01 INFO  org.reflections.Reflections:229 - Reflections took 14 ms to scan 1 urls, producing 5 keys and 32 values 
2025-06-22 21:06:03 INFO  org.reflections.Reflections:229 - Reflections took 198 ms to scan 1 urls, producing 17 keys and 270 values 
2025-06-22 21:06:04 INFO  org.reflections.Reflections:229 - Reflections took 35 ms to scan 1 urls, producing 7 keys and 37 values 
2025-06-22 21:06:04 INFO  org.reflections.Reflections:229 - Reflections took 11 ms to scan 1 urls, producing 5 keys and 32 values 
2025-06-22 21:06:06 INFO  org.reflections.Reflections:229 - Reflections took 187 ms to scan 1 urls, producing 17 keys and 270 values 
2025-06-22 21:06:06 INFO  org.reflections.Reflections:229 - Reflections took 57 ms to scan 1 urls, producing 7 keys and 37 values 
2025-06-22 21:06:07 INFO  org.reflections.Reflections:229 - Reflections took 18 ms to scan 1 urls, producing 5 keys and 32 values 
2025-06-22 21:06:09 INFO  org.reflections.Reflections:229 - Reflections took 212 ms to scan 1 urls, producing 17 keys and 270 values 
2025-06-22 21:06:09 INFO  org.reflections.Reflections:229 - Reflections took 90 ms to scan 1 urls, producing 7 keys and 37 values 
2025-06-22 21:06:09 INFO  org.reflections.Reflections:229 - Reflections took 22 ms to scan 1 urls, producing 5 keys and 32 values 
2025-06-22 21:06:11 INFO  org.reflections.Reflections:229 - Reflections took 187 ms to scan 1 urls, producing 17 keys and 270 values 
2025-06-22 21:06:11 INFO  org.reflections.Reflections:229 - Reflections took 40 ms to scan 1 urls, producing 7 keys and 37 values 
2025-06-22 21:06:12 INFO  org.reflections.Reflections:229 - Reflections took 19 ms to scan 1 urls, producing 5 keys and 32 values 
2025-06-22 21:06:16 INFO  org.reflections.Reflections:229 - Reflections took 149 ms to scan 1 urls, producing 17 keys and 270 values 
2025-06-22 21:06:16 INFO  org.reflections.Reflections:229 - Reflections took 28 ms to scan 1 urls, producing 7 keys and 37 values 
2025-06-22 21:06:16 INFO  org.reflections.Reflections:229 - Reflections took 10 ms to scan 1 urls, producing 5 keys and 32 values 
2025-06-22 21:06:18 INFO  org.reflections.Reflections:229 - Reflections took 212 ms to scan 1 urls, producing 17 keys and 270 values 
2025-06-22 21:06:18 INFO  org.reflections.Reflections:229 - Reflections took 45 ms to scan 1 urls, producing 7 keys and 37 values 
2025-06-22 21:06:18 INFO  org.reflections.Reflections:229 - Reflections took 20 ms to scan 1 urls, producing 5 keys and 32 values 
2025-06-22 21:06:21 INFO  org.reflections.Reflections:229 - Reflections took 252 ms to scan 1 urls, producing 17 keys and 270 values 
2025-06-22 21:06:21 INFO  org.reflections.Reflections:229 - Reflections took 38 ms to scan 1 urls, producing 7 keys and 37 values 
2025-06-22 21:06:21 INFO  org.reflections.Reflections:229 - Reflections took 13 ms to scan 1 urls, producing 5 keys and 32 values 
2025-06-22 21:06:22 INFO  org.reflections.Reflections:229 - Reflections took 150 ms to scan 1 urls, producing 17 keys and 270 values 
2025-06-22 21:06:22 INFO  org.reflections.Reflections:229 - Reflections took 177 ms to scan 1 urls, producing 17 keys and 270 values 
2025-06-22 21:06:22 INFO  org.reflections.Reflections:229 - Reflections took 36 ms to scan 1 urls, producing 7 keys and 37 values 
2025-06-22 21:06:23 INFO  org.reflections.Reflections:229 - Reflections took 39 ms to scan 1 urls, producing 7 keys and 37 values 
2025-06-22 21:06:23 INFO  org.reflections.Reflections:229 - Reflections took 19 ms to scan 1 urls, producing 5 keys and 32 values 
2025-06-22 21:06:23 INFO  org.reflections.Reflections:229 - Reflections took 20 ms to scan 1 urls, producing 5 keys and 32 values 
2025-06-22 21:06:31 INFO  org.reflections.Reflections:229 - Reflections took 117 ms to scan 1 urls, producing 17 keys and 270 values 
2025-06-22 21:06:31 INFO  org.reflections.Reflections:229 - Reflections took 129 ms to scan 1 urls, producing 17 keys and 270 values 
2025-06-22 21:06:31 INFO  org.reflections.Reflections:229 - Reflections took 28 ms to scan 1 urls, producing 7 keys and 37 values 
2025-06-22 21:06:31 INFO  org.reflections.Reflections:229 - Reflections took 54 ms to scan 1 urls, producing 5 keys and 32 values 
2025-06-22 21:06:31 INFO  org.reflections.Reflections:229 - Reflections took 52 ms to scan 1 urls, producing 7 keys and 37 values 
2025-06-22 21:06:32 INFO  org.reflections.Reflections:229 - Reflections took 22 ms to scan 1 urls, producing 5 keys and 32 values 
2025-06-22 21:06:32 INFO  org.reflections.Reflections:229 - Reflections took 125 ms to scan 1 urls, producing 17 keys and 270 values 
2025-06-22 21:06:32 INFO  org.reflections.Reflections:229 - Reflections took 21 ms to scan 1 urls, producing 7 keys and 37 values 
2025-06-22 21:06:32 INFO  org.reflections.Reflections:229 - Reflections took 13 ms to scan 1 urls, producing 5 keys and 32 values 
2025-06-22 21:06:37 INFO  org.reflections.Reflections:229 - Reflections took 171 ms to scan 1 urls, producing 17 keys and 270 values 
2025-06-22 21:06:37 INFO  org.reflections.Reflections:229 - Reflections took 174 ms to scan 1 urls, producing 17 keys and 270 values 
2025-06-22 21:06:38 INFO  org.reflections.Reflections:229 - Reflections took 36 ms to scan 1 urls, producing 7 keys and 37 values 
2025-06-22 21:06:38 INFO  org.reflections.Reflections:229 - Reflections took 34 ms to scan 1 urls, producing 7 keys and 37 values 
2025-06-22 21:06:38 INFO  org.reflections.Reflections:229 - Reflections took 14 ms to scan 1 urls, producing 5 keys and 32 values 
2025-06-22 21:06:38 INFO  org.reflections.Reflections:229 - Reflections took 20 ms to scan 1 urls, producing 5 keys and 32 values 
2025-06-22 21:06:42 INFO  org.reflections.Reflections:229 - Reflections took 206 ms to scan 1 urls, producing 17 keys and 270 values 
2025-06-22 21:06:42 INFO  org.reflections.Reflections:229 - Reflections took 36 ms to scan 1 urls, producing 7 keys and 37 values 
2025-06-22 21:06:42 INFO  org.reflections.Reflections:229 - Reflections took 20 ms to scan 1 urls, producing 5 keys and 32 values 
2025-06-22 21:06:46 INFO  org.reflections.Reflections:229 - Reflections took 160 ms to scan 1 urls, producing 17 keys and 270 values 
2025-06-22 21:06:46 INFO  org.reflections.Reflections:229 - Reflections took 38 ms to scan 1 urls, producing 7 keys and 37 values 
2025-06-22 21:06:46 INFO  org.reflections.Reflections:229 - Reflections took 14 ms to scan 1 urls, producing 5 keys and 32 values 
2025-06-22 21:06:57 INFO  org.reflections.Reflections:229 - Reflections took 173 ms to scan 1 urls, producing 17 keys and 270 values 
2025-06-22 21:06:57 INFO  org.reflections.Reflections:229 - Reflections took 28 ms to scan 1 urls, producing 7 keys and 37 values 
2025-06-22 21:06:57 INFO  org.reflections.Reflections:229 - Reflections took 15 ms to scan 1 urls, producing 5 keys and 32 values 
2025-06-22 21:06:57 INFO  org.reflections.Reflections:229 - Reflections took 130 ms to scan 1 urls, producing 17 keys and 270 values 
2025-06-22 21:06:58 INFO  org.reflections.Reflections:229 - Reflections took 24 ms to scan 1 urls, producing 7 keys and 37 values 
2025-06-22 21:06:58 INFO  org.reflections.Reflections:229 - Reflections took 132 ms to scan 1 urls, producing 17 keys and 270 values 
2025-06-22 21:06:58 INFO  org.reflections.Reflections:229 - Reflections took 12 ms to scan 1 urls, producing 5 keys and 32 values 
2025-06-22 21:06:58 INFO  org.reflections.Reflections:229 - Reflections took 33 ms to scan 1 urls, producing 7 keys and 37 values 
2025-06-22 21:06:58 INFO  org.reflections.Reflections:229 - Reflections took 16 ms to scan 1 urls, producing 5 keys and 32 values 
2025-06-22 21:06:58 INFO  org.reflections.Reflections:229 - Reflections took 138 ms to scan 1 urls, producing 17 keys and 270 values 
2025-06-22 21:06:59 INFO  org.reflections.Reflections:229 - Reflections took 46 ms to scan 1 urls, producing 7 keys and 37 values 
2025-06-22 21:06:59 INFO  org.reflections.Reflections:229 - Reflections took 23 ms to scan 1 urls, producing 5 keys and 32 values 
2025-06-22 21:07:06 INFO  org.reflections.Reflections:229 - Reflections took 164 ms to scan 1 urls, producing 17 keys and 270 values 
2025-06-22 21:07:06 INFO  org.reflections.Reflections:229 - Reflections took 47 ms to scan 1 urls, producing 7 keys and 37 values 
2025-06-22 21:07:06 INFO  org.reflections.Reflections:229 - Reflections took 13 ms to scan 1 urls, producing 5 keys and 32 values 
2025-06-22 21:07:08 INFO  org.reflections.Reflections:229 - Reflections took 320 ms to scan 1 urls, producing 17 keys and 270 values 
2025-06-22 21:07:09 INFO  org.reflections.Reflections:229 - Reflections took 49 ms to scan 1 urls, producing 7 keys and 37 values 
2025-06-22 21:07:09 INFO  org.reflections.Reflections:229 - Reflections took 17 ms to scan 1 urls, producing 5 keys and 32 values 
2025-06-22 21:07:21 INFO  org.reflections.Reflections:229 - Reflections took 175 ms to scan 1 urls, producing 17 keys and 270 values 
2025-06-22 21:07:21 INFO  org.reflections.Reflections:229 - Reflections took 38 ms to scan 1 urls, producing 7 keys and 37 values 
2025-06-22 21:07:21 INFO  org.reflections.Reflections:229 - Reflections took 11 ms to scan 1 urls, producing 5 keys and 32 values 
2025-06-22 21:07:22 INFO  org.reflections.Reflections:229 - Reflections took 129 ms to scan 1 urls, producing 17 keys and 270 values 
2025-06-22 21:07:22 INFO  org.reflections.Reflections:229 - Reflections took 28 ms to scan 1 urls, producing 7 keys and 37 values 
2025-06-22 21:07:22 INFO  org.reflections.Reflections:229 - Reflections took 121 ms to scan 1 urls, producing 17 keys and 270 values 
2025-06-22 21:07:22 INFO  org.reflections.Reflections:229 - Reflections took 17 ms to scan 1 urls, producing 5 keys and 32 values 
2025-06-22 21:07:22 INFO  org.reflections.Reflections:229 - Reflections took 33 ms to scan 1 urls, producing 7 keys and 37 values 
2025-06-22 21:07:22 INFO  org.reflections.Reflections:229 - Reflections took 14 ms to scan 1 urls, producing 5 keys and 32 values 
2025-06-22 21:07:24 INFO  org.reflections.Reflections:229 - Reflections took 237 ms to scan 1 urls, producing 17 keys and 270 values 
2025-06-22 21:07:24 INFO  org.reflections.Reflections:229 - Reflections took 43 ms to scan 1 urls, producing 7 keys and 37 values 
2025-06-22 21:07:25 INFO  org.reflections.Reflections:229 - Reflections took 20 ms to scan 1 urls, producing 5 keys and 32 values 
2025-06-22 21:07:35 INFO  org.reflections.Reflections:229 - Reflections took 136 ms to scan 1 urls, producing 17 keys and 270 values 
2025-06-22 21:07:35 INFO  org.reflections.Reflections:229 - Reflections took 28 ms to scan 1 urls, producing 7 keys and 37 values 
2025-06-22 21:07:35 INFO  org.reflections.Reflections:229 - Reflections took 10 ms to scan 1 urls, producing 5 keys and 32 values 
2025-06-22 21:07:37 INFO  org.reflections.Reflections:229 - Reflections took 179 ms to scan 1 urls, producing 17 keys and 270 values 
2025-06-22 21:07:37 INFO  org.reflections.Reflections:229 - Reflections took 36 ms to scan 1 urls, producing 7 keys and 37 values 
2025-06-22 21:07:37 INFO  org.reflections.Reflections:229 - Reflections took 14 ms to scan 1 urls, producing 5 keys and 32 values 
2025-06-22 21:07:38 INFO  org.reflections.Reflections:229 - Reflections took 152 ms to scan 1 urls, producing 17 keys and 270 values 
2025-06-22 21:07:38 INFO  org.reflections.Reflections:229 - Reflections took 38 ms to scan 1 urls, producing 7 keys and 37 values 
2025-06-22 21:07:39 INFO  org.reflections.Reflections:229 - Reflections took 17 ms to scan 1 urls, producing 5 keys and 32 values 
2025-06-22 21:07:39 INFO  org.reflections.Reflections:229 - Reflections took 205 ms to scan 1 urls, producing 17 keys and 270 values 
2025-06-22 21:07:39 INFO  org.reflections.Reflections:229 - Reflections took 101 ms to scan 1 urls, producing 7 keys and 37 values 
2025-06-22 21:07:39 INFO  org.reflections.Reflections:229 - Reflections took 23 ms to scan 1 urls, producing 5 keys and 32 values 
2025-06-22 21:07:43 INFO  org.reflections.Reflections:229 - Reflections took 236 ms to scan 1 urls, producing 17 keys and 270 values 
2025-06-22 21:07:43 INFO  org.reflections.Reflections:229 - Reflections took 41 ms to scan 1 urls, producing 7 keys and 37 values 
2025-06-22 21:07:44 INFO  org.reflections.Reflections:229 - Reflections took 17 ms to scan 1 urls, producing 5 keys and 32 values 
2025-06-22 21:07:45 INFO  org.reflections.Reflections:229 - Reflections took 211 ms to scan 1 urls, producing 17 keys and 270 values 
2025-06-22 21:07:45 INFO  org.reflections.Reflections:229 - Reflections took 73 ms to scan 1 urls, producing 7 keys and 37 values 
2025-06-22 21:07:45 INFO  org.reflections.Reflections:229 - Reflections took 18 ms to scan 1 urls, producing 5 keys and 32 values 
2025-06-22 21:07:46 INFO  org.reflections.Reflections:229 - Reflections took 244 ms to scan 1 urls, producing 17 keys and 270 values 
2025-06-22 21:07:46 INFO  org.reflections.Reflections:229 - Reflections took 38 ms to scan 1 urls, producing 7 keys and 37 values 
2025-06-22 21:07:46 INFO  org.reflections.Reflections:229 - Reflections took 14 ms to scan 1 urls, producing 5 keys and 32 values 
2025-06-22 21:07:58 INFO  org.reflections.Reflections:229 - Reflections took 142 ms to scan 1 urls, producing 17 keys and 270 values 
2025-06-22 21:07:58 INFO  org.reflections.Reflections:229 - Reflections took 32 ms to scan 1 urls, producing 7 keys and 37 values 
2025-06-22 21:07:58 INFO  org.reflections.Reflections:229 - Reflections took 17 ms to scan 1 urls, producing 5 keys and 32 values 
2025-06-22 21:07:59 INFO  org.reflections.Reflections:229 - Reflections took 153 ms to scan 1 urls, producing 17 keys and 270 values 
2025-06-22 21:07:59 INFO  org.reflections.Reflections:229 - Reflections took 174 ms to scan 1 urls, producing 17 keys and 270 values 
2025-06-22 21:08:00 INFO  org.reflections.Reflections:229 - Reflections took 49 ms to scan 1 urls, producing 7 keys and 37 values 
2025-06-22 21:08:00 INFO  org.reflections.Reflections:229 - Reflections took 56 ms to scan 1 urls, producing 7 keys and 37 values 
2025-06-22 21:08:00 INFO  org.reflections.Reflections:229 - Reflections took 20 ms to scan 1 urls, producing 5 keys and 32 values 
2025-06-22 21:08:00 INFO  org.reflections.Reflections:229 - Reflections took 16 ms to scan 1 urls, producing 5 keys and 32 values 
2025-06-22 21:08:01 INFO  org.reflections.Reflections:229 - Reflections took 232 ms to scan 1 urls, producing 17 keys and 270 values 
2025-06-22 21:08:02 INFO  org.reflections.Reflections:229 - Reflections took 93 ms to scan 1 urls, producing 7 keys and 37 values 
2025-06-22 21:08:02 INFO  org.reflections.Reflections:229 - Reflections took 22 ms to scan 1 urls, producing 5 keys and 32 values 
2025-06-22 21:08:03 INFO  org.reflections.Reflections:229 - Reflections took 305 ms to scan 1 urls, producing 17 keys and 270 values 
2025-06-22 21:08:03 INFO  org.reflections.Reflections:229 - Reflections took 121 ms to scan 1 urls, producing 7 keys and 37 values 
2025-06-22 21:08:04 INFO  org.reflections.Reflections:229 - Reflections took 15 ms to scan 1 urls, producing 5 keys and 32 values 
2025-06-22 21:08:13 INFO  org.reflections.Reflections:229 - Reflections took 131 ms to scan 1 urls, producing 17 keys and 270 values 
2025-06-22 21:08:13 INFO  org.reflections.Reflections:229 - Reflections took 37 ms to scan 1 urls, producing 7 keys and 37 values 
2025-06-22 21:08:13 INFO  org.reflections.Reflections:229 - Reflections took 16 ms to scan 1 urls, producing 5 keys and 32 values 
2025-06-22 21:08:18 INFO  org.reflections.Reflections:229 - Reflections took 140 ms to scan 1 urls, producing 17 keys and 270 values 
2025-06-22 21:08:18 INFO  org.reflections.Reflections:229 - Reflections took 31 ms to scan 1 urls, producing 7 keys and 37 values 
2025-06-22 21:08:18 INFO  org.reflections.Reflections:229 - Reflections took 15 ms to scan 1 urls, producing 5 keys and 32 values 
2025-06-22 21:08:18 ERROR edu.pitt.dbmi.data.reader.tabular.TabularDataFileReader:920 - Non-continuous number inf on line 624 at column 20.
java.lang.NumberFormatException: For input string: "inf"
	at sun.misc.FloatingDecimal.readJavaFormatString(FloatingDecimal.java:2043)
	at sun.misc.FloatingDecimal.parseDouble(FloatingDecimal.java:110)
	at java.lang.Double.parseDouble(Double.java:538)
	at edu.pitt.dbmi.data.reader.tabular.TabularDataFileReader.readInContinuousData(TabularDataFileReader.java:917)
	at edu.pitt.dbmi.data.reader.tabular.TabularDataFileReader.read(TabularDataFileReader.java:319)
	at edu.pitt.dbmi.data.reader.tabular.ContinuousTabularDatasetFileReader.readInData(ContinuousTabularDatasetFileReader.java:68)
	at edu.pitt.dbmi.data.reader.tabular.ContinuousTabularDatasetFileReader.readInData(ContinuousTabularDatasetFileReader.java:49)
2025-06-22 21:08:21 INFO  org.reflections.Reflections:229 - Reflections took 154 ms to scan 1 urls, producing 17 keys and 270 values 
2025-06-22 21:08:21 INFO  org.reflections.Reflections:229 - Reflections took 36 ms to scan 1 urls, producing 7 keys and 37 values 
2025-06-22 21:08:21 INFO  org.reflections.Reflections:229 - Reflections took 145 ms to scan 1 urls, producing 17 keys and 270 values 
2025-06-22 21:08:21 INFO  org.reflections.Reflections:229 - Reflections took 19 ms to scan 1 urls, producing 5 keys and 32 values 
2025-06-22 21:08:21 INFO  org.reflections.Reflections:229 - Reflections took 28 ms to scan 1 urls, producing 7 keys and 37 values 
2025-06-22 21:08:21 INFO  org.reflections.Reflections:229 - Reflections took 15 ms to scan 1 urls, producing 5 keys and 32 values 
2025-06-22 21:08:22 INFO  org.reflections.Reflections:229 - Reflections took 128 ms to scan 1 urls, producing 17 keys and 270 values 
2025-06-22 21:08:22 INFO  org.reflections.Reflections:229 - Reflections took 28 ms to scan 1 urls, producing 7 keys and 37 values 
2025-06-22 21:08:22 INFO  org.reflections.Reflections:229 - Reflections took 19 ms to scan 1 urls, producing 5 keys and 32 values 
2025-06-22 21:08:25 INFO  org.reflections.Reflections:229 - Reflections took 284 ms to scan 1 urls, producing 17 keys and 270 values 
2025-06-22 21:08:25 INFO  org.reflections.Reflections:229 - Reflections took 70 ms to scan 1 urls, producing 7 keys and 37 values 
2025-06-22 21:08:26 INFO  org.reflections.Reflections:229 - Reflections took 16 ms to scan 1 urls, producing 5 keys and 32 values 
2025-06-22 21:08:26 INFO  org.reflections.Reflections:229 - Reflections took 171 ms to scan 1 urls, producing 17 keys and 270 values 
2025-06-22 21:08:27 INFO  org.reflections.Reflections:229 - Reflections took 32 ms to scan 1 urls, producing 7 keys and 37 values 
2025-06-22 21:08:27 INFO  org.reflections.Reflections:229 - Reflections took 17 ms to scan 1 urls, producing 5 keys and 32 values 
2025-06-22 21:08:44 INFO  org.reflections.Reflections:229 - Reflections took 132 ms to scan 1 urls, producing 17 keys and 270 values 
2025-06-22 21:08:44 INFO  org.reflections.Reflections:229 - Reflections took 136 ms to scan 1 urls, producing 17 keys and 270 values 
2025-06-22 21:08:44 INFO  org.reflections.Reflections:229 - Reflections took 21 ms to scan 1 urls, producing 7 keys and 37 values 
2025-06-22 21:08:44 INFO  org.reflections.Reflections:229 - Reflections took 26 ms to scan 1 urls, producing 7 keys and 37 values 
2025-06-22 21:08:44 INFO  org.reflections.Reflections:229 - Reflections took 10 ms to scan 1 urls, producing 5 keys and 32 values 
2025-06-22 21:08:44 INFO  org.reflections.Reflections:229 - Reflections took 15 ms to scan 1 urls, producing 5 keys and 32 values 
2025-06-22 21:08:48 INFO  org.reflections.Reflections:229 - Reflections took 277 ms to scan 1 urls, producing 17 keys and 270 values 
2025-06-22 21:08:48 INFO  org.reflections.Reflections:229 - Reflections took 45 ms to scan 1 urls, producing 7 keys and 37 values 
2025-06-22 21:08:48 INFO  org.reflections.Reflections:229 - Reflections took 15 ms to scan 1 urls, producing 5 keys and 32 values 
2025-06-22 21:08:51 INFO  org.reflections.Reflections:229 - Reflections took 202 ms to scan 1 urls, producing 17 keys and 270 values 
2025-06-22 21:08:51 INFO  org.reflections.Reflections:229 - Reflections took 78 ms to scan 1 urls, producing 7 keys and 37 values 
2025-06-22 21:08:51 INFO  org.reflections.Reflections:229 - Reflections took 16 ms to scan 1 urls, producing 5 keys and 32 values 
2025-06-22 21:08:57 INFO  org.reflections.Reflections:229 - Reflections took 148 ms to scan 1 urls, producing 17 keys and 270 values 
2025-06-22 21:08:57 INFO  org.reflections.Reflections:229 - Reflections took 28 ms to scan 1 urls, producing 7 keys and 37 values 
2025-06-22 21:08:58 INFO  org.reflections.Reflections:229 - Reflections took 18 ms to scan 1 urls, producing 5 keys and 32 values 
2025-06-22 21:08:58 INFO  org.reflections.Reflections:229 - Reflections took 151 ms to scan 1 urls, producing 17 keys and 270 values 
2025-06-22 21:08:59 INFO  org.reflections.Reflections:229 - Reflections took 32 ms to scan 1 urls, producing 7 keys and 37 values 
2025-06-22 21:08:59 INFO  org.reflections.Reflections:229 - Reflections took 16 ms to scan 1 urls, producing 5 keys and 32 values 
2025-06-22 21:09:00 INFO  org.reflections.Reflections:229 - Reflections took 246 ms to scan 1 urls, producing 17 keys and 270 values 
2025-06-22 21:09:00 INFO  org.reflections.Reflections:229 - Reflections took 52 ms to scan 1 urls, producing 7 keys and 37 values 
2025-06-22 21:09:00 INFO  org.reflections.Reflections:229 - Reflections took 13 ms to scan 1 urls, producing 5 keys and 32 values 
2025-06-22 21:10:26 INFO  org.reflections.Reflections:229 - Reflections took 174 ms to scan 1 urls, producing 17 keys and 270 values 
2025-06-22 21:10:26 INFO  org.reflections.Reflections:229 - Reflections took 32 ms to scan 1 urls, producing 7 keys and 37 values 
2025-06-22 21:10:27 INFO  org.reflections.Reflections:229 - Reflections took 15 ms to scan 1 urls, producing 5 keys and 32 values 
2025-06-22 21:11:28 INFO  org.reflections.Reflections:229 - Reflections took 164 ms to scan 1 urls, producing 17 keys and 270 values 
2025-06-22 21:11:28 INFO  org.reflections.Reflections:229 - Reflections took 25 ms to scan 1 urls, producing 7 keys and 37 values 
2025-06-22 21:11:28 INFO  org.reflections.Reflections:229 - Reflections took 13 ms to scan 1 urls, producing 5 keys and 32 values 
2025-06-22 21:11:36 INFO  org.reflections.Reflections:229 - Reflections took 154 ms to scan 1 urls, producing 17 keys and 270 values 
2025-06-22 21:11:36 INFO  org.reflections.Reflections:229 - Reflections took 32 ms to scan 1 urls, producing 7 keys and 37 values 
2025-06-22 21:11:37 INFO  org.reflections.Reflections:229 - Reflections took 17 ms to scan 1 urls, producing 5 keys and 32 values 
2025-06-22 21:11:39 INFO  org.reflections.Reflections:229 - Reflections took 196 ms to scan 1 urls, producing 17 keys and 270 values 
2025-06-22 21:11:39 INFO  org.reflections.Reflections:229 - Reflections took 44 ms to scan 1 urls, producing 7 keys and 37 values 
2025-06-22 21:11:39 INFO  org.reflections.Reflections:229 - Reflections took 15 ms to scan 1 urls, producing 5 keys and 32 values 
2025-06-22 21:12:49 INFO  org.reflections.Reflections:229 - Reflections took 159 ms to scan 1 urls, producing 17 keys and 270 values 
2025-06-22 21:12:49 INFO  org.reflections.Reflections:229 - Reflections took 32 ms to scan 1 urls, producing 7 keys and 37 values 
2025-06-22 21:12:49 INFO  org.reflections.Reflections:229 - Reflections took 16 ms to scan 1 urls, producing 5 keys and 32 values 
2025-06-22 21:13:21 INFO  org.reflections.Reflections:229 - Reflections took 157 ms to scan 1 urls, producing 17 keys and 270 values 
2025-06-22 21:13:22 INFO  org.reflections.Reflections:229 - Reflections took 30 ms to scan 1 urls, producing 7 keys and 37 values 
2025-06-22 21:13:22 INFO  org.reflections.Reflections:229 - Reflections took 16 ms to scan 1 urls, producing 5 keys and 32 values 
2025-06-22 21:14:23 INFO  org.reflections.Reflections:229 - Reflections took 142 ms to scan 1 urls, producing 17 keys and 270 values 
2025-06-22 21:14:24 INFO  org.reflections.Reflections:229 - Reflections took 26 ms to scan 1 urls, producing 7 keys and 37 values 
2025-06-22 21:14:24 INFO  org.reflections.Reflections:229 - Reflections took 14 ms to scan 1 urls, producing 5 keys and 32 values 
2025-06-22 21:14:56 INFO  org.reflections.Reflections:229 - Reflections took 138 ms to scan 1 urls, producing 17 keys and 270 values 
2025-06-22 21:14:56 INFO  org.reflections.Reflections:229 - Reflections took 30 ms to scan 1 urls, producing 7 keys and 37 values 
2025-06-22 21:14:56 INFO  org.reflections.Reflections:229 - Reflections took 14 ms to scan 1 urls, producing 5 keys and 32 values 
2025-06-22 21:15:11 INFO  org.reflections.Reflections:229 - Reflections took 171 ms to scan 1 urls, producing 17 keys and 270 values 
2025-06-22 21:15:11 INFO  org.reflections.Reflections:229 - Reflections took 40 ms to scan 1 urls, producing 7 keys and 37 values 
2025-06-22 21:15:11 INFO  org.reflections.Reflections:229 - Reflections took 11 ms to scan 1 urls, producing 5 keys and 32 values 
2025-06-22 21:15:22 INFO  org.reflections.Reflections:229 - Reflections took 157 ms to scan 1 urls, producing 17 keys and 270 values 
2025-06-22 21:15:22 INFO  org.reflections.Reflections:229 - Reflections took 40 ms to scan 1 urls, producing 7 keys and 37 values 
2025-06-22 21:15:22 INFO  org.reflections.Reflections:229 - Reflections took 17 ms to scan 1 urls, producing 5 keys and 32 values 
2025-06-22 21:15:38 INFO  org.reflections.Reflections:229 - Reflections took 159 ms to scan 1 urls, producing 17 keys and 270 values 
2025-06-22 21:15:38 INFO  org.reflections.Reflections:229 - Reflections took 31 ms to scan 1 urls, producing 7 keys and 37 values 
2025-06-22 21:15:38 INFO  org.reflections.Reflections:229 - Reflections took 17 ms to scan 1 urls, producing 5 keys and 32 values 
2025-06-22 21:16:25 INFO  org.reflections.Reflections:229 - Reflections took 170 ms to scan 1 urls, producing 17 keys and 270 values 
2025-06-22 21:16:25 INFO  org.reflections.Reflections:229 - Reflections took 35 ms to scan 1 urls, producing 7 keys and 37 values 
2025-06-22 21:16:25 INFO  org.reflections.Reflections:229 - Reflections took 18 ms to scan 1 urls, producing 5 keys and 32 values 
2025-06-22 21:17:57 INFO  org.reflections.Reflections:229 - Reflections took 239 ms to scan 1 urls, producing 17 keys and 270 values 
2025-06-22 21:17:57 INFO  org.reflections.Reflections:229 - Reflections took 45 ms to scan 1 urls, producing 7 keys and 37 values 
2025-06-22 21:17:57 INFO  org.reflections.Reflections:229 - Reflections took 17 ms to scan 1 urls, producing 5 keys and 32 values 
2025-06-22 21:22:34 INFO  org.reflections.Reflections:229 - Reflections took 166 ms to scan 1 urls, producing 17 keys and 270 values 
2025-06-22 21:22:35 INFO  org.reflections.Reflections:229 - Reflections took 36 ms to scan 1 urls, producing 7 keys and 37 values 
2025-06-22 21:22:35 INFO  org.reflections.Reflections:229 - Reflections took 17 ms to scan 1 urls, producing 5 keys and 32 values 
2025-06-22 21:23:16 INFO  org.reflections.Reflections:229 - Reflections took 166 ms to scan 1 urls, producing 17 keys and 270 values 
2025-06-22 21:23:17 INFO  org.reflections.Reflections:229 - Reflections took 46 ms to scan 1 urls, producing 7 keys and 37 values 
2025-06-22 21:23:17 INFO  org.reflections.Reflections:229 - Reflections took 15 ms to scan 1 urls, producing 5 keys and 32 values 
2025-06-22 21:26:29 INFO  org.reflections.Reflections:229 - Reflections took 160 ms to scan 1 urls, producing 17 keys and 270 values 
2025-06-22 21:26:29 INFO  org.reflections.Reflections:229 - Reflections took 33 ms to scan 1 urls, producing 7 keys and 37 values 
2025-06-22 21:26:30 INFO  org.reflections.Reflections:229 - Reflections took 20 ms to scan 1 urls, producing 5 keys and 32 values 
2025-06-22 21:28:53 INFO  org.reflections.Reflections:229 - Reflections took 160 ms to scan 1 urls, producing 17 keys and 270 values 
2025-06-22 21:28:53 INFO  org.reflections.Reflections:229 - Reflections took 38 ms to scan 1 urls, producing 7 keys and 37 values 
2025-06-22 21:28:53 INFO  org.reflections.Reflections:229 - Reflections took 20 ms to scan 1 urls, producing 5 keys and 32 values 
2025-06-22 21:29:14 INFO  org.reflections.Reflections:229 - Reflections took 153 ms to scan 1 urls, producing 17 keys and 270 values 
2025-06-22 21:29:14 INFO  org.reflections.Reflections:229 - Reflections took 47 ms to scan 1 urls, producing 7 keys and 37 values 
2025-06-22 21:29:14 INFO  org.reflections.Reflections:229 - Reflections took 16 ms to scan 1 urls, producing 5 keys and 32 values 
2025-06-22 21:32:34 INFO  org.reflections.Reflections:229 - Reflections took 159 ms to scan 1 urls, producing 17 keys and 270 values 
2025-06-22 21:32:34 INFO  org.reflections.Reflections:229 - Reflections took 35 ms to scan 1 urls, producing 7 keys and 37 values 
2025-06-22 21:32:34 INFO  org.reflections.Reflections:229 - Reflections took 13 ms to scan 1 urls, producing 5 keys and 32 values 
2025-06-22 21:34:26 INFO  org.reflections.Reflections:229 - Reflections took 162 ms to scan 1 urls, producing 17 keys and 270 values 
2025-06-22 21:34:27 INFO  org.reflections.Reflections:229 - Reflections took 30 ms to scan 1 urls, producing 7 keys and 37 values 
2025-06-22 21:34:27 INFO  org.reflections.Reflections:229 - Reflections took 12 ms to scan 1 urls, producing 5 keys and 32 values 
2025-06-22 21:36:24 INFO  org.reflections.Reflections:229 - Reflections took 160 ms to scan 1 urls, producing 17 keys and 270 values 
2025-06-22 21:36:25 INFO  org.reflections.Reflections:229 - Reflections took 44 ms to scan 1 urls, producing 7 keys and 37 values 
2025-06-22 21:36:25 INFO  org.reflections.Reflections:229 - Reflections took 12 ms to scan 1 urls, producing 5 keys and 32 values 
2025-06-22 21:39:01 INFO  org.reflections.Reflections:229 - Reflections took 161 ms to scan 1 urls, producing 17 keys and 270 values 
2025-06-22 21:39:01 INFO  org.reflections.Reflections:229 - Reflections took 27 ms to scan 1 urls, producing 7 keys and 37 values 
2025-06-22 21:39:02 INFO  org.reflections.Reflections:229 - Reflections took 15 ms to scan 1 urls, producing 5 keys and 32 values 
2025-06-22 21:39:11 INFO  org.reflections.Reflections:229 - Reflections took 163 ms to scan 1 urls, producing 17 keys and 270 values 
2025-06-22 21:39:11 INFO  org.reflections.Reflections:229 - Reflections took 52 ms to scan 1 urls, producing 7 keys and 37 values 
2025-06-22 21:39:11 INFO  org.reflections.Reflections:229 - Reflections took 14 ms to scan 1 urls, producing 5 keys and 32 values 
2025-06-22 21:40:43 INFO  org.reflections.Reflections:229 - Reflections took 157 ms to scan 1 urls, producing 17 keys and 270 values 
2025-06-22 21:40:43 INFO  org.reflections.Reflections:229 - Reflections took 37 ms to scan 1 urls, producing 7 keys and 37 values 
2025-06-22 21:40:43 INFO  org.reflections.Reflections:229 - Reflections took 14 ms to scan 1 urls, producing 5 keys and 32 values 
2025-06-22 21:41:16 INFO  org.reflections.Reflections:229 - Reflections took 159 ms to scan 1 urls, producing 17 keys and 270 values 
2025-06-22 21:41:16 INFO  org.reflections.Reflections:229 - Reflections took 35 ms to scan 1 urls, producing 7 keys and 37 values 
2025-06-22 21:41:16 INFO  org.reflections.Reflections:229 - Reflections took 12 ms to scan 1 urls, producing 5 keys and 32 values 
2025-06-22 21:42:48 INFO  org.reflections.Reflections:229 - Reflections took 198 ms to scan 1 urls, producing 17 keys and 270 values 
2025-06-22 21:42:48 INFO  org.reflections.Reflections:229 - Reflections took 54 ms to scan 1 urls, producing 7 keys and 37 values 
2025-06-22 21:42:49 INFO  org.reflections.Reflections:229 - Reflections took 17 ms to scan 1 urls, producing 5 keys and 32 values 
2025-06-22 21:45:28 INFO  org.reflections.Reflections:229 - Reflections took 154 ms to scan 1 urls, producing 17 keys and 270 values 
2025-06-22 21:45:28 INFO  org.reflections.Reflections:229 - Reflections took 27 ms to scan 1 urls, producing 7 keys and 37 values 
2025-06-22 21:45:28 INFO  org.reflections.Reflections:229 - Reflections took 13 ms to scan 1 urls, producing 5 keys and 32 values 
2025-06-22 21:48:30 INFO  org.reflections.Reflections:229 - Reflections took 160 ms to scan 1 urls, producing 17 keys and 270 values 
2025-06-22 21:48:31 INFO  org.reflections.Reflections:229 - Reflections took 39 ms to scan 1 urls, producing 7 keys and 37 values 
2025-06-22 21:48:31 INFO  org.reflections.Reflections:229 - Reflections took 14 ms to scan 1 urls, producing 5 keys and 32 values 
2025-06-22 21:48:52 INFO  org.reflections.Reflections:229 - Reflections took 154 ms to scan 1 urls, producing 17 keys and 270 values 
2025-06-22 21:48:52 INFO  org.reflections.Reflections:229 - Reflections took 36 ms to scan 1 urls, producing 7 keys and 37 values 
2025-06-22 21:48:52 INFO  org.reflections.Reflections:229 - Reflections took 16 ms to scan 1 urls, producing 5 keys and 32 values 
2025-06-22 21:48:56 INFO  org.reflections.Reflections:229 - Reflections took 215 ms to scan 1 urls, producing 17 keys and 270 values 
2025-06-22 21:48:56 INFO  org.reflections.Reflections:229 - Reflections took 69 ms to scan 1 urls, producing 7 keys and 37 values 
2025-06-22 21:48:57 INFO  org.reflections.Reflections:229 - Reflections took 22 ms to scan 1 urls, producing 5 keys and 32 values 
2025-06-22 21:51:23 INFO  org.reflections.Reflections:229 - Reflections took 148 ms to scan 1 urls, producing 17 keys and 270 values 
2025-06-22 21:51:23 INFO  org.reflections.Reflections:229 - Reflections took 36 ms to scan 1 urls, producing 7 keys and 37 values 
2025-06-22 21:51:24 INFO  org.reflections.Reflections:229 - Reflections took 12 ms to scan 1 urls, producing 5 keys and 32 values 
2025-06-22 21:53:02 INFO  org.reflections.Reflections:229 - Reflections took 159 ms to scan 1 urls, producing 17 keys and 270 values 
2025-06-22 21:53:02 INFO  org.reflections.Reflections:229 - Reflections took 53 ms to scan 1 urls, producing 7 keys and 37 values 
2025-06-22 21:53:03 INFO  org.reflections.Reflections:229 - Reflections took 21 ms to scan 1 urls, producing 5 keys and 32 values 
2025-06-22 21:53:42 INFO  org.reflections.Reflections:229 - Reflections took 170 ms to scan 1 urls, producing 17 keys and 270 values 
2025-06-22 21:53:43 INFO  org.reflections.Reflections:229 - Reflections took 41 ms to scan 1 urls, producing 7 keys and 37 values 
2025-06-22 21:53:43 INFO  org.reflections.Reflections:229 - Reflections took 15 ms to scan 1 urls, producing 5 keys and 32 values 
2025-06-22 21:57:09 INFO  org.reflections.Reflections:229 - Reflections took 195 ms to scan 1 urls, producing 17 keys and 270 values 
2025-06-22 21:57:09 INFO  org.reflections.Reflections:229 - Reflections took 44 ms to scan 1 urls, producing 7 keys and 37 values 
2025-06-22 21:57:09 INFO  org.reflections.Reflections:229 - Reflections took 13 ms to scan 1 urls, producing 5 keys and 32 values 
2025-06-22 21:57:29 INFO  org.reflections.Reflections:229 - Reflections took 149 ms to scan 1 urls, producing 17 keys and 270 values 
2025-06-22 21:57:29 INFO  org.reflections.Reflections:229 - Reflections took 37 ms to scan 1 urls, producing 7 keys and 37 values 
2025-06-22 21:57:30 INFO  org.reflections.Reflections:229 - Reflections took 16 ms to scan 1 urls, producing 5 keys and 32 values 
2025-06-22 21:58:07 INFO  org.reflections.Reflections:229 - Reflections took 164 ms to scan 1 urls, producing 17 keys and 270 values 
2025-06-22 21:58:08 INFO  org.reflections.Reflections:229 - Reflections took 40 ms to scan 1 urls, producing 7 keys and 37 values 
2025-06-22 21:58:08 INFO  org.reflections.Reflections:229 - Reflections took 18 ms to scan 1 urls, producing 5 keys and 32 values 
2025-06-22 21:58:45 INFO  org.reflections.Reflections:229 - Reflections took 153 ms to scan 1 urls, producing 17 keys and 270 values 
2025-06-22 21:58:45 INFO  org.reflections.Reflections:229 - Reflections took 46 ms to scan 1 urls, producing 7 keys and 37 values 
2025-06-22 21:58:46 INFO  org.reflections.Reflections:229 - Reflections took 17 ms to scan 1 urls, producing 5 keys and 32 values 
2025-06-22 21:59:34 INFO  org.reflections.Reflections:229 - Reflections took 173 ms to scan 1 urls, producing 17 keys and 270 values 
2025-06-22 21:59:34 INFO  org.reflections.Reflections:229 - Reflections took 41 ms to scan 1 urls, producing 7 keys and 37 values 
2025-06-22 21:59:35 INFO  org.reflections.Reflections:229 - Reflections took 18 ms to scan 1 urls, producing 5 keys and 32 values 
2025-06-22 21:59:59 INFO  org.reflections.Reflections:229 - Reflections took 167 ms to scan 1 urls, producing 17 keys and 270 values 
2025-06-22 21:59:59 INFO  org.reflections.Reflections:229 - Reflections took 40 ms to scan 1 urls, producing 7 keys and 37 values 
2025-06-22 21:59:59 INFO  org.reflections.Reflections:229 - Reflections took 15 ms to scan 1 urls, producing 5 keys and 32 values 
2025-06-22 22:00:23 INFO  org.reflections.Reflections:229 - Reflections took 164 ms to scan 1 urls, producing 17 keys and 270 values 
2025-06-22 22:00:23 INFO  org.reflections.Reflections:229 - Reflections took 41 ms to scan 1 urls, producing 7 keys and 37 values 
2025-06-22 22:00:23 INFO  org.reflections.Reflections:229 - Reflections took 20 ms to scan 1 urls, producing 5 keys and 32 values 
2025-06-22 22:01:26 INFO  org.reflections.Reflections:229 - Reflections took 165 ms to scan 1 urls, producing 17 keys and 270 values 
2025-06-22 22:01:26 INFO  org.reflections.Reflections:229 - Reflections took 28 ms to scan 1 urls, producing 7 keys and 37 values 
2025-06-22 22:01:26 INFO  org.reflections.Reflections:229 - Reflections took 17 ms to scan 1 urls, producing 5 keys and 32 values 
2025-06-22 22:02:07 INFO  org.reflections.Reflections:229 - Reflections took 152 ms to scan 1 urls, producing 17 keys and 270 values 
2025-06-22 22:02:08 INFO  org.reflections.Reflections:229 - Reflections took 30 ms to scan 1 urls, producing 7 keys and 37 values 
2025-06-22 22:02:08 INFO  org.reflections.Reflections:229 - Reflections took 16 ms to scan 1 urls, producing 5 keys and 32 values 
2025-06-22 22:02:19 INFO  org.reflections.Reflections:229 - Reflections took 167 ms to scan 1 urls, producing 17 keys and 270 values 
2025-06-22 22:02:19 INFO  org.reflections.Reflections:229 - Reflections took 35 ms to scan 1 urls, producing 7 keys and 37 values 
2025-06-22 22:02:19 INFO  org.reflections.Reflections:229 - Reflections took 13 ms to scan 1 urls, producing 5 keys and 32 values 
2025-06-22 22:04:31 INFO  org.reflections.Reflections:229 - Reflections took 163 ms to scan 1 urls, producing 17 keys and 270 values 
2025-06-22 22:04:31 INFO  org.reflections.Reflections:229 - Reflections took 54 ms to scan 1 urls, producing 7 keys and 37 values 
2025-06-22 22:04:31 INFO  org.reflections.Reflections:229 - Reflections took 14 ms to scan 1 urls, producing 5 keys and 32 values 
2025-06-22 22:04:42 INFO  org.reflections.Reflections:229 - Reflections took 160 ms to scan 1 urls, producing 17 keys and 270 values 
2025-06-22 22:04:43 INFO  org.reflections.Reflections:229 - Reflections took 46 ms to scan 1 urls, producing 7 keys and 37 values 
2025-06-22 22:04:43 INFO  org.reflections.Reflections:229 - Reflections took 15 ms to scan 1 urls, producing 5 keys and 32 values 
2025-06-22 22:05:17 INFO  org.reflections.Reflections:229 - Reflections took 163 ms to scan 1 urls, producing 17 keys and 270 values 
2025-06-22 22:05:18 INFO  org.reflections.Reflections:229 - Reflections took 40 ms to scan 1 urls, producing 7 keys and 37 values 
2025-06-22 22:05:18 INFO  org.reflections.Reflections:229 - Reflections took 19 ms to scan 1 urls, producing 5 keys and 32 values 
2025-06-22 22:06:07 INFO  org.reflections.Reflections:229 - Reflections took 161 ms to scan 1 urls, producing 17 keys and 270 values 
2025-06-22 22:06:07 INFO  org.reflections.Reflections:229 - Reflections took 33 ms to scan 1 urls, producing 7 keys and 37 values 
2025-06-22 22:06:07 INFO  org.reflections.Reflections:229 - Reflections took 14 ms to scan 1 urls, producing 5 keys and 32 values 
2025-06-22 22:06:19 INFO  org.reflections.Reflections:229 - Reflections took 152 ms to scan 1 urls, producing 17 keys and 270 values 
2025-06-22 22:06:19 INFO  org.reflections.Reflections:229 - Reflections took 34 ms to scan 1 urls, producing 7 keys and 37 values 
2025-06-22 22:06:19 INFO  org.reflections.Reflections:229 - Reflections took 14 ms to scan 1 urls, producing 5 keys and 32 values 
2025-06-22 22:07:34 INFO  org.reflections.Reflections:229 - Reflections took 138 ms to scan 1 urls, producing 17 keys and 270 values 
2025-06-22 22:07:34 INFO  org.reflections.Reflections:229 - Reflections took 26 ms to scan 1 urls, producing 7 keys and 37 values 
2025-06-22 22:07:35 INFO  org.reflections.Reflections:229 - Reflections took 12 ms to scan 1 urls, producing 5 keys and 32 values 
2025-06-22 22:07:42 INFO  org.reflections.Reflections:229 - Reflections took 156 ms to scan 1 urls, producing 17 keys and 270 values 
2025-06-22 22:07:42 INFO  org.reflections.Reflections:229 - Reflections took 36 ms to scan 1 urls, producing 7 keys and 37 values 
2025-06-22 22:07:42 INFO  org.reflections.Reflections:229 - Reflections took 12 ms to scan 1 urls, producing 5 keys and 32 values 
2025-06-22 22:07:57 INFO  org.reflections.Reflections:229 - Reflections took 157 ms to scan 1 urls, producing 17 keys and 270 values 
2025-06-22 22:07:57 INFO  org.reflections.Reflections:229 - Reflections took 58 ms to scan 1 urls, producing 7 keys and 37 values 
2025-06-22 22:07:58 INFO  org.reflections.Reflections:229 - Reflections took 12 ms to scan 1 urls, producing 5 keys and 32 values 
2025-06-22 22:08:24 INFO  org.reflections.Reflections:229 - Reflections took 152 ms to scan 1 urls, producing 17 keys and 270 values 
2025-06-22 22:08:25 INFO  org.reflections.Reflections:229 - Reflections took 45 ms to scan 1 urls, producing 7 keys and 37 values 
2025-06-22 22:08:25 INFO  org.reflections.Reflections:229 - Reflections took 13 ms to scan 1 urls, producing 5 keys and 32 values 
2025-06-22 22:09:46 INFO  org.reflections.Reflections:229 - Reflections took 172 ms to scan 1 urls, producing 17 keys and 270 values 
2025-06-22 22:09:46 INFO  org.reflections.Reflections:229 - Reflections took 37 ms to scan 1 urls, producing 7 keys and 37 values 
2025-06-22 22:09:46 INFO  org.reflections.Reflections:229 - Reflections took 12 ms to scan 1 urls, producing 5 keys and 32 values 
2025-06-22 22:12:53 INFO  org.reflections.Reflections:229 - Reflections took 154 ms to scan 1 urls, producing 17 keys and 270 values 
2025-06-22 22:12:53 INFO  org.reflections.Reflections:229 - Reflections took 33 ms to scan 1 urls, producing 7 keys and 37 values 
2025-06-22 22:12:53 INFO  org.reflections.Reflections:229 - Reflections took 14 ms to scan 1 urls, producing 5 keys and 32 values 
2025-06-22 22:13:30 INFO  org.reflections.Reflections:229 - Reflections took 151 ms to scan 1 urls, producing 17 keys and 270 values 
2025-06-22 22:13:30 INFO  org.reflections.Reflections:229 - Reflections took 35 ms to scan 1 urls, producing 7 keys and 37 values 
2025-06-22 22:13:31 INFO  org.reflections.Reflections:229 - Reflections took 16 ms to scan 1 urls, producing 5 keys and 32 values 
2025-06-22 22:14:10 INFO  org.reflections.Reflections:229 - Reflections took 148 ms to scan 1 urls, producing 17 keys and 270 values 
2025-06-22 22:14:10 INFO  org.reflections.Reflections:229 - Reflections took 32 ms to scan 1 urls, producing 7 keys and 37 values 
2025-06-22 22:14:10 INFO  org.reflections.Reflections:229 - Reflections took 15 ms to scan 1 urls, producing 5 keys and 32 values 
2025-06-22 22:14:29 INFO  org.reflections.Reflections:229 - Reflections took 173 ms to scan 1 urls, producing 17 keys and 270 values 
2025-06-22 22:14:30 INFO  org.reflections.Reflections:229 - Reflections took 32 ms to scan 1 urls, producing 7 keys and 37 values 
2025-06-22 22:14:30 INFO  org.reflections.Reflections:229 - Reflections took 16 ms to scan 1 urls, producing 5 keys and 32 values 
2025-06-22 22:15:30 INFO  org.reflections.Reflections:229 - Reflections took 160 ms to scan 1 urls, producing 17 keys and 270 values 
2025-06-22 22:15:30 INFO  org.reflections.Reflections:229 - Reflections took 30 ms to scan 1 urls, producing 7 keys and 37 values 
2025-06-22 22:15:31 INFO  org.reflections.Reflections:229 - Reflections took 20 ms to scan 1 urls, producing 5 keys and 32 values 
2025-06-22 22:16:30 INFO  org.reflections.Reflections:229 - Reflections took 173 ms to scan 1 urls, producing 17 keys and 270 values 
2025-06-22 22:16:30 INFO  org.reflections.Reflections:229 - Reflections took 33 ms to scan 1 urls, producing 7 keys and 37 values 
2025-06-22 22:16:30 INFO  org.reflections.Reflections:229 - Reflections took 17 ms to scan 1 urls, producing 5 keys and 32 values 
2025-06-22 22:17:25 INFO  org.reflections.Reflections:229 - Reflections took 159 ms to scan 1 urls, producing 17 keys and 270 values 
2025-06-22 22:17:25 INFO  org.reflections.Reflections:229 - Reflections took 35 ms to scan 1 urls, producing 7 keys and 37 values 
2025-06-22 22:17:25 INFO  org.reflections.Reflections:229 - Reflections took 15 ms to scan 1 urls, producing 5 keys and 32 values 
2025-06-22 22:18:16 INFO  org.reflections.Reflections:229 - Reflections took 154 ms to scan 1 urls, producing 17 keys and 270 values 
2025-06-22 22:18:16 INFO  org.reflections.Reflections:229 - Reflections took 34 ms to scan 1 urls, producing 7 keys and 37 values 
2025-06-22 22:18:16 INFO  org.reflections.Reflections:229 - Reflections took 11 ms to scan 1 urls, producing 5 keys and 32 values 
2025-06-22 22:18:38 INFO  org.reflections.Reflections:229 - Reflections took 144 ms to scan 1 urls, producing 17 keys and 270 values 
2025-06-22 22:18:38 INFO  org.reflections.Reflections:229 - Reflections took 28 ms to scan 1 urls, producing 7 keys and 37 values 
2025-06-22 22:18:38 INFO  org.reflections.Reflections:229 - Reflections took 16 ms to scan 1 urls, producing 5 keys and 32 values 
2025-06-22 22:18:48 INFO  org.reflections.Reflections:229 - Reflections took 154 ms to scan 1 urls, producing 17 keys and 270 values 
2025-06-22 22:18:48 INFO  org.reflections.Reflections:229 - Reflections took 36 ms to scan 1 urls, producing 7 keys and 37 values 
2025-06-22 22:18:48 INFO  org.reflections.Reflections:229 - Reflections took 13 ms to scan 1 urls, producing 5 keys and 32 values 
2025-06-22 22:19:04 INFO  org.reflections.Reflections:229 - Reflections took 163 ms to scan 1 urls, producing 17 keys and 270 values 
2025-06-22 22:19:04 INFO  org.reflections.Reflections:229 - Reflections took 38 ms to scan 1 urls, producing 7 keys and 37 values 
2025-06-22 22:19:04 INFO  org.reflections.Reflections:229 - Reflections took 16 ms to scan 1 urls, producing 5 keys and 32 values 
2025-06-22 22:20:54 INFO  org.reflections.Reflections:229 - Reflections took 163 ms to scan 1 urls, producing 17 keys and 270 values 
2025-06-22 22:20:54 INFO  org.reflections.Reflections:229 - Reflections took 36 ms to scan 1 urls, producing 7 keys and 37 values 
2025-06-22 22:20:54 INFO  org.reflections.Reflections:229 - Reflections took 12 ms to scan 1 urls, producing 5 keys and 32 values 
2025-06-22 22:21:06 INFO  org.reflections.Reflections:229 - Reflections took 183 ms to scan 1 urls, producing 17 keys and 270 values 
2025-06-22 22:21:07 INFO  org.reflections.Reflections:229 - Reflections took 45 ms to scan 1 urls, producing 7 keys and 37 values 
2025-06-22 22:21:07 INFO  org.reflections.Reflections:229 - Reflections took 18 ms to scan 1 urls, producing 5 keys and 32 values 
2025-06-22 22:21:55 INFO  org.reflections.Reflections:229 - Reflections took 182 ms to scan 1 urls, producing 17 keys and 270 values 
2025-06-22 22:21:55 INFO  org.reflections.Reflections:229 - Reflections took 42 ms to scan 1 urls, producing 7 keys and 37 values 
2025-06-22 22:21:56 INFO  org.reflections.Reflections:229 - Reflections took 15 ms to scan 1 urls, producing 5 keys and 32 values 
2025-06-22 22:28:05 INFO  org.reflections.Reflections:229 - Reflections took 151 ms to scan 1 urls, producing 17 keys and 270 values 
2025-06-22 22:28:05 INFO  org.reflections.Reflections:229 - Reflections took 36 ms to scan 1 urls, producing 7 keys and 37 values 
2025-06-22 22:28:06 INFO  org.reflections.Reflections:229 - Reflections took 15 ms to scan 1 urls, producing 5 keys and 32 values 
2025-06-22 22:28:44 INFO  org.reflections.Reflections:229 - Reflections took 166 ms to scan 1 urls, producing 17 keys and 270 values 
2025-06-22 22:28:44 INFO  org.reflections.Reflections:229 - Reflections took 28 ms to scan 1 urls, producing 7 keys and 37 values 
2025-06-22 22:28:45 INFO  org.reflections.Reflections:229 - Reflections took 19 ms to scan 1 urls, producing 5 keys and 32 values 
2025-06-22 22:29:18 INFO  org.reflections.Reflections:229 - Reflections took 153 ms to scan 1 urls, producing 17 keys and 270 values 
2025-06-22 22:29:18 INFO  org.reflections.Reflections:229 - Reflections took 38 ms to scan 1 urls, producing 7 keys and 37 values 
2025-06-22 22:29:19 INFO  org.reflections.Reflections:229 - Reflections took 22 ms to scan 1 urls, producing 5 keys and 32 values 
2025-06-22 22:30:02 INFO  org.reflections.Reflections:229 - Reflections took 153 ms to scan 1 urls, producing 17 keys and 270 values 
2025-06-22 22:30:02 INFO  org.reflections.Reflections:229 - Reflections took 43 ms to scan 1 urls, producing 7 keys and 37 values 
2025-06-22 22:30:02 INFO  org.reflections.Reflections:229 - Reflections took 18 ms to scan 1 urls, producing 5 keys and 32 values 
2025-06-22 22:31:29 INFO  org.reflections.Reflections:229 - Reflections took 169 ms to scan 1 urls, producing 17 keys and 270 values 
2025-06-22 22:31:29 INFO  org.reflections.Reflections:229 - Reflections took 37 ms to scan 1 urls, producing 7 keys and 37 values 
2025-06-22 22:31:29 INFO  org.reflections.Reflections:229 - Reflections took 15 ms to scan 1 urls, producing 5 keys and 32 values 
2025-06-22 22:31:30 ERROR edu.pitt.dbmi.data.reader.tabular.TabularDataFileReader:920 - Non-continuous number inf on line 456 at column 20.
java.lang.NumberFormatException: For input string: "inf"
	at sun.misc.FloatingDecimal.readJavaFormatString(FloatingDecimal.java:2043)
	at sun.misc.FloatingDecimal.parseDouble(FloatingDecimal.java:110)
	at java.lang.Double.parseDouble(Double.java:538)
	at edu.pitt.dbmi.data.reader.tabular.TabularDataFileReader.readInContinuousData(TabularDataFileReader.java:917)
	at edu.pitt.dbmi.data.reader.tabular.TabularDataFileReader.read(TabularDataFileReader.java:319)
	at edu.pitt.dbmi.data.reader.tabular.ContinuousTabularDatasetFileReader.readInData(ContinuousTabularDatasetFileReader.java:68)
	at edu.pitt.dbmi.data.reader.tabular.ContinuousTabularDatasetFileReader.readInData(ContinuousTabularDatasetFileReader.java:49)
2025-06-22 22:32:13 INFO  org.reflections.Reflections:229 - Reflections took 146 ms to scan 1 urls, producing 17 keys and 270 values 
2025-06-22 22:32:14 INFO  org.reflections.Reflections:229 - Reflections took 28 ms to scan 1 urls, producing 7 keys and 37 values 
2025-06-22 22:32:14 INFO  org.reflections.Reflections:229 - Reflections took 15 ms to scan 1 urls, producing 5 keys and 32 values 
2025-06-22 22:32:39 INFO  org.reflections.Reflections:229 - Reflections took 152 ms to scan 1 urls, producing 17 keys and 270 values 
2025-06-22 22:32:39 INFO  org.reflections.Reflections:229 - Reflections took 31 ms to scan 1 urls, producing 7 keys and 37 values 
2025-06-22 22:32:40 INFO  org.reflections.Reflections:229 - Reflections took 21 ms to scan 1 urls, producing 5 keys and 32 values 
2025-06-22 22:37:31 INFO  org.reflections.Reflections:229 - Reflections took 133 ms to scan 1 urls, producing 17 keys and 270 values 
2025-06-22 22:37:31 INFO  org.reflections.Reflections:229 - Reflections took 29 ms to scan 1 urls, producing 7 keys and 37 values 
2025-06-22 22:37:32 INFO  org.reflections.Reflections:229 - Reflections took 14 ms to scan 1 urls, producing 5 keys and 32 values 
2025-06-22 22:37:36 INFO  org.reflections.Reflections:229 - Reflections took 165 ms to scan 1 urls, producing 17 keys and 270 values 
2025-06-22 22:37:37 INFO  org.reflections.Reflections:229 - Reflections took 34 ms to scan 1 urls, producing 7 keys and 37 values 
2025-06-22 22:37:37 INFO  org.reflections.Reflections:229 - Reflections took 17 ms to scan 1 urls, producing 5 keys and 32 values 
2025-06-22 22:39:45 INFO  org.reflections.Reflections:229 - Reflections took 161 ms to scan 1 urls, producing 17 keys and 270 values 
2025-06-22 22:39:45 INFO  org.reflections.Reflections:229 - Reflections took 30 ms to scan 1 urls, producing 7 keys and 37 values 
2025-06-22 22:39:45 INFO  org.reflections.Reflections:229 - Reflections took 11 ms to scan 1 urls, producing 5 keys and 32 values 
2025-06-22 22:41:47 INFO  org.reflections.Reflections:229 - Reflections took 126 ms to scan 1 urls, producing 17 keys and 270 values 
2025-06-22 22:41:47 INFO  org.reflections.Reflections:229 - Reflections took 24 ms to scan 1 urls, producing 7 keys and 37 values 
2025-06-22 22:41:48 INFO  org.reflections.Reflections:229 - Reflections took 14 ms to scan 1 urls, producing 5 keys and 32 values 
2025-06-22 22:42:09 INFO  org.reflections.Reflections:229 - Reflections took 169 ms to scan 1 urls, producing 17 keys and 270 values 
2025-06-22 22:42:10 INFO  org.reflections.Reflections:229 - Reflections took 32 ms to scan 1 urls, producing 7 keys and 37 values 
2025-06-22 22:42:10 INFO  org.reflections.Reflections:229 - Reflections took 19 ms to scan 1 urls, producing 5 keys and 32 values 
2025-06-22 22:42:11 INFO  org.reflections.Reflections:229 - Reflections took 137 ms to scan 1 urls, producing 17 keys and 270 values 
2025-06-22 22:42:11 INFO  org.reflections.Reflections:229 - Reflections took 27 ms to scan 1 urls, producing 7 keys and 37 values 
2025-06-22 22:42:11 INFO  org.reflections.Reflections:229 - Reflections took 10 ms to scan 1 urls, producing 5 keys and 32 values 
2025-06-22 22:42:44 INFO  org.reflections.Reflections:229 - Reflections took 180 ms to scan 1 urls, producing 17 keys and 270 values 
2025-06-22 22:42:45 INFO  org.reflections.Reflections:229 - Reflections took 39 ms to scan 1 urls, producing 7 keys and 37 values 
2025-06-22 22:42:45 INFO  org.reflections.Reflections:229 - Reflections took 16 ms to scan 1 urls, producing 5 keys and 32 values 
2025-06-22 22:44:46 INFO  org.reflections.Reflections:229 - Reflections took 146 ms to scan 1 urls, producing 17 keys and 270 values 
2025-06-22 22:44:46 INFO  org.reflections.Reflections:229 - Reflections took 31 ms to scan 1 urls, producing 7 keys and 37 values 
2025-06-22 22:44:46 INFO  org.reflections.Reflections:229 - Reflections took 15 ms to scan 1 urls, producing 5 keys and 32 values 
2025-06-22 22:45:19 INFO  org.reflections.Reflections:229 - Reflections took 133 ms to scan 1 urls, producing 17 keys and 270 values 
2025-06-22 22:45:19 INFO  org.reflections.Reflections:229 - Reflections took 37 ms to scan 1 urls, producing 7 keys and 37 values 
2025-06-22 22:45:20 INFO  org.reflections.Reflections:229 - Reflections took 13 ms to scan 1 urls, producing 5 keys and 32 values 
2025-06-22 22:45:30 INFO  org.reflections.Reflections:229 - Reflections took 149 ms to scan 1 urls, producing 17 keys and 270 values 
2025-06-22 22:45:30 INFO  org.reflections.Reflections:229 - Reflections took 36 ms to scan 1 urls, producing 7 keys and 37 values 
2025-06-22 22:45:30 INFO  org.reflections.Reflections:229 - Reflections took 12 ms to scan 1 urls, producing 5 keys and 32 values 
2025-06-22 22:46:10 INFO  org.reflections.Reflections:229 - Reflections took 147 ms to scan 1 urls, producing 17 keys and 270 values 
2025-06-22 22:46:10 INFO  org.reflections.Reflections:229 - Reflections took 96 ms to scan 1 urls, producing 7 keys and 37 values 
2025-06-22 22:46:10 INFO  org.reflections.Reflections:229 - Reflections took 15 ms to scan 1 urls, producing 5 keys and 32 values 
2025-06-22 22:47:08 INFO  org.reflections.Reflections:229 - Reflections took 132 ms to scan 1 urls, producing 17 keys and 270 values 
2025-06-22 22:47:09 INFO  org.reflections.Reflections:229 - Reflections took 25 ms to scan 1 urls, producing 7 keys and 37 values 
2025-06-22 22:47:09 INFO  org.reflections.Reflections:229 - Reflections took 10 ms to scan 1 urls, producing 5 keys and 32 values 
2025-06-22 22:47:15 INFO  org.reflections.Reflections:229 - Reflections took 155 ms to scan 1 urls, producing 17 keys and 270 values 
2025-06-22 22:47:15 INFO  org.reflections.Reflections:229 - Reflections took 32 ms to scan 1 urls, producing 7 keys and 37 values 
2025-06-22 22:47:15 INFO  org.reflections.Reflections:229 - Reflections took 17 ms to scan 1 urls, producing 5 keys and 32 values 
2025-06-22 22:48:05 INFO  org.reflections.Reflections:229 - Reflections took 158 ms to scan 1 urls, producing 17 keys and 270 values 
2025-06-22 22:48:06 INFO  org.reflections.Reflections:229 - Reflections took 27 ms to scan 1 urls, producing 7 keys and 37 values 
2025-06-22 22:48:06 INFO  org.reflections.Reflections:229 - Reflections took 13 ms to scan 1 urls, producing 5 keys and 32 values 
2025-06-22 22:48:58 INFO  org.reflections.Reflections:229 - Reflections took 143 ms to scan 1 urls, producing 17 keys and 270 values 
2025-06-22 22:48:58 INFO  org.reflections.Reflections:229 - Reflections took 35 ms to scan 1 urls, producing 7 keys and 37 values 
2025-06-22 22:48:58 INFO  org.reflections.Reflections:229 - Reflections took 12 ms to scan 1 urls, producing 5 keys and 32 values 
2025-06-22 22:49:02 INFO  org.reflections.Reflections:229 - Reflections took 163 ms to scan 1 urls, producing 17 keys and 270 values 
2025-06-22 22:49:02 INFO  org.reflections.Reflections:229 - Reflections took 34 ms to scan 1 urls, producing 7 keys and 37 values 
2025-06-22 22:49:03 INFO  org.reflections.Reflections:229 - Reflections took 14 ms to scan 1 urls, producing 5 keys and 32 values 
2025-06-22 22:49:36 INFO  org.reflections.Reflections:229 - Reflections took 152 ms to scan 1 urls, producing 17 keys and 270 values 
2025-06-22 22:49:36 INFO  org.reflections.Reflections:229 - Reflections took 33 ms to scan 1 urls, producing 7 keys and 37 values 
2025-06-22 22:49:36 INFO  org.reflections.Reflections:229 - Reflections took 14 ms to scan 1 urls, producing 5 keys and 32 values 
2025-06-22 22:52:51 INFO  org.reflections.Reflections:229 - Reflections took 136 ms to scan 1 urls, producing 17 keys and 270 values 
2025-06-22 22:52:51 INFO  org.reflections.Reflections:229 - Reflections took 29 ms to scan 1 urls, producing 7 keys and 37 values 
2025-06-22 22:52:52 INFO  org.reflections.Reflections:229 - Reflections took 16 ms to scan 1 urls, producing 5 keys and 32 values 
2025-06-22 22:53:15 INFO  org.reflections.Reflections:229 - Reflections took 148 ms to scan 1 urls, producing 17 keys and 270 values 
2025-06-22 22:53:16 INFO  org.reflections.Reflections:229 - Reflections took 27 ms to scan 1 urls, producing 7 keys and 37 values 
2025-06-22 22:53:16 INFO  org.reflections.Reflections:229 - Reflections took 16 ms to scan 1 urls, producing 5 keys and 32 values 
2025-06-22 22:54:33 INFO  org.reflections.Reflections:229 - Reflections took 147 ms to scan 1 urls, producing 17 keys and 270 values 
2025-06-22 22:54:33 INFO  org.reflections.Reflections:229 - Reflections took 35 ms to scan 1 urls, producing 7 keys and 37 values 
2025-06-22 22:54:33 INFO  org.reflections.Reflections:229 - Reflections took 17 ms to scan 1 urls, producing 5 keys and 32 values 
2025-06-22 22:56:25 INFO  org.reflections.Reflections:229 - Reflections took 135 ms to scan 1 urls, producing 17 keys and 270 values 
2025-06-22 22:56:25 INFO  org.reflections.Reflections:229 - Reflections took 42 ms to scan 1 urls, producing 7 keys and 37 values 
2025-06-22 22:56:25 INFO  org.reflections.Reflections:229 - Reflections took 10 ms to scan 1 urls, producing 5 keys and 32 values 
2025-06-22 22:56:37 INFO  org.reflections.Reflections:229 - Reflections took 173 ms to scan 1 urls, producing 17 keys and 270 values 
2025-06-22 22:56:37 INFO  org.reflections.Reflections:229 - Reflections took 43 ms to scan 1 urls, producing 7 keys and 37 values 
2025-06-22 22:56:37 INFO  org.reflections.Reflections:229 - Reflections took 12 ms to scan 1 urls, producing 5 keys and 32 values 
2025-06-22 22:57:25 INFO  org.reflections.Reflections:229 - Reflections took 145 ms to scan 1 urls, producing 17 keys and 270 values 
2025-06-22 22:57:26 INFO  org.reflections.Reflections:229 - Reflections took 42 ms to scan 1 urls, producing 7 keys and 37 values 
2025-06-22 22:57:26 INFO  org.reflections.Reflections:229 - Reflections took 14 ms to scan 1 urls, producing 5 keys and 32 values 
2025-06-22 22:58:03 INFO  org.reflections.Reflections:229 - Reflections took 153 ms to scan 1 urls, producing 17 keys and 270 values 
2025-06-22 22:58:03 INFO  org.reflections.Reflections:229 - Reflections took 35 ms to scan 1 urls, producing 7 keys and 37 values 
2025-06-22 22:58:04 INFO  org.reflections.Reflections:229 - Reflections took 16 ms to scan 1 urls, producing 5 keys and 32 values 
2025-06-22 22:59:00 INFO  org.reflections.Reflections:229 - Reflections took 133 ms to scan 1 urls, producing 17 keys and 270 values 
2025-06-22 22:59:00 INFO  org.reflections.Reflections:229 - Reflections took 40 ms to scan 1 urls, producing 7 keys and 37 values 
2025-06-22 22:59:00 INFO  org.reflections.Reflections:229 - Reflections took 16 ms to scan 1 urls, producing 5 keys and 32 values 
2025-06-22 23:00:05 INFO  org.reflections.Reflections:229 - Reflections took 165 ms to scan 1 urls, producing 17 keys and 270 values 
2025-06-22 23:00:06 INFO  org.reflections.Reflections:229 - Reflections took 32 ms to scan 1 urls, producing 7 keys and 37 values 
2025-06-22 23:00:06 INFO  org.reflections.Reflections:229 - Reflections took 17 ms to scan 1 urls, producing 5 keys and 32 values 
2025-06-22 23:00:56 INFO  org.reflections.Reflections:229 - Reflections took 124 ms to scan 1 urls, producing 17 keys and 270 values 
2025-06-22 23:00:56 INFO  org.reflections.Reflections:229 - Reflections took 33 ms to scan 1 urls, producing 7 keys and 37 values 
2025-06-22 23:00:56 INFO  org.reflections.Reflections:229 - Reflections took 12 ms to scan 1 urls, producing 5 keys and 32 values 
2025-06-22 23:01:04 INFO  org.reflections.Reflections:229 - Reflections took 142 ms to scan 1 urls, producing 17 keys and 270 values 
2025-06-22 23:01:04 INFO  org.reflections.Reflections:229 - Reflections took 33 ms to scan 1 urls, producing 7 keys and 37 values 
2025-06-22 23:01:04 INFO  org.reflections.Reflections:229 - Reflections took 14 ms to scan 1 urls, producing 5 keys and 32 values 
2025-06-22 23:01:05 INFO  org.reflections.Reflections:229 - Reflections took 148 ms to scan 1 urls, producing 17 keys and 270 values 
2025-06-22 23:01:05 INFO  org.reflections.Reflections:229 - Reflections took 37 ms to scan 1 urls, producing 7 keys and 37 values 
2025-06-22 23:01:06 INFO  org.reflections.Reflections:229 - Reflections took 14 ms to scan 1 urls, producing 5 keys and 32 values 
2025-06-22 23:02:33 INFO  org.reflections.Reflections:229 - Reflections took 150 ms to scan 1 urls, producing 17 keys and 270 values 
2025-06-22 23:02:33 INFO  org.reflections.Reflections:229 - Reflections took 27 ms to scan 1 urls, producing 7 keys and 37 values 
2025-06-22 23:02:33 INFO  org.reflections.Reflections:229 - Reflections took 17 ms to scan 1 urls, producing 5 keys and 32 values 
2025-06-22 23:05:54 INFO  org.reflections.Reflections:229 - Reflections took 163 ms to scan 1 urls, producing 17 keys and 270 values 
2025-06-22 23:05:54 INFO  org.reflections.Reflections:229 - Reflections took 42 ms to scan 1 urls, producing 7 keys and 37 values 
2025-06-22 23:05:54 INFO  org.reflections.Reflections:229 - Reflections took 15 ms to scan 1 urls, producing 5 keys and 32 values 
2025-06-22 23:06:08 INFO  org.reflections.Reflections:229 - Reflections took 162 ms to scan 1 urls, producing 17 keys and 270 values 
2025-06-22 23:06:09 INFO  org.reflections.Reflections:229 - Reflections took 36 ms to scan 1 urls, producing 7 keys and 37 values 
2025-06-22 23:06:09 INFO  org.reflections.Reflections:229 - Reflections took 15 ms to scan 1 urls, producing 5 keys and 32 values 
2025-06-22 23:06:45 INFO  org.reflections.Reflections:229 - Reflections took 138 ms to scan 1 urls, producing 17 keys and 270 values 
2025-06-22 23:06:45 INFO  org.reflections.Reflections:229 - Reflections took 37 ms to scan 1 urls, producing 7 keys and 37 values 
2025-06-22 23:06:45 INFO  org.reflections.Reflections:229 - Reflections took 15 ms to scan 1 urls, producing 5 keys and 32 values 
2025-06-22 23:07:50 INFO  org.reflections.Reflections:229 - Reflections took 150 ms to scan 1 urls, producing 17 keys and 270 values 
2025-06-22 23:07:50 INFO  org.reflections.Reflections:229 - Reflections took 45 ms to scan 1 urls, producing 7 keys and 37 values 
2025-06-22 23:07:51 INFO  org.reflections.Reflections:229 - Reflections took 16 ms to scan 1 urls, producing 5 keys and 32 values 
2025-06-22 23:12:14 INFO  org.reflections.Reflections:229 - Reflections took 146 ms to scan 1 urls, producing 17 keys and 270 values 
2025-06-22 23:12:14 INFO  org.reflections.Reflections:229 - Reflections took 31 ms to scan 1 urls, producing 7 keys and 37 values 
2025-06-22 23:12:14 INFO  org.reflections.Reflections:229 - Reflections took 13 ms to scan 1 urls, producing 5 keys and 32 values 
2025-06-22 23:12:26 INFO  org.reflections.Reflections:229 - Reflections took 152 ms to scan 1 urls, producing 17 keys and 270 values 
2025-06-22 23:12:26 INFO  org.reflections.Reflections:229 - Reflections took 38 ms to scan 1 urls, producing 7 keys and 37 values 
2025-06-22 23:12:26 INFO  org.reflections.Reflections:229 - Reflections took 17 ms to scan 1 urls, producing 5 keys and 32 values 
2025-06-22 23:13:27 INFO  org.reflections.Reflections:229 - Reflections took 172 ms to scan 1 urls, producing 17 keys and 270 values 
2025-06-22 23:13:28 INFO  org.reflections.Reflections:229 - Reflections took 29 ms to scan 1 urls, producing 7 keys and 37 values 
2025-06-22 23:13:28 INFO  org.reflections.Reflections:229 - Reflections took 17 ms to scan 1 urls, producing 5 keys and 32 values 
2025-06-22 23:16:00 INFO  org.reflections.Reflections:229 - Reflections took 149 ms to scan 1 urls, producing 17 keys and 270 values 
2025-06-22 23:16:00 INFO  org.reflections.Reflections:229 - Reflections took 49 ms to scan 1 urls, producing 7 keys and 37 values 
2025-06-22 23:16:01 INFO  org.reflections.Reflections:229 - Reflections took 16 ms to scan 1 urls, producing 5 keys and 32 values 
2025-06-22 23:17:43 INFO  org.reflections.Reflections:229 - Reflections took 147 ms to scan 1 urls, producing 17 keys and 270 values 
2025-06-22 23:17:44 INFO  org.reflections.Reflections:229 - Reflections took 26 ms to scan 1 urls, producing 7 keys and 37 values 
2025-06-22 23:17:44 INFO  org.reflections.Reflections:229 - Reflections took 10 ms to scan 1 urls, producing 5 keys and 32 values 
2025-06-22 23:17:49 INFO  org.reflections.Reflections:229 - Reflections took 151 ms to scan 1 urls, producing 17 keys and 270 values 
2025-06-22 23:17:49 INFO  org.reflections.Reflections:229 - Reflections took 29 ms to scan 1 urls, producing 7 keys and 37 values 
2025-06-22 23:17:49 INFO  org.reflections.Reflections:229 - Reflections took 17 ms to scan 1 urls, producing 5 keys and 32 values 
2025-06-22 23:20:29 INFO  org.reflections.Reflections:229 - Reflections took 168 ms to scan 1 urls, producing 17 keys and 270 values 
2025-06-22 23:20:29 INFO  org.reflections.Reflections:229 - Reflections took 36 ms to scan 1 urls, producing 7 keys and 37 values 
2025-06-22 23:20:29 INFO  org.reflections.Reflections:229 - Reflections took 12 ms to scan 1 urls, producing 5 keys and 32 values 
2025-06-22 23:22:47 INFO  org.reflections.Reflections:229 - Reflections took 139 ms to scan 1 urls, producing 17 keys and 270 values 
2025-06-22 23:22:48 INFO  org.reflections.Reflections:229 - Reflections took 29 ms to scan 1 urls, producing 7 keys and 37 values 
2025-06-22 23:22:48 INFO  org.reflections.Reflections:229 - Reflections took 12 ms to scan 1 urls, producing 5 keys and 32 values 
2025-06-22 23:23:05 INFO  org.reflections.Reflections:229 - Reflections took 163 ms to scan 1 urls, producing 17 keys and 270 values 
2025-06-22 23:23:05 INFO  org.reflections.Reflections:229 - Reflections took 35 ms to scan 1 urls, producing 7 keys and 37 values 
2025-06-22 23:23:05 INFO  org.reflections.Reflections:229 - Reflections took 15 ms to scan 1 urls, producing 5 keys and 32 values 
2025-06-22 23:24:00 INFO  org.reflections.Reflections:229 - Reflections took 163 ms to scan 1 urls, producing 17 keys and 270 values 
2025-06-22 23:24:00 INFO  org.reflections.Reflections:229 - Reflections took 34 ms to scan 1 urls, producing 7 keys and 37 values 
2025-06-22 23:24:00 INFO  org.reflections.Reflections:229 - Reflections took 15 ms to scan 1 urls, producing 5 keys and 32 values 
2025-06-22 23:24:35 INFO  org.reflections.Reflections:229 - Reflections took 140 ms to scan 1 urls, producing 17 keys and 270 values 
2025-06-22 23:24:35 INFO  org.reflections.Reflections:229 - Reflections took 28 ms to scan 1 urls, producing 7 keys and 37 values 
2025-06-22 23:24:35 INFO  org.reflections.Reflections:229 - Reflections took 15 ms to scan 1 urls, producing 5 keys and 32 values 
2025-06-22 23:25:51 INFO  org.reflections.Reflections:229 - Reflections took 167 ms to scan 1 urls, producing 17 keys and 270 values 
2025-06-22 23:25:51 INFO  org.reflections.Reflections:229 - Reflections took 32 ms to scan 1 urls, producing 7 keys and 37 values 
2025-06-22 23:25:51 INFO  org.reflections.Reflections:229 - Reflections took 11 ms to scan 1 urls, producing 5 keys and 32 values 
2025-06-22 23:26:15 INFO  org.reflections.Reflections:229 - Reflections took 131 ms to scan 1 urls, producing 17 keys and 270 values 
2025-06-22 23:26:16 INFO  org.reflections.Reflections:229 - Reflections took 26 ms to scan 1 urls, producing 7 keys and 37 values 
2025-06-22 23:26:16 INFO  org.reflections.Reflections:229 - Reflections took 10 ms to scan 1 urls, producing 5 keys and 32 values 
2025-06-22 23:26:36 INFO  org.reflections.Reflections:229 - Reflections took 143 ms to scan 1 urls, producing 17 keys and 270 values 
2025-06-22 23:26:36 INFO  org.reflections.Reflections:229 - Reflections took 24 ms to scan 1 urls, producing 7 keys and 37 values 
2025-06-22 23:26:36 INFO  org.reflections.Reflections:229 - Reflections took 13 ms to scan 1 urls, producing 5 keys and 32 values 
2025-06-22 23:26:58 INFO  org.reflections.Reflections:229 - Reflections took 136 ms to scan 1 urls, producing 17 keys and 270 values 
2025-06-22 23:26:59 INFO  org.reflections.Reflections:229 - Reflections took 33 ms to scan 1 urls, producing 7 keys and 37 values 
2025-06-22 23:26:59 INFO  org.reflections.Reflections:229 - Reflections took 10 ms to scan 1 urls, producing 5 keys and 32 values 
2025-06-22 23:27:46 INFO  org.reflections.Reflections:229 - Reflections took 150 ms to scan 1 urls, producing 17 keys and 270 values 
2025-06-22 23:27:46 INFO  org.reflections.Reflections:229 - Reflections took 29 ms to scan 1 urls, producing 7 keys and 37 values 
2025-06-22 23:27:46 INFO  org.reflections.Reflections:229 - Reflections took 12 ms to scan 1 urls, producing 5 keys and 32 values 
2025-06-22 23:28:05 INFO  org.reflections.Reflections:229 - Reflections took 128 ms to scan 1 urls, producing 17 keys and 270 values 
2025-06-22 23:28:05 INFO  org.reflections.Reflections:229 - Reflections took 28 ms to scan 1 urls, producing 7 keys and 37 values 
2025-06-22 23:28:05 INFO  org.reflections.Reflections:229 - Reflections took 10 ms to scan 1 urls, producing 5 keys and 32 values 
2025-06-22 23:28:18 INFO  org.reflections.Reflections:229 - Reflections took 135 ms to scan 1 urls, producing 17 keys and 270 values 
2025-06-22 23:28:18 INFO  org.reflections.Reflections:229 - Reflections took 30 ms to scan 1 urls, producing 7 keys and 37 values 
2025-06-22 23:28:18 INFO  org.reflections.Reflections:229 - Reflections took 11 ms to scan 1 urls, producing 5 keys and 32 values 
2025-06-22 23:30:07 INFO  org.reflections.Reflections:229 - Reflections took 156 ms to scan 1 urls, producing 17 keys and 270 values 
2025-06-22 23:30:07 INFO  org.reflections.Reflections:229 - Reflections took 31 ms to scan 1 urls, producing 7 keys and 37 values 
2025-06-22 23:30:07 INFO  org.reflections.Reflections:229 - Reflections took 16 ms to scan 1 urls, producing 5 keys and 32 values 
2025-06-22 23:30:29 INFO  org.reflections.Reflections:229 - Reflections took 140 ms to scan 1 urls, producing 17 keys and 270 values 
2025-06-22 23:30:29 INFO  org.reflections.Reflections:229 - Reflections took 24 ms to scan 1 urls, producing 7 keys and 37 values 
2025-06-22 23:30:30 INFO  org.reflections.Reflections:229 - Reflections took 13 ms to scan 1 urls, producing 5 keys and 32 values 
2025-06-22 23:30:37 INFO  org.reflections.Reflections:229 - Reflections took 135 ms to scan 1 urls, producing 17 keys and 270 values 
2025-06-22 23:30:37 INFO  org.reflections.Reflections:229 - Reflections took 30 ms to scan 1 urls, producing 7 keys and 37 values 
2025-06-22 23:30:38 INFO  org.reflections.Reflections:229 - Reflections took 13 ms to scan 1 urls, producing 5 keys and 32 values 
2025-06-22 23:31:30 INFO  org.reflections.Reflections:229 - Reflections took 153 ms to scan 1 urls, producing 17 keys and 270 values 
2025-06-22 23:31:30 INFO  org.reflections.Reflections:229 - Reflections took 28 ms to scan 1 urls, producing 7 keys and 37 values 
2025-06-22 23:31:30 INFO  org.reflections.Reflections:229 - Reflections took 11 ms to scan 1 urls, producing 5 keys and 32 values 
2025-06-22 23:32:34 INFO  org.reflections.Reflections:229 - Reflections took 139 ms to scan 1 urls, producing 17 keys and 270 values 
2025-06-22 23:32:34 INFO  org.reflections.Reflections:229 - Reflections took 29 ms to scan 1 urls, producing 7 keys and 37 values 
2025-06-22 23:32:34 INFO  org.reflections.Reflections:229 - Reflections took 13 ms to scan 1 urls, producing 5 keys and 32 values 
2025-06-22 23:34:12 INFO  org.reflections.Reflections:229 - Reflections took 159 ms to scan 1 urls, producing 17 keys and 270 values 
2025-06-22 23:34:13 INFO  org.reflections.Reflections:229 - Reflections took 34 ms to scan 1 urls, producing 7 keys and 37 values 
2025-06-22 23:34:13 INFO  org.reflections.Reflections:229 - Reflections took 12 ms to scan 1 urls, producing 5 keys and 32 values 
2025-06-22 23:35:09 INFO  org.reflections.Reflections:229 - Reflections took 173 ms to scan 1 urls, producing 17 keys and 270 values 
2025-06-22 23:35:09 INFO  org.reflections.Reflections:229 - Reflections took 31 ms to scan 1 urls, producing 7 keys and 37 values 
2025-06-22 23:35:09 INFO  org.reflections.Reflections:229 - Reflections took 13 ms to scan 1 urls, producing 5 keys and 32 values 
2025-06-22 23:35:13 INFO  org.reflections.Reflections:229 - Reflections took 156 ms to scan 1 urls, producing 17 keys and 270 values 
2025-06-22 23:35:13 INFO  org.reflections.Reflections:229 - Reflections took 42 ms to scan 1 urls, producing 7 keys and 37 values 
2025-06-22 23:35:14 INFO  org.reflections.Reflections:229 - Reflections took 16 ms to scan 1 urls, producing 5 keys and 32 values 
2025-06-22 23:35:41 INFO  org.reflections.Reflections:229 - Reflections took 171 ms to scan 1 urls, producing 17 keys and 270 values 
2025-06-22 23:35:41 INFO  org.reflections.Reflections:229 - Reflections took 45 ms to scan 1 urls, producing 7 keys and 37 values 
2025-06-22 23:35:42 INFO  org.reflections.Reflections:229 - Reflections took 16 ms to scan 1 urls, producing 5 keys and 32 values 
2025-06-22 23:38:54 INFO  org.reflections.Reflections:229 - Reflections took 177 ms to scan 1 urls, producing 17 keys and 270 values 
2025-06-22 23:38:54 INFO  org.reflections.Reflections:229 - Reflections took 31 ms to scan 1 urls, producing 7 keys and 37 values 
2025-06-22 23:38:54 INFO  org.reflections.Reflections:229 - Reflections took 13 ms to scan 1 urls, producing 5 keys and 32 values 
2025-06-22 23:40:18 INFO  org.reflections.Reflections:229 - Reflections took 164 ms to scan 1 urls, producing 17 keys and 270 values 
2025-06-22 23:40:18 INFO  org.reflections.Reflections:229 - Reflections took 34 ms to scan 1 urls, producing 7 keys and 37 values 
2025-06-22 23:40:18 INFO  org.reflections.Reflections:229 - Reflections took 13 ms to scan 1 urls, producing 5 keys and 32 values 
2025-06-22 23:41:21 INFO  org.reflections.Reflections:229 - Reflections took 172 ms to scan 1 urls, producing 17 keys and 270 values 
2025-06-22 23:41:21 INFO  org.reflections.Reflections:229 - Reflections took 46 ms to scan 1 urls, producing 7 keys and 37 values 
2025-06-22 23:41:22 INFO  org.reflections.Reflections:229 - Reflections took 16 ms to scan 1 urls, producing 5 keys and 32 values 
2025-06-22 23:43:29 INFO  org.reflections.Reflections:229 - Reflections took 173 ms to scan 1 urls, producing 17 keys and 270 values 
2025-06-22 23:43:29 INFO  org.reflections.Reflections:229 - Reflections took 45 ms to scan 1 urls, producing 7 keys and 37 values 
2025-06-22 23:43:30 INFO  org.reflections.Reflections:229 - Reflections took 17 ms to scan 1 urls, producing 5 keys and 32 values 
2025-06-22 23:44:41 INFO  org.reflections.Reflections:229 - Reflections took 142 ms to scan 1 urls, producing 17 keys and 270 values 
2025-06-22 23:44:42 INFO  org.reflections.Reflections:229 - Reflections took 27 ms to scan 1 urls, producing 7 keys and 37 values 
2025-06-22 23:44:42 INFO  org.reflections.Reflections:229 - Reflections took 15 ms to scan 1 urls, producing 5 keys and 32 values 
2025-06-22 23:45:14 INFO  org.reflections.Reflections:229 - Reflections took 142 ms to scan 1 urls, producing 17 keys and 270 values 
2025-06-22 23:45:15 INFO  org.reflections.Reflections:229 - Reflections took 33 ms to scan 1 urls, producing 7 keys and 37 values 
2025-06-22 23:45:15 INFO  org.reflections.Reflections:229 - Reflections took 11 ms to scan 1 urls, producing 5 keys and 32 values 
2025-06-22 23:46:11 INFO  org.reflections.Reflections:229 - Reflections took 160 ms to scan 1 urls, producing 17 keys and 270 values 
2025-06-22 23:46:11 INFO  org.reflections.Reflections:229 - Reflections took 37 ms to scan 1 urls, producing 7 keys and 37 values 
2025-06-22 23:46:11 INFO  org.reflections.Reflections:229 - Reflections took 14 ms to scan 1 urls, producing 5 keys and 32 values 
2025-06-22 23:46:12 ERROR edu.pitt.dbmi.data.reader.tabular.TabularDataFileReader:920 - Non-continuous number inf on line 4125 at column 20.
java.lang.NumberFormatException: For input string: "inf"
	at sun.misc.FloatingDecimal.readJavaFormatString(FloatingDecimal.java:2043)
	at sun.misc.FloatingDecimal.parseDouble(FloatingDecimal.java:110)
	at java.lang.Double.parseDouble(Double.java:538)
	at edu.pitt.dbmi.data.reader.tabular.TabularDataFileReader.readInContinuousData(TabularDataFileReader.java:917)
	at edu.pitt.dbmi.data.reader.tabular.TabularDataFileReader.read(TabularDataFileReader.java:319)
	at edu.pitt.dbmi.data.reader.tabular.ContinuousTabularDatasetFileReader.readInData(ContinuousTabularDatasetFileReader.java:68)
	at edu.pitt.dbmi.data.reader.tabular.ContinuousTabularDatasetFileReader.readInData(ContinuousTabularDatasetFileReader.java:49)
2025-06-22 23:46:55 INFO  org.reflections.Reflections:229 - Reflections took 140 ms to scan 1 urls, producing 17 keys and 270 values 
2025-06-22 23:46:56 INFO  org.reflections.Reflections:229 - Reflections took 21 ms to scan 1 urls, producing 7 keys and 37 values 
2025-06-22 23:46:56 INFO  org.reflections.Reflections:229 - Reflections took 9 ms to scan 1 urls, producing 5 keys and 32 values 
2025-06-22 23:47:17 INFO  org.reflections.Reflections:229 - Reflections took 129 ms to scan 1 urls, producing 17 keys and 270 values 
2025-06-22 23:47:17 INFO  org.reflections.Reflections:229 - Reflections took 35 ms to scan 1 urls, producing 7 keys and 37 values 
2025-06-22 23:47:17 INFO  org.reflections.Reflections:229 - Reflections took 10 ms to scan 1 urls, producing 5 keys and 32 values 
2025-06-22 23:48:02 INFO  org.reflections.Reflections:229 - Reflections took 138 ms to scan 1 urls, producing 17 keys and 270 values 
2025-06-22 23:48:02 INFO  org.reflections.Reflections:229 - Reflections took 29 ms to scan 1 urls, producing 7 keys and 37 values 
2025-06-22 23:48:02 INFO  org.reflections.Reflections:229 - Reflections took 12 ms to scan 1 urls, producing 5 keys and 32 values 
2025-06-22 23:52:06 INFO  org.reflections.Reflections:229 - Reflections took 122 ms to scan 1 urls, producing 17 keys and 270 values 
2025-06-22 23:52:06 INFO  org.reflections.Reflections:229 - Reflections took 24 ms to scan 1 urls, producing 7 keys and 37 values 
2025-06-22 23:52:06 INFO  org.reflections.Reflections:229 - Reflections took 12 ms to scan 1 urls, producing 5 keys and 32 values 
2025-06-22 23:53:23 INFO  org.reflections.Reflections:229 - Reflections took 131 ms to scan 1 urls, producing 17 keys and 270 values 
2025-06-22 23:53:23 INFO  org.reflections.Reflections:229 - Reflections took 29 ms to scan 1 urls, producing 7 keys and 37 values 
2025-06-22 23:53:23 INFO  org.reflections.Reflections:229 - Reflections took 10 ms to scan 1 urls, producing 5 keys and 32 values 
2025-06-22 23:54:04 INFO  org.reflections.Reflections:229 - Reflections took 133 ms to scan 1 urls, producing 17 keys and 270 values 
2025-06-22 23:54:05 INFO  org.reflections.Reflections:229 - Reflections took 27 ms to scan 1 urls, producing 7 keys and 37 values 
2025-06-22 23:54:05 INFO  org.reflections.Reflections:229 - Reflections took 16 ms to scan 1 urls, producing 5 keys and 32 values 
2025-06-22 23:55:11 INFO  org.reflections.Reflections:229 - Reflections took 119 ms to scan 1 urls, producing 17 keys and 270 values 
2025-06-22 23:55:11 INFO  org.reflections.Reflections:229 - Reflections took 25 ms to scan 1 urls, producing 7 keys and 37 values 
2025-06-22 23:55:11 INFO  org.reflections.Reflections:229 - Reflections took 14 ms to scan 1 urls, producing 5 keys and 32 values 
2025-06-22 23:55:21 INFO  org.reflections.Reflections:229 - Reflections took 136 ms to scan 1 urls, producing 17 keys and 270 values 
2025-06-22 23:55:21 INFO  org.reflections.Reflections:229 - Reflections took 32 ms to scan 1 urls, producing 7 keys and 37 values 
2025-06-22 23:55:21 INFO  org.reflections.Reflections:229 - Reflections took 10 ms to scan 1 urls, producing 5 keys and 32 values 
2025-06-22 23:57:03 INFO  org.reflections.Reflections:229 - Reflections took 134 ms to scan 1 urls, producing 17 keys and 270 values 
2025-06-22 23:57:03 INFO  org.reflections.Reflections:229 - Reflections took 29 ms to scan 1 urls, producing 7 keys and 37 values 
2025-06-22 23:57:03 INFO  org.reflections.Reflections:229 - Reflections took 12 ms to scan 1 urls, producing 5 keys and 32 values 
2025-06-22 23:58:27 INFO  org.reflections.Reflections:229 - Reflections took 128 ms to scan 1 urls, producing 17 keys and 270 values 
2025-06-22 23:58:27 INFO  org.reflections.Reflections:229 - Reflections took 25 ms to scan 1 urls, producing 7 keys and 37 values 
2025-06-22 23:58:28 INFO  org.reflections.Reflections:229 - Reflections took 11 ms to scan 1 urls, producing 5 keys and 32 values 
2025-06-23 00:01:27 INFO  org.reflections.Reflections:229 - Reflections took 131 ms to scan 1 urls, producing 17 keys and 270 values 
2025-06-23 00:01:27 INFO  org.reflections.Reflections:229 - Reflections took 28 ms to scan 1 urls, producing 7 keys and 37 values 
2025-06-23 00:01:27 INFO  org.reflections.Reflections:229 - Reflections took 14 ms to scan 1 urls, producing 5 keys and 32 values 
2025-06-23 00:05:39 INFO  org.reflections.Reflections:229 - Reflections took 128 ms to scan 1 urls, producing 17 keys and 270 values 
2025-06-23 00:05:39 INFO  org.reflections.Reflections:229 - Reflections took 27 ms to scan 1 urls, producing 7 keys and 37 values 
2025-06-23 00:05:40 INFO  org.reflections.Reflections:229 - Reflections took 14 ms to scan 1 urls, producing 5 keys and 32 values 
2025-06-23 00:08:03 INFO  org.reflections.Reflections:229 - Reflections took 122 ms to scan 1 urls, producing 17 keys and 270 values 
2025-06-23 00:08:03 INFO  org.reflections.Reflections:229 - Reflections took 27 ms to scan 1 urls, producing 7 keys and 37 values 
2025-06-23 00:08:03 INFO  org.reflections.Reflections:229 - Reflections took 13 ms to scan 1 urls, producing 5 keys and 32 values 
2025-06-23 00:08:30 INFO  org.reflections.Reflections:229 - Reflections took 145 ms to scan 1 urls, producing 17 keys and 270 values 
2025-06-23 00:08:31 INFO  org.reflections.Reflections:229 - Reflections took 38 ms to scan 1 urls, producing 7 keys and 37 values 
2025-06-23 00:08:31 INFO  org.reflections.Reflections:229 - Reflections took 15 ms to scan 1 urls, producing 5 keys and 32 values 
2025-06-23 00:08:31 ERROR edu.pitt.dbmi.data.reader.tabular.TabularDataFileReader:920 - Non-continuous number inf on line 594 at column 20.
java.lang.NumberFormatException: For input string: "inf"
	at sun.misc.FloatingDecimal.readJavaFormatString(FloatingDecimal.java:2043)
	at sun.misc.FloatingDecimal.parseDouble(FloatingDecimal.java:110)
	at java.lang.Double.parseDouble(Double.java:538)
	at edu.pitt.dbmi.data.reader.tabular.TabularDataFileReader.readInContinuousData(TabularDataFileReader.java:917)
	at edu.pitt.dbmi.data.reader.tabular.TabularDataFileReader.read(TabularDataFileReader.java:319)
	at edu.pitt.dbmi.data.reader.tabular.ContinuousTabularDatasetFileReader.readInData(ContinuousTabularDatasetFileReader.java:68)
	at edu.pitt.dbmi.data.reader.tabular.ContinuousTabularDatasetFileReader.readInData(ContinuousTabularDatasetFileReader.java:49)
2025-06-23 00:09:07 INFO  org.reflections.Reflections:229 - Reflections took 128 ms to scan 1 urls, producing 17 keys and 270 values 
2025-06-23 00:09:07 INFO  org.reflections.Reflections:229 - Reflections took 24 ms to scan 1 urls, producing 7 keys and 37 values 
2025-06-23 00:09:07 INFO  org.reflections.Reflections:229 - Reflections took 8 ms to scan 1 urls, producing 5 keys and 32 values 
2025-06-23 00:10:30 INFO  org.reflections.Reflections:229 - Reflections took 129 ms to scan 1 urls, producing 17 keys and 270 values 
2025-06-23 00:10:30 INFO  org.reflections.Reflections:229 - Reflections took 23 ms to scan 1 urls, producing 7 keys and 37 values 
2025-06-23 00:10:30 INFO  org.reflections.Reflections:229 - Reflections took 11 ms to scan 1 urls, producing 5 keys and 32 values 
2025-06-23 00:53:03 INFO  org.reflections.Reflections:229 - Reflections took 148 ms to scan 1 urls, producing 17 keys and 270 values 
2025-06-23 00:53:03 INFO  org.reflections.Reflections:229 - Reflections took 130 ms to scan 1 urls, producing 17 keys and 270 values 
2025-06-23 00:53:03 INFO  org.reflections.Reflections:229 - Reflections took 144 ms to scan 1 urls, producing 17 keys and 270 values 
2025-06-23 00:53:03 INFO  org.reflections.Reflections:229 - Reflections took 153 ms to scan 1 urls, producing 17 keys and 270 values 
2025-06-23 00:53:03 INFO  org.reflections.Reflections:229 - Reflections took 151 ms to scan 1 urls, producing 17 keys and 270 values 
2025-06-23 00:53:03 INFO  org.reflections.Reflections:229 - Reflections took 140 ms to scan 1 urls, producing 17 keys and 270 values 
2025-06-23 00:53:03 INFO  org.reflections.Reflections:229 - Reflections took 171 ms to scan 1 urls, producing 17 keys and 270 values 
2025-06-23 00:53:03 INFO  org.reflections.Reflections:229 - Reflections took 147 ms to scan 1 urls, producing 17 keys and 270 values 
2025-06-23 00:53:03 INFO  org.reflections.Reflections:229 - Reflections took 164 ms to scan 1 urls, producing 17 keys and 270 values 
2025-06-23 00:53:03 INFO  org.reflections.Reflections:229 - Reflections took 179 ms to scan 1 urls, producing 17 keys and 270 values 
2025-06-23 00:53:03 INFO  org.reflections.Reflections:229 - Reflections took 25 ms to scan 1 urls, producing 7 keys and 37 values 
2025-06-23 00:53:03 INFO  org.reflections.Reflections:229 - Reflections took 36 ms to scan 1 urls, producing 7 keys and 37 values 
2025-06-23 00:53:03 INFO  org.reflections.Reflections:229 - Reflections took 41 ms to scan 1 urls, producing 7 keys and 37 values 
2025-06-23 00:53:03 INFO  org.reflections.Reflections:229 - Reflections took 34 ms to scan 1 urls, producing 7 keys and 37 values 
2025-06-23 00:53:03 INFO  org.reflections.Reflections:229 - Reflections took 54 ms to scan 1 urls, producing 7 keys and 37 values 
2025-06-23 00:53:03 INFO  org.reflections.Reflections:229 - Reflections took 48 ms to scan 1 urls, producing 7 keys and 37 values 
2025-06-23 00:53:03 INFO  org.reflections.Reflections:229 - Reflections took 56 ms to scan 1 urls, producing 7 keys and 37 values 
2025-06-23 00:53:03 INFO  org.reflections.Reflections:229 - Reflections took 37 ms to scan 1 urls, producing 7 keys and 37 values 
2025-06-23 00:53:03 INFO  org.reflections.Reflections:229 - Reflections took 53 ms to scan 1 urls, producing 7 keys and 37 values 
2025-06-23 00:53:03 INFO  org.reflections.Reflections:229 - Reflections took 31 ms to scan 1 urls, producing 7 keys and 37 values 
2025-06-23 00:53:03 INFO  org.reflections.Reflections:229 - Reflections took 10 ms to scan 1 urls, producing 5 keys and 32 values 
2025-06-23 00:53:03 INFO  org.reflections.Reflections:229 - Reflections took 9 ms to scan 1 urls, producing 5 keys and 32 values 
2025-06-23 00:53:03 INFO  org.reflections.Reflections:229 - Reflections took 10 ms to scan 1 urls, producing 5 keys and 32 values 
2025-06-23 00:53:03 INFO  org.reflections.Reflections:229 - Reflections took 12 ms to scan 1 urls, producing 5 keys and 32 values 
2025-06-23 00:53:03 INFO  org.reflections.Reflections:229 - Reflections took 9 ms to scan 1 urls, producing 5 keys and 32 values 
2025-06-23 00:53:03 INFO  org.reflections.Reflections:229 - Reflections took 12 ms to scan 1 urls, producing 5 keys and 32 values 
2025-06-23 00:53:03 INFO  org.reflections.Reflections:229 - Reflections took 9 ms to scan 1 urls, producing 5 keys and 32 values 
2025-06-23 00:53:03 INFO  org.reflections.Reflections:229 - Reflections took 12 ms to scan 1 urls, producing 5 keys and 32 values 
2025-06-23 00:53:03 INFO  org.reflections.Reflections:229 - Reflections took 9 ms to scan 1 urls, producing 5 keys and 32 values 
2025-06-23 00:53:03 INFO  org.reflections.Reflections:229 - Reflections took 14 ms to scan 1 urls, producing 5 keys and 32 values 
2025-06-23 00:54:29 INFO  org.reflections.Reflections:229 - Reflections took 1924 ms to scan 1 urls, producing 17 keys and 270 values 
2025-06-23 00:54:29 INFO  org.reflections.Reflections:229 - Reflections took 44 ms to scan 1 urls, producing 7 keys and 37 values 
2025-06-23 00:54:30 INFO  org.reflections.Reflections:229 - Reflections took 21 ms to scan 1 urls, producing 5 keys and 32 values 
2025-06-23 00:54:34 INFO  org.reflections.Reflections:229 - Reflections took 316 ms to scan 1 urls, producing 17 keys and 270 values 
2025-06-23 00:54:34 INFO  org.reflections.Reflections:229 - Reflections took 68 ms to scan 1 urls, producing 7 keys and 37 values 
2025-06-23 00:54:35 INFO  org.reflections.Reflections:229 - Reflections took 22 ms to scan 1 urls, producing 5 keys and 32 values 
2025-06-23 00:54:48 INFO  org.reflections.Reflections:229 - Reflections took 400 ms to scan 1 urls, producing 17 keys and 270 values 
2025-06-23 00:54:49 INFO  org.reflections.Reflections:229 - Reflections took 44 ms to scan 1 urls, producing 7 keys and 37 values 
2025-06-23 00:54:49 INFO  org.reflections.Reflections:229 - Reflections took 15 ms to scan 1 urls, producing 5 keys and 32 values 
2025-06-23 00:54:57 INFO  org.reflections.Reflections:229 - Reflections took 326 ms to scan 1 urls, producing 17 keys and 270 values 
2025-06-23 00:54:57 INFO  org.reflections.Reflections:229 - Reflections took 47 ms to scan 1 urls, producing 7 keys and 37 values 
2025-06-23 00:54:58 INFO  org.reflections.Reflections:229 - Reflections took 16 ms to scan 1 urls, producing 5 keys and 32 values 
2025-06-23 00:55:11 INFO  org.reflections.Reflections:229 - Reflections took 262 ms to scan 1 urls, producing 17 keys and 270 values 
2025-06-23 00:55:11 INFO  org.reflections.Reflections:229 - Reflections took 40 ms to scan 1 urls, producing 7 keys and 37 values 
2025-06-23 00:55:11 INFO  org.reflections.Reflections:229 - Reflections took 18 ms to scan 1 urls, producing 5 keys and 32 values 
2025-06-23 00:55:21 INFO  org.reflections.Reflections:229 - Reflections took 245 ms to scan 1 urls, producing 17 keys and 270 values 
2025-06-23 00:55:21 INFO  org.reflections.Reflections:229 - Reflections took 43 ms to scan 1 urls, producing 7 keys and 37 values 
2025-06-23 00:55:22 INFO  org.reflections.Reflections:229 - Reflections took 19 ms to scan 1 urls, producing 5 keys and 32 values 
2025-06-23 00:55:32 INFO  org.reflections.Reflections:229 - Reflections took 251 ms to scan 1 urls, producing 17 keys and 270 values 
2025-06-23 00:55:32 INFO  org.reflections.Reflections:229 - Reflections took 46 ms to scan 1 urls, producing 7 keys and 37 values 
2025-06-23 00:55:33 INFO  org.reflections.Reflections:229 - Reflections took 15 ms to scan 1 urls, producing 5 keys and 32 values 
2025-06-23 00:55:42 INFO  org.reflections.Reflections:229 - Reflections took 272 ms to scan 1 urls, producing 17 keys and 270 values 
2025-06-23 00:55:42 INFO  org.reflections.Reflections:229 - Reflections took 42 ms to scan 1 urls, producing 7 keys and 37 values 
2025-06-23 00:55:43 INFO  org.reflections.Reflections:229 - Reflections took 16 ms to scan 1 urls, producing 5 keys and 32 values 
2025-06-23 00:56:01 INFO  org.reflections.Reflections:229 - Reflections took 235 ms to scan 1 urls, producing 17 keys and 270 values 
2025-06-23 00:56:02 INFO  org.reflections.Reflections:229 - Reflections took 39 ms to scan 1 urls, producing 7 keys and 37 values 
2025-06-23 00:56:02 INFO  org.reflections.Reflections:229 - Reflections took 18 ms to scan 1 urls, producing 5 keys and 32 values 
2025-06-23 00:56:11 INFO  org.reflections.Reflections:229 - Reflections took 283 ms to scan 1 urls, producing 17 keys and 270 values 
2025-06-23 00:56:11 INFO  org.reflections.Reflections:229 - Reflections took 48 ms to scan 1 urls, producing 7 keys and 37 values 
2025-06-23 00:56:11 INFO  org.reflections.Reflections:229 - Reflections took 19 ms to scan 1 urls, producing 5 keys and 32 values 
2025-06-23 00:56:27 INFO  org.reflections.Reflections:229 - Reflections took 309 ms to scan 1 urls, producing 17 keys and 270 values 
2025-06-23 00:56:27 INFO  org.reflections.Reflections:229 - Reflections took 48 ms to scan 1 urls, producing 7 keys and 37 values 
2025-06-23 00:56:28 INFO  org.reflections.Reflections:229 - Reflections took 17 ms to scan 1 urls, producing 5 keys and 32 values 
2025-06-23 00:56:43 INFO  org.reflections.Reflections:229 - Reflections took 338 ms to scan 1 urls, producing 17 keys and 270 values 
2025-06-23 00:56:43 INFO  org.reflections.Reflections:229 - Reflections took 45 ms to scan 1 urls, producing 7 keys and 37 values 
2025-06-23 00:56:44 INFO  org.reflections.Reflections:229 - Reflections took 17 ms to scan 1 urls, producing 5 keys and 32 values 
2025-06-23 00:56:56 INFO  org.reflections.Reflections:229 - Reflections took 275 ms to scan 1 urls, producing 17 keys and 270 values 
2025-06-23 00:56:57 INFO  org.reflections.Reflections:229 - Reflections took 39 ms to scan 1 urls, producing 7 keys and 37 values 
2025-06-23 00:56:57 INFO  org.reflections.Reflections:229 - Reflections took 17 ms to scan 1 urls, producing 5 keys and 32 values 
2025-06-23 00:57:05 INFO  org.reflections.Reflections:229 - Reflections took 332 ms to scan 1 urls, producing 17 keys and 270 values 
2025-06-23 00:57:06 INFO  org.reflections.Reflections:229 - Reflections took 41 ms to scan 1 urls, producing 7 keys and 37 values 
2025-06-23 00:57:06 INFO  org.reflections.Reflections:229 - Reflections took 16 ms to scan 1 urls, producing 5 keys and 32 values 
2025-06-23 00:57:12 INFO  org.reflections.Reflections:229 - Reflections took 294 ms to scan 1 urls, producing 17 keys and 270 values 
2025-06-23 00:57:12 INFO  org.reflections.Reflections:229 - Reflections took 59 ms to scan 1 urls, producing 7 keys and 37 values 
2025-06-23 00:57:13 INFO  org.reflections.Reflections:229 - Reflections took 21 ms to scan 1 urls, producing 5 keys and 32 values 
2025-06-23 00:57:23 INFO  org.reflections.Reflections:229 - Reflections took 277 ms to scan 1 urls, producing 17 keys and 270 values 
2025-06-23 00:57:23 INFO  org.reflections.Reflections:229 - Reflections took 53 ms to scan 1 urls, producing 7 keys and 37 values 
2025-06-23 00:57:23 INFO  org.reflections.Reflections:229 - Reflections took 18 ms to scan 1 urls, producing 5 keys and 32 values 
2025-06-23 00:57:34 INFO  org.reflections.Reflections:229 - Reflections took 308 ms to scan 1 urls, producing 17 keys and 270 values 
2025-06-23 00:57:35 INFO  org.reflections.Reflections:229 - Reflections took 32 ms to scan 1 urls, producing 7 keys and 37 values 
2025-06-23 00:57:35 INFO  org.reflections.Reflections:229 - Reflections took 18 ms to scan 1 urls, producing 5 keys and 32 values 
2025-06-23 00:57:45 INFO  org.reflections.Reflections:229 - Reflections took 316 ms to scan 1 urls, producing 17 keys and 270 values 
2025-06-23 00:57:45 INFO  org.reflections.Reflections:229 - Reflections took 39 ms to scan 1 urls, producing 7 keys and 37 values 
2025-06-23 00:57:45 INFO  org.reflections.Reflections:229 - Reflections took 20 ms to scan 1 urls, producing 5 keys and 32 values 
2025-06-23 00:57:53 INFO  org.reflections.Reflections:229 - Reflections took 231 ms to scan 1 urls, producing 17 keys and 270 values 
2025-06-23 00:57:53 INFO  org.reflections.Reflections:229 - Reflections took 39 ms to scan 1 urls, producing 7 keys and 37 values 
2025-06-23 00:57:53 INFO  org.reflections.Reflections:229 - Reflections took 16 ms to scan 1 urls, producing 5 keys and 32 values 
2025-06-23 01:00:46 INFO  org.reflections.Reflections:229 - Reflections took 258 ms to scan 1 urls, producing 17 keys and 270 values 
2025-06-23 01:00:46 INFO  org.reflections.Reflections:229 - Reflections took 45 ms to scan 1 urls, producing 7 keys and 37 values 
2025-06-23 01:00:47 INFO  org.reflections.Reflections:229 - Reflections took 16 ms to scan 1 urls, producing 5 keys and 32 values 
2025-06-23 01:01:27 INFO  org.reflections.Reflections:229 - Reflections took 220 ms to scan 1 urls, producing 17 keys and 270 values 
2025-06-23 01:01:27 INFO  org.reflections.Reflections:229 - Reflections took 36 ms to scan 1 urls, producing 7 keys and 37 values 
2025-06-23 01:01:27 INFO  org.reflections.Reflections:229 - Reflections took 22 ms to scan 1 urls, producing 5 keys and 32 values 
2025-06-23 01:01:48 INFO  org.reflections.Reflections:229 - Reflections took 243 ms to scan 1 urls, producing 17 keys and 270 values 
2025-06-23 01:01:48 INFO  org.reflections.Reflections:229 - Reflections took 42 ms to scan 1 urls, producing 7 keys and 37 values 
2025-06-23 01:01:48 INFO  org.reflections.Reflections:229 - Reflections took 18 ms to scan 1 urls, producing 5 keys and 32 values 
2025-06-23 01:03:18 INFO  org.reflections.Reflections:229 - Reflections took 186 ms to scan 1 urls, producing 17 keys and 270 values 
2025-06-23 01:03:19 INFO  org.reflections.Reflections:229 - Reflections took 41 ms to scan 1 urls, producing 7 keys and 37 values 
2025-06-23 01:03:19 INFO  org.reflections.Reflections:229 - Reflections took 19 ms to scan 1 urls, producing 5 keys and 32 values 
2025-06-23 01:03:36 INFO  org.reflections.Reflections:229 - Reflections took 201 ms to scan 1 urls, producing 17 keys and 270 values 
2025-06-23 01:03:37 INFO  org.reflections.Reflections:229 - Reflections took 41 ms to scan 1 urls, producing 7 keys and 37 values 
2025-06-23 01:03:37 INFO  org.reflections.Reflections:229 - Reflections took 20 ms to scan 1 urls, producing 5 keys and 32 values 
2025-06-23 01:04:06 INFO  org.reflections.Reflections:229 - Reflections took 210 ms to scan 1 urls, producing 17 keys and 270 values 
2025-06-23 01:04:07 INFO  org.reflections.Reflections:229 - Reflections took 40 ms to scan 1 urls, producing 7 keys and 37 values 
2025-06-23 01:04:07 INFO  org.reflections.Reflections:229 - Reflections took 20 ms to scan 1 urls, producing 5 keys and 32 values 
2025-06-23 01:07:44 INFO  org.reflections.Reflections:229 - Reflections took 206 ms to scan 1 urls, producing 17 keys and 270 values 
2025-06-23 01:07:44 INFO  org.reflections.Reflections:229 - Reflections took 49 ms to scan 1 urls, producing 7 keys and 37 values 
2025-06-23 01:07:45 INFO  org.reflections.Reflections:229 - Reflections took 21 ms to scan 1 urls, producing 5 keys and 32 values 
2025-06-23 01:08:09 INFO  org.reflections.Reflections:229 - Reflections took 229 ms to scan 1 urls, producing 17 keys and 270 values 
2025-06-23 01:08:09 INFO  org.reflections.Reflections:229 - Reflections took 39 ms to scan 1 urls, producing 7 keys and 37 values 
2025-06-23 01:08:09 INFO  org.reflections.Reflections:229 - Reflections took 21 ms to scan 1 urls, producing 5 keys and 32 values 
2025-06-23 01:13:33 INFO  org.reflections.Reflections:229 - Reflections took 103 ms to scan 1 urls, producing 17 keys and 270 values 
2025-06-23 01:13:33 INFO  org.reflections.Reflections:229 - Reflections took 104 ms to scan 1 urls, producing 17 keys and 270 values 
2025-06-23 01:13:33 INFO  org.reflections.Reflections:229 - Reflections took 103 ms to scan 1 urls, producing 17 keys and 270 values 
2025-06-23 01:13:33 INFO  org.reflections.Reflections:229 - Reflections took 103 ms to scan 1 urls, producing 17 keys and 270 values 
2025-06-23 01:13:33 INFO  org.reflections.Reflections:229 - Reflections took 108 ms to scan 1 urls, producing 17 keys and 270 values 
2025-06-23 01:13:33 INFO  org.reflections.Reflections:229 - Reflections took 120 ms to scan 1 urls, producing 17 keys and 270 values 
2025-06-23 01:13:33 INFO  org.reflections.Reflections:229 - Reflections took 25 ms to scan 1 urls, producing 7 keys and 37 values 
2025-06-23 01:13:33 INFO  org.reflections.Reflections:229 - Reflections took 27 ms to scan 1 urls, producing 7 keys and 37 values 
2025-06-23 01:13:33 INFO  org.reflections.Reflections:229 - Reflections took 27 ms to scan 1 urls, producing 7 keys and 37 values 
2025-06-23 01:13:33 INFO  org.reflections.Reflections:229 - Reflections took 31 ms to scan 1 urls, producing 7 keys and 37 values 
2025-06-23 01:13:33 INFO  org.reflections.Reflections:229 - Reflections took 21 ms to scan 1 urls, producing 7 keys and 37 values 
2025-06-23 01:13:33 INFO  org.reflections.Reflections:229 - Reflections took 13 ms to scan 1 urls, producing 7 keys and 37 values 
2025-06-23 01:13:33 INFO  org.reflections.Reflections:229 - Reflections took 8 ms to scan 1 urls, producing 5 keys and 32 values 
2025-06-23 01:13:33 INFO  org.reflections.Reflections:229 - Reflections took 6 ms to scan 1 urls, producing 5 keys and 32 values 
2025-06-23 01:13:33 INFO  org.reflections.Reflections:229 - Reflections took 7 ms to scan 1 urls, producing 5 keys and 32 values 
2025-06-23 01:13:33 INFO  org.reflections.Reflections:229 - Reflections took 8 ms to scan 1 urls, producing 5 keys and 32 values 
2025-06-23 01:13:33 INFO  org.reflections.Reflections:229 - Reflections took 6 ms to scan 1 urls, producing 5 keys and 32 values 
2025-06-23 01:13:33 INFO  org.reflections.Reflections:229 - Reflections took 6 ms to scan 1 urls, producing 5 keys and 32 values 
2025-06-23 01:14:04 INFO  org.reflections.Reflections:229 - Reflections took 103 ms to scan 1 urls, producing 17 keys and 270 values 
2025-06-23 01:14:04 INFO  org.reflections.Reflections:229 - Reflections took 25 ms to scan 1 urls, producing 7 keys and 37 values 
2025-06-23 01:14:04 INFO  org.reflections.Reflections:229 - Reflections took 12 ms to scan 1 urls, producing 5 keys and 32 values 
2025-06-23 01:14:59 INFO  org.reflections.Reflections:229 - Reflections took 111 ms to scan 1 urls, producing 17 keys and 270 values 
2025-06-23 01:15:00 INFO  org.reflections.Reflections:229 - Reflections took 20 ms to scan 1 urls, producing 7 keys and 37 values 
2025-06-23 01:15:00 INFO  org.reflections.Reflections:229 - Reflections took 11 ms to scan 1 urls, producing 5 keys and 32 values 
2025-06-23 01:16:15 INFO  org.reflections.Reflections:229 - Reflections took 119 ms to scan 1 urls, producing 17 keys and 270 values 
2025-06-23 01:16:15 INFO  org.reflections.Reflections:229 - Reflections took 26 ms to scan 1 urls, producing 7 keys and 37 values 
2025-06-23 01:16:15 INFO  org.reflections.Reflections:229 - Reflections took 11 ms to scan 1 urls, producing 5 keys and 32 values 
2025-06-23 01:16:21 INFO  org.reflections.Reflections:229 - Reflections took 116 ms to scan 1 urls, producing 17 keys and 270 values 
2025-06-23 01:16:21 INFO  org.reflections.Reflections:229 - Reflections took 23 ms to scan 1 urls, producing 7 keys and 37 values 
2025-06-23 01:16:21 INFO  org.reflections.Reflections:229 - Reflections took 11 ms to scan 1 urls, producing 5 keys and 32 values 
2025-06-23 01:17:17 INFO  org.reflections.Reflections:229 - Reflections took 116 ms to scan 1 urls, producing 17 keys and 270 values 
2025-06-23 01:17:18 INFO  org.reflections.Reflections:229 - Reflections took 21 ms to scan 1 urls, producing 7 keys and 37 values 
2025-06-23 01:17:18 INFO  org.reflections.Reflections:229 - Reflections took 12 ms to scan 1 urls, producing 5 keys and 32 values 
2025-06-23 01:17:48 INFO  org.reflections.Reflections:229 - Reflections took 111 ms to scan 1 urls, producing 17 keys and 270 values 
2025-06-23 01:17:48 INFO  org.reflections.Reflections:229 - Reflections took 23 ms to scan 1 urls, producing 7 keys and 37 values 
2025-06-23 01:17:48 INFO  org.reflections.Reflections:229 - Reflections took 14 ms to scan 1 urls, producing 5 keys and 32 values 
2025-06-23 01:17:53 INFO  org.reflections.Reflections:229 - Reflections took 128 ms to scan 1 urls, producing 17 keys and 270 values 
2025-06-23 01:17:54 INFO  org.reflections.Reflections:229 - Reflections took 22 ms to scan 1 urls, producing 7 keys and 37 values 
2025-06-23 01:17:54 INFO  org.reflections.Reflections:229 - Reflections took 10 ms to scan 1 urls, producing 5 keys and 32 values 
2025-06-23 01:17:56 INFO  org.reflections.Reflections:229 - Reflections took 155 ms to scan 1 urls, producing 17 keys and 270 values 
2025-06-23 01:17:57 INFO  org.reflections.Reflections:229 - Reflections took 39 ms to scan 1 urls, producing 7 keys and 37 values 
2025-06-23 01:17:57 INFO  org.reflections.Reflections:229 - Reflections took 17 ms to scan 1 urls, producing 5 keys and 32 values 
2025-06-23 01:18:39 INFO  org.reflections.Reflections:229 - Reflections took 112 ms to scan 1 urls, producing 17 keys and 270 values 
2025-06-23 01:18:39 INFO  org.reflections.Reflections:229 - Reflections took 26 ms to scan 1 urls, producing 7 keys and 37 values 
2025-06-23 01:18:40 INFO  org.reflections.Reflections:229 - Reflections took 10 ms to scan 1 urls, producing 5 keys and 32 values 
2025-06-23 01:20:10 INFO  org.reflections.Reflections:229 - Reflections took 125 ms to scan 1 urls, producing 17 keys and 270 values 
2025-06-23 01:20:10 INFO  org.reflections.Reflections:229 - Reflections took 25 ms to scan 1 urls, producing 7 keys and 37 values 
2025-06-23 01:20:10 INFO  org.reflections.Reflections:229 - Reflections took 10 ms to scan 1 urls, producing 5 keys and 32 values 
2025-06-23 01:20:45 INFO  org.reflections.Reflections:229 - Reflections took 125 ms to scan 1 urls, producing 17 keys and 270 values 
2025-06-23 01:20:46 INFO  org.reflections.Reflections:229 - Reflections took 23 ms to scan 1 urls, producing 7 keys and 37 values 
2025-06-23 01:20:46 INFO  org.reflections.Reflections:229 - Reflections took 8 ms to scan 1 urls, producing 5 keys and 32 values 
2025-06-23 01:21:12 INFO  org.reflections.Reflections:229 - Reflections took 123 ms to scan 1 urls, producing 17 keys and 270 values 
2025-06-23 01:21:12 INFO  org.reflections.Reflections:229 - Reflections took 27 ms to scan 1 urls, producing 7 keys and 37 values 
2025-06-23 01:21:13 INFO  org.reflections.Reflections:229 - Reflections took 9 ms to scan 1 urls, producing 5 keys and 32 values 
2025-06-23 01:21:29 INFO  org.reflections.Reflections:229 - Reflections took 92 ms to scan 1 urls, producing 17 keys and 270 values 
2025-06-23 01:21:29 INFO  org.reflections.Reflections:229 - Reflections took 22 ms to scan 1 urls, producing 7 keys and 37 values 
2025-06-23 01:21:29 INFO  org.reflections.Reflections:229 - Reflections took 12 ms to scan 1 urls, producing 5 keys and 32 values 
2025-06-23 01:21:50 INFO  org.reflections.Reflections:229 - Reflections took 127 ms to scan 1 urls, producing 17 keys and 270 values 
2025-06-23 01:21:50 INFO  org.reflections.Reflections:229 - Reflections took 22 ms to scan 1 urls, producing 7 keys and 37 values 
2025-06-23 01:21:50 INFO  org.reflections.Reflections:229 - Reflections took 16 ms to scan 1 urls, producing 5 keys and 32 values 
2025-06-23 01:23:56 INFO  org.reflections.Reflections:229 - Reflections took 106 ms to scan 1 urls, producing 17 keys and 270 values 
2025-06-23 01:23:56 INFO  org.reflections.Reflections:229 - Reflections took 26 ms to scan 1 urls, producing 7 keys and 37 values 
2025-06-23 01:23:56 INFO  org.reflections.Reflections:229 - Reflections took 9 ms to scan 1 urls, producing 5 keys and 32 values 
2025-06-23 01:29:59 INFO  org.reflections.Reflections:229 - Reflections took 102 ms to scan 1 urls, producing 17 keys and 270 values 
2025-06-23 01:29:59 INFO  org.reflections.Reflections:229 - Reflections took 23 ms to scan 1 urls, producing 7 keys and 37 values 
2025-06-23 01:30:00 INFO  org.reflections.Reflections:229 - Reflections took 8 ms to scan 1 urls, producing 5 keys and 32 values 
2025-06-23 01:32:18 INFO  org.reflections.Reflections:229 - Reflections took 109 ms to scan 1 urls, producing 17 keys and 270 values 
2025-06-23 01:32:18 INFO  org.reflections.Reflections:229 - Reflections took 27 ms to scan 1 urls, producing 7 keys and 37 values 
2025-06-23 01:32:18 INFO  org.reflections.Reflections:229 - Reflections took 13 ms to scan 1 urls, producing 5 keys and 32 values 
2025-06-23 01:33:51 INFO  org.reflections.Reflections:229 - Reflections took 101 ms to scan 1 urls, producing 17 keys and 270 values 
2025-06-23 01:33:52 INFO  org.reflections.Reflections:229 - Reflections took 24 ms to scan 1 urls, producing 7 keys and 37 values 
2025-06-23 01:33:52 INFO  org.reflections.Reflections:229 - Reflections took 10 ms to scan 1 urls, producing 5 keys and 32 values 
2025-06-23 01:34:37 INFO  org.reflections.Reflections:229 - Reflections took 118 ms to scan 1 urls, producing 17 keys and 270 values 
2025-06-23 01:34:37 INFO  org.reflections.Reflections:229 - Reflections took 23 ms to scan 1 urls, producing 7 keys and 37 values 
2025-06-23 01:34:37 INFO  org.reflections.Reflections:229 - Reflections took 12 ms to scan 1 urls, producing 5 keys and 32 values 
2025-06-23 01:34:51 INFO  org.reflections.Reflections:229 - Reflections took 110 ms to scan 1 urls, producing 17 keys and 270 values 
2025-06-23 01:34:51 INFO  org.reflections.Reflections:229 - Reflections took 18 ms to scan 1 urls, producing 7 keys and 37 values 
2025-06-23 01:34:51 INFO  org.reflections.Reflections:229 - Reflections took 8 ms to scan 1 urls, producing 5 keys and 32 values 
2025-06-23 01:37:38 INFO  org.reflections.Reflections:229 - Reflections took 108 ms to scan 1 urls, producing 17 keys and 270 values 
2025-06-23 01:37:38 INFO  org.reflections.Reflections:229 - Reflections took 26 ms to scan 1 urls, producing 7 keys and 37 values 
2025-06-23 01:37:38 INFO  org.reflections.Reflections:229 - Reflections took 9 ms to scan 1 urls, producing 5 keys and 32 values 
2025-06-23 01:38:19 INFO  org.reflections.Reflections:229 - Reflections took 155 ms to scan 1 urls, producing 17 keys and 270 values 
2025-06-23 01:38:19 INFO  org.reflections.Reflections:229 - Reflections took 24 ms to scan 1 urls, producing 7 keys and 37 values 
2025-06-23 01:38:19 INFO  org.reflections.Reflections:229 - Reflections took 11 ms to scan 1 urls, producing 5 keys and 32 values 
2025-06-23 01:40:06 INFO  org.reflections.Reflections:229 - Reflections took 109 ms to scan 1 urls, producing 17 keys and 270 values 
2025-06-23 01:40:06 INFO  org.reflections.Reflections:229 - Reflections took 20 ms to scan 1 urls, producing 7 keys and 37 values 
2025-06-23 01:40:06 INFO  org.reflections.Reflections:229 - Reflections took 11 ms to scan 1 urls, producing 5 keys and 32 values 
2025-06-23 01:40:06 INFO  org.reflections.Reflections:229 - Reflections took 104 ms to scan 1 urls, producing 17 keys and 270 values 
2025-06-23 01:40:07 INFO  org.reflections.Reflections:229 - Reflections took 19 ms to scan 1 urls, producing 7 keys and 37 values 
2025-06-23 01:40:07 INFO  org.reflections.Reflections:229 - Reflections took 12 ms to scan 1 urls, producing 5 keys and 32 values 
2025-06-23 01:40:33 INFO  org.reflections.Reflections:229 - Reflections took 126 ms to scan 1 urls, producing 17 keys and 270 values 
2025-06-23 01:40:33 INFO  org.reflections.Reflections:229 - Reflections took 24 ms to scan 1 urls, producing 7 keys and 37 values 
2025-06-23 01:40:33 INFO  org.reflections.Reflections:229 - Reflections took 12 ms to scan 1 urls, producing 5 keys and 32 values 
2025-06-23 01:42:34 INFO  org.reflections.Reflections:229 - Reflections took 104 ms to scan 1 urls, producing 17 keys and 270 values 
2025-06-23 01:42:34 INFO  org.reflections.Reflections:229 - Reflections took 21 ms to scan 1 urls, producing 7 keys and 37 values 
2025-06-23 01:42:34 INFO  org.reflections.Reflections:229 - Reflections took 9 ms to scan 1 urls, producing 5 keys and 32 values 
2025-06-23 01:44:50 INFO  org.reflections.Reflections:229 - Reflections took 105 ms to scan 1 urls, producing 17 keys and 270 values 
2025-06-23 01:44:50 INFO  org.reflections.Reflections:229 - Reflections took 29 ms to scan 1 urls, producing 7 keys and 37 values 
2025-06-23 01:44:50 INFO  org.reflections.Reflections:229 - Reflections took 10 ms to scan 1 urls, producing 5 keys and 32 values 
2025-06-23 01:47:05 INFO  org.reflections.Reflections:229 - Reflections took 108 ms to scan 1 urls, producing 17 keys and 270 values 
2025-06-23 01:47:05 INFO  org.reflections.Reflections:229 - Reflections took 17 ms to scan 1 urls, producing 7 keys and 37 values 
2025-06-23 01:47:05 INFO  org.reflections.Reflections:229 - Reflections took 8 ms to scan 1 urls, producing 5 keys and 32 values 
2025-06-23 01:47:40 INFO  org.reflections.Reflections:229 - Reflections took 106 ms to scan 1 urls, producing 17 keys and 270 values 
2025-06-23 01:47:40 INFO  org.reflections.Reflections:229 - Reflections took 18 ms to scan 1 urls, producing 7 keys and 37 values 
2025-06-23 01:47:41 INFO  org.reflections.Reflections:229 - Reflections took 9 ms to scan 1 urls, producing 5 keys and 32 values 
2025-06-23 01:50:06 INFO  org.reflections.Reflections:229 - Reflections took 97 ms to scan 1 urls, producing 17 keys and 270 values 
2025-06-23 01:50:06 INFO  org.reflections.Reflections:229 - Reflections took 19 ms to scan 1 urls, producing 7 keys and 37 values 
2025-06-23 01:50:06 INFO  org.reflections.Reflections:229 - Reflections took 9 ms to scan 1 urls, producing 5 keys and 32 values 
2025-06-23 01:50:27 INFO  org.reflections.Reflections:229 - Reflections took 100 ms to scan 1 urls, producing 17 keys and 270 values 
2025-06-23 01:50:27 INFO  org.reflections.Reflections:229 - Reflections took 19 ms to scan 1 urls, producing 7 keys and 37 values 
2025-06-23 01:50:28 INFO  org.reflections.Reflections:229 - Reflections took 11 ms to scan 1 urls, producing 5 keys and 32 values 
2025-06-23 01:51:37 INFO  org.reflections.Reflections:229 - Reflections took 103 ms to scan 1 urls, producing 17 keys and 270 values 
2025-06-23 01:51:37 INFO  org.reflections.Reflections:229 - Reflections took 20 ms to scan 1 urls, producing 7 keys and 37 values 
2025-06-23 01:51:37 INFO  org.reflections.Reflections:229 - Reflections took 9 ms to scan 1 urls, producing 5 keys and 32 values 
2025-06-23 01:53:45 INFO  org.reflections.Reflections:229 - Reflections took 105 ms to scan 1 urls, producing 17 keys and 270 values 
2025-06-23 01:53:45 INFO  org.reflections.Reflections:229 - Reflections took 21 ms to scan 1 urls, producing 7 keys and 37 values 
2025-06-23 01:53:45 INFO  org.reflections.Reflections:229 - Reflections took 9 ms to scan 1 urls, producing 5 keys and 32 values 
2025-06-23 01:54:27 INFO  org.reflections.Reflections:229 - Reflections took 106 ms to scan 1 urls, producing 17 keys and 270 values 
2025-06-23 01:54:27 INFO  org.reflections.Reflections:229 - Reflections took 25 ms to scan 1 urls, producing 7 keys and 37 values 
2025-06-23 01:54:27 INFO  org.reflections.Reflections:229 - Reflections took 9 ms to scan 1 urls, producing 5 keys and 32 values 
2025-06-23 01:58:10 INFO  org.reflections.Reflections:229 - Reflections took 101 ms to scan 1 urls, producing 17 keys and 270 values 
2025-06-23 01:58:10 INFO  org.reflections.Reflections:229 - Reflections took 15 ms to scan 1 urls, producing 7 keys and 37 values 
2025-06-23 01:58:10 INFO  org.reflections.Reflections:229 - Reflections took 16 ms to scan 1 urls, producing 5 keys and 32 values 
2025-06-23 01:58:11 ERROR edu.pitt.dbmi.data.reader.tabular.TabularDataFileReader:920 - Non-continuous number inf on line 1053 at column 20.
java.lang.NumberFormatException: For input string: "inf"
	at sun.misc.FloatingDecimal.readJavaFormatString(FloatingDecimal.java:2043)
	at sun.misc.FloatingDecimal.parseDouble(FloatingDecimal.java:110)
	at java.lang.Double.parseDouble(Double.java:538)
	at edu.pitt.dbmi.data.reader.tabular.TabularDataFileReader.readInContinuousData(TabularDataFileReader.java:917)
	at edu.pitt.dbmi.data.reader.tabular.TabularDataFileReader.read(TabularDataFileReader.java:319)
	at edu.pitt.dbmi.data.reader.tabular.ContinuousTabularDatasetFileReader.readInData(ContinuousTabularDatasetFileReader.java:68)
	at edu.pitt.dbmi.data.reader.tabular.ContinuousTabularDatasetFileReader.readInData(ContinuousTabularDatasetFileReader.java:49)
2025-06-23 01:59:27 INFO  org.reflections.Reflections:229 - Reflections took 92 ms to scan 1 urls, producing 17 keys and 270 values 
2025-06-23 01:59:27 INFO  org.reflections.Reflections:229 - Reflections took 20 ms to scan 1 urls, producing 7 keys and 37 values 
2025-06-23 01:59:27 INFO  org.reflections.Reflections:229 - Reflections took 7 ms to scan 1 urls, producing 5 keys and 32 values 
2025-06-23 02:02:47 INFO  org.reflections.Reflections:229 - Reflections took 86 ms to scan 1 urls, producing 17 keys and 270 values 
2025-06-23 02:02:47 INFO  org.reflections.Reflections:229 - Reflections took 16 ms to scan 1 urls, producing 7 keys and 37 values 
2025-06-23 02:02:47 INFO  org.reflections.Reflections:229 - Reflections took 10 ms to scan 1 urls, producing 5 keys and 32 values 
2025-06-23 02:04:38 INFO  org.reflections.Reflections:229 - Reflections took 81 ms to scan 1 urls, producing 17 keys and 270 values 
2025-06-23 02:04:38 INFO  org.reflections.Reflections:229 - Reflections took 17 ms to scan 1 urls, producing 7 keys and 37 values 
2025-06-23 02:04:38 INFO  org.reflections.Reflections:229 - Reflections took 8 ms to scan 1 urls, producing 5 keys and 32 values 
2025-06-23 02:07:01 INFO  org.reflections.Reflections:229 - Reflections took 82 ms to scan 1 urls, producing 17 keys and 270 values 
2025-06-23 02:07:01 INFO  org.reflections.Reflections:229 - Reflections took 18 ms to scan 1 urls, producing 7 keys and 37 values 
2025-06-23 02:07:01 INFO  org.reflections.Reflections:229 - Reflections took 8 ms to scan 1 urls, producing 5 keys and 32 values 
2025-06-23 02:07:08 INFO  org.reflections.Reflections:229 - Reflections took 79 ms to scan 1 urls, producing 17 keys and 270 values 
2025-06-23 02:07:08 INFO  org.reflections.Reflections:229 - Reflections took 22 ms to scan 1 urls, producing 7 keys and 37 values 
2025-06-23 02:07:08 INFO  org.reflections.Reflections:229 - Reflections took 10 ms to scan 1 urls, producing 5 keys and 32 values 
2025-06-23 02:07:34 INFO  org.reflections.Reflections:229 - Reflections took 71 ms to scan 1 urls, producing 17 keys and 270 values 
2025-06-23 02:07:34 INFO  org.reflections.Reflections:229 - Reflections took 14 ms to scan 1 urls, producing 7 keys and 37 values 
2025-06-23 02:07:34 INFO  org.reflections.Reflections:229 - Reflections took 80 ms to scan 1 urls, producing 17 keys and 270 values 
2025-06-23 02:07:34 INFO  org.reflections.Reflections:229 - Reflections took 11 ms to scan 1 urls, producing 5 keys and 32 values 
2025-06-23 02:07:34 INFO  org.reflections.Reflections:229 - Reflections took 22 ms to scan 1 urls, producing 7 keys and 37 values 
2025-06-23 02:07:34 INFO  org.reflections.Reflections:229 - Reflections took 7 ms to scan 1 urls, producing 5 keys and 32 values 
2025-06-23 02:07:49 INFO  org.reflections.Reflections:229 - Reflections took 80 ms to scan 1 urls, producing 17 keys and 270 values 
2025-06-23 02:07:50 INFO  org.reflections.Reflections:229 - Reflections took 15 ms to scan 1 urls, producing 7 keys and 37 values 
2025-06-23 02:07:50 INFO  org.reflections.Reflections:229 - Reflections took 8 ms to scan 1 urls, producing 5 keys and 32 values 
2025-06-23 02:08:36 INFO  org.reflections.Reflections:229 - Reflections took 74 ms to scan 1 urls, producing 17 keys and 270 values 
2025-06-23 02:08:36 INFO  org.reflections.Reflections:229 - Reflections took 17 ms to scan 1 urls, producing 7 keys and 37 values 
2025-06-23 02:08:36 INFO  org.reflections.Reflections:229 - Reflections took 6 ms to scan 1 urls, producing 5 keys and 32 values 
2025-06-23 02:08:41 INFO  org.reflections.Reflections:229 - Reflections took 89 ms to scan 1 urls, producing 17 keys and 270 values 
2025-06-23 02:08:41 INFO  org.reflections.Reflections:229 - Reflections took 13 ms to scan 1 urls, producing 7 keys and 37 values 
2025-06-23 02:08:41 INFO  org.reflections.Reflections:229 - Reflections took 7 ms to scan 1 urls, producing 5 keys and 32 values 
2025-06-23 02:09:41 INFO  org.reflections.Reflections:229 - Reflections took 84 ms to scan 1 urls, producing 17 keys and 270 values 
2025-06-23 02:09:41 INFO  org.reflections.Reflections:229 - Reflections took 17 ms to scan 1 urls, producing 7 keys and 37 values 
2025-06-23 02:09:41 INFO  org.reflections.Reflections:229 - Reflections took 8 ms to scan 1 urls, producing 5 keys and 32 values 
2025-06-23 02:09:43 INFO  org.reflections.Reflections:229 - Reflections took 100 ms to scan 1 urls, producing 17 keys and 270 values 
2025-06-23 02:09:43 INFO  org.reflections.Reflections:229 - Reflections took 22 ms to scan 1 urls, producing 7 keys and 37 values 
2025-06-23 02:09:43 INFO  org.reflections.Reflections:229 - Reflections took 7 ms to scan 1 urls, producing 5 keys and 32 values 
2025-06-23 02:10:08 INFO  org.reflections.Reflections:229 - Reflections took 87 ms to scan 1 urls, producing 17 keys and 270 values 
2025-06-23 02:10:08 INFO  org.reflections.Reflections:229 - Reflections took 21 ms to scan 1 urls, producing 7 keys and 37 values 
2025-06-23 02:10:09 INFO  org.reflections.Reflections:229 - Reflections took 8 ms to scan 1 urls, producing 5 keys and 32 values 
2025-06-23 02:12:07 INFO  org.reflections.Reflections:229 - Reflections took 85 ms to scan 1 urls, producing 17 keys and 270 values 
2025-06-23 02:12:08 INFO  org.reflections.Reflections:229 - Reflections took 23 ms to scan 1 urls, producing 7 keys and 37 values 
2025-06-23 02:12:08 INFO  org.reflections.Reflections:229 - Reflections took 7 ms to scan 1 urls, producing 5 keys and 32 values 
2025-06-23 02:13:38 INFO  org.reflections.Reflections:229 - Reflections took 89 ms to scan 1 urls, producing 17 keys and 270 values 
2025-06-23 02:13:38 INFO  org.reflections.Reflections:229 - Reflections took 18 ms to scan 1 urls, producing 7 keys and 37 values 
2025-06-23 02:13:38 INFO  org.reflections.Reflections:229 - Reflections took 7 ms to scan 1 urls, producing 5 keys and 32 values 
2025-06-23 02:14:04 INFO  org.reflections.Reflections:229 - Reflections took 84 ms to scan 1 urls, producing 17 keys and 270 values 
2025-06-23 02:14:04 INFO  org.reflections.Reflections:229 - Reflections took 22 ms to scan 1 urls, producing 7 keys and 37 values 
2025-06-23 02:14:04 INFO  org.reflections.Reflections:229 - Reflections took 7 ms to scan 1 urls, producing 5 keys and 32 values 
2025-06-23 02:16:03 INFO  org.reflections.Reflections:229 - Reflections took 84 ms to scan 1 urls, producing 17 keys and 270 values 
2025-06-23 02:16:03 INFO  org.reflections.Reflections:229 - Reflections took 18 ms to scan 1 urls, producing 7 keys and 37 values 
2025-06-23 02:16:03 INFO  org.reflections.Reflections:229 - Reflections took 8 ms to scan 1 urls, producing 5 keys and 32 values 
2025-06-23 02:17:59 INFO  org.reflections.Reflections:229 - Reflections took 79 ms to scan 1 urls, producing 17 keys and 270 values 
2025-06-23 02:17:59 INFO  org.reflections.Reflections:229 - Reflections took 16 ms to scan 1 urls, producing 7 keys and 37 values 
2025-06-23 02:17:59 INFO  org.reflections.Reflections:229 - Reflections took 7 ms to scan 1 urls, producing 5 keys and 32 values 
2025-06-23 02:18:32 INFO  org.reflections.Reflections:229 - Reflections took 78 ms to scan 1 urls, producing 17 keys and 270 values 
2025-06-23 02:18:32 INFO  org.reflections.Reflections:229 - Reflections took 17 ms to scan 1 urls, producing 7 keys and 37 values 
2025-06-23 02:18:32 INFO  org.reflections.Reflections:229 - Reflections took 8 ms to scan 1 urls, producing 5 keys and 32 values 
2025-06-23 02:19:33 INFO  org.reflections.Reflections:229 - Reflections took 85 ms to scan 1 urls, producing 17 keys and 270 values 
2025-06-23 02:19:33 INFO  org.reflections.Reflections:229 - Reflections took 14 ms to scan 1 urls, producing 7 keys and 37 values 
2025-06-23 02:19:33 INFO  org.reflections.Reflections:229 - Reflections took 10 ms to scan 1 urls, producing 5 keys and 32 values 
2025-06-23 02:20:38 INFO  org.reflections.Reflections:229 - Reflections took 78 ms to scan 1 urls, producing 17 keys and 270 values 
2025-06-23 02:20:38 INFO  org.reflections.Reflections:229 - Reflections took 14 ms to scan 1 urls, producing 7 keys and 37 values 
2025-06-23 02:20:38 INFO  org.reflections.Reflections:229 - Reflections took 7 ms to scan 1 urls, producing 5 keys and 32 values 
2025-06-23 02:20:52 INFO  org.reflections.Reflections:229 - Reflections took 83 ms to scan 1 urls, producing 17 keys and 270 values 
2025-06-23 02:20:52 INFO  org.reflections.Reflections:229 - Reflections took 16 ms to scan 1 urls, producing 7 keys and 37 values 
2025-06-23 02:20:52 INFO  org.reflections.Reflections:229 - Reflections took 8 ms to scan 1 urls, producing 5 keys and 32 values 
2025-06-23 02:21:23 INFO  org.reflections.Reflections:229 - Reflections took 82 ms to scan 1 urls, producing 17 keys and 270 values 
2025-06-23 02:21:23 INFO  org.reflections.Reflections:229 - Reflections took 18 ms to scan 1 urls, producing 7 keys and 37 values 
2025-06-23 02:21:23 INFO  org.reflections.Reflections:229 - Reflections took 7 ms to scan 1 urls, producing 5 keys and 32 values 
2025-06-23 02:21:31 INFO  org.reflections.Reflections:229 - Reflections took 90 ms to scan 1 urls, producing 17 keys and 270 values 
2025-06-23 02:21:32 INFO  org.reflections.Reflections:229 - Reflections took 26 ms to scan 1 urls, producing 7 keys and 37 values 
2025-06-23 02:21:32 INFO  org.reflections.Reflections:229 - Reflections took 7 ms to scan 1 urls, producing 5 keys and 32 values 
2025-06-23 02:23:52 INFO  org.reflections.Reflections:229 - Reflections took 87 ms to scan 1 urls, producing 17 keys and 270 values 
2025-06-23 02:23:52 INFO  org.reflections.Reflections:229 - Reflections took 14 ms to scan 1 urls, producing 7 keys and 37 values 
2025-06-23 02:23:52 INFO  org.reflections.Reflections:229 - Reflections took 7 ms to scan 1 urls, producing 5 keys and 32 values 
2025-06-23 02:27:52 INFO  org.reflections.Reflections:229 - Reflections took 86 ms to scan 1 urls, producing 17 keys and 270 values 
2025-06-23 02:27:53 INFO  org.reflections.Reflections:229 - Reflections took 20 ms to scan 1 urls, producing 7 keys and 37 values 
2025-06-23 02:27:53 INFO  org.reflections.Reflections:229 - Reflections took 8 ms to scan 1 urls, producing 5 keys and 32 values 
2025-06-23 02:28:52 INFO  org.reflections.Reflections:229 - Reflections took 83 ms to scan 1 urls, producing 17 keys and 270 values 
2025-06-23 02:28:52 INFO  org.reflections.Reflections:229 - Reflections took 16 ms to scan 1 urls, producing 7 keys and 37 values 
2025-06-23 02:28:53 INFO  org.reflections.Reflections:229 - Reflections took 7 ms to scan 1 urls, producing 5 keys and 32 values 
2025-06-23 02:29:00 INFO  org.reflections.Reflections:229 - Reflections took 83 ms to scan 1 urls, producing 17 keys and 270 values 
2025-06-23 02:29:00 INFO  org.reflections.Reflections:229 - Reflections took 19 ms to scan 1 urls, producing 7 keys and 37 values 
2025-06-23 02:29:00 INFO  org.reflections.Reflections:229 - Reflections took 9 ms to scan 1 urls, producing 5 keys and 32 values 
2025-06-23 02:29:18 INFO  org.reflections.Reflections:229 - Reflections took 94 ms to scan 1 urls, producing 17 keys and 270 values 
2025-06-23 02:29:18 INFO  org.reflections.Reflections:229 - Reflections took 19 ms to scan 1 urls, producing 7 keys and 37 values 
2025-06-23 02:29:19 INFO  org.reflections.Reflections:229 - Reflections took 8 ms to scan 1 urls, producing 5 keys and 32 values 
2025-06-23 02:30:05 INFO  org.reflections.Reflections:229 - Reflections took 83 ms to scan 1 urls, producing 17 keys and 270 values 
2025-06-23 02:30:05 INFO  org.reflections.Reflections:229 - Reflections took 18 ms to scan 1 urls, producing 7 keys and 37 values 
2025-06-23 02:30:05 INFO  org.reflections.Reflections:229 - Reflections took 7 ms to scan 1 urls, producing 5 keys and 32 values 
2025-06-23 02:34:22 INFO  org.reflections.Reflections:229 - Reflections took 91 ms to scan 1 urls, producing 17 keys and 270 values 
2025-06-23 02:34:22 INFO  org.reflections.Reflections:229 - Reflections took 21 ms to scan 1 urls, producing 7 keys and 37 values 
2025-06-23 02:34:22 INFO  org.reflections.Reflections:229 - Reflections took 8 ms to scan 1 urls, producing 5 keys and 32 values 
2025-06-23 02:34:59 INFO  org.reflections.Reflections:229 - Reflections took 100 ms to scan 1 urls, producing 17 keys and 270 values 
2025-06-23 02:34:59 INFO  org.reflections.Reflections:229 - Reflections took 18 ms to scan 1 urls, producing 7 keys and 37 values 
2025-06-23 02:34:59 INFO  org.reflections.Reflections:229 - Reflections took 9 ms to scan 1 urls, producing 5 keys and 32 values 
2025-06-23 02:36:32 INFO  org.reflections.Reflections:229 - Reflections took 95 ms to scan 1 urls, producing 17 keys and 270 values 
2025-06-23 02:36:32 INFO  org.reflections.Reflections:229 - Reflections took 14 ms to scan 1 urls, producing 7 keys and 37 values 
2025-06-23 02:36:32 INFO  org.reflections.Reflections:229 - Reflections took 10 ms to scan 1 urls, producing 5 keys and 32 values 
2025-06-23 02:38:42 INFO  org.reflections.Reflections:229 - Reflections took 79 ms to scan 1 urls, producing 17 keys and 270 values 
2025-06-23 02:38:42 INFO  org.reflections.Reflections:229 - Reflections took 15 ms to scan 1 urls, producing 7 keys and 37 values 
2025-06-23 02:38:42 INFO  org.reflections.Reflections:229 - Reflections took 7 ms to scan 1 urls, producing 5 keys and 32 values 
2025-06-23 02:39:02 INFO  org.reflections.Reflections:229 - Reflections took 83 ms to scan 1 urls, producing 17 keys and 270 values 
2025-06-23 02:39:02 INFO  org.reflections.Reflections:229 - Reflections took 18 ms to scan 1 urls, producing 7 keys and 37 values 
2025-06-23 02:39:02 INFO  org.reflections.Reflections:229 - Reflections took 9 ms to scan 1 urls, producing 5 keys and 32 values 
2025-06-23 02:42:53 INFO  org.reflections.Reflections:229 - Reflections took 82 ms to scan 1 urls, producing 17 keys and 270 values 
2025-06-23 02:42:53 INFO  org.reflections.Reflections:229 - Reflections took 16 ms to scan 1 urls, producing 7 keys and 37 values 
2025-06-23 02:42:54 INFO  org.reflections.Reflections:229 - Reflections took 8 ms to scan 1 urls, producing 5 keys and 32 values 
2025-06-23 02:45:23 INFO  org.reflections.Reflections:229 - Reflections took 85 ms to scan 1 urls, producing 17 keys and 270 values 
2025-06-23 02:45:23 INFO  org.reflections.Reflections:229 - Reflections took 17 ms to scan 1 urls, producing 7 keys and 37 values 
2025-06-23 02:45:23 INFO  org.reflections.Reflections:229 - Reflections took 9 ms to scan 1 urls, producing 5 keys and 32 values 
2025-06-23 02:47:41 INFO  org.reflections.Reflections:229 - Reflections took 82 ms to scan 1 urls, producing 17 keys and 270 values 
2025-06-23 02:47:41 INFO  org.reflections.Reflections:229 - Reflections took 14 ms to scan 1 urls, producing 7 keys and 37 values 
2025-06-23 02:47:41 INFO  org.reflections.Reflections:229 - Reflections took 10 ms to scan 1 urls, producing 5 keys and 32 values 
2025-06-23 02:48:40 INFO  org.reflections.Reflections:229 - Reflections took 84 ms to scan 1 urls, producing 17 keys and 270 values 
2025-06-23 02:48:40 INFO  org.reflections.Reflections:229 - Reflections took 23 ms to scan 1 urls, producing 7 keys and 37 values 
2025-06-23 02:48:40 INFO  org.reflections.Reflections:229 - Reflections took 10 ms to scan 1 urls, producing 5 keys and 32 values 
2025-06-23 02:49:43 INFO  org.reflections.Reflections:229 - Reflections took 88 ms to scan 1 urls, producing 17 keys and 270 values 
2025-06-23 02:49:43 INFO  org.reflections.Reflections:229 - Reflections took 16 ms to scan 1 urls, producing 7 keys and 37 values 
2025-06-23 02:49:43 INFO  org.reflections.Reflections:229 - Reflections took 9 ms to scan 1 urls, producing 5 keys and 32 values 
2025-06-23 02:51:07 INFO  org.reflections.Reflections:229 - Reflections took 91 ms to scan 1 urls, producing 17 keys and 270 values 
2025-06-23 02:51:08 INFO  org.reflections.Reflections:229 - Reflections took 17 ms to scan 1 urls, producing 7 keys and 37 values 
2025-06-23 02:51:08 INFO  org.reflections.Reflections:229 - Reflections took 8 ms to scan 1 urls, producing 5 keys and 32 values 
2025-06-23 02:57:00 INFO  org.reflections.Reflections:229 - Reflections took 85 ms to scan 1 urls, producing 17 keys and 270 values 
2025-06-23 02:57:00 INFO  org.reflections.Reflections:229 - Reflections took 30 ms to scan 1 urls, producing 7 keys and 37 values 
2025-06-23 02:57:00 INFO  org.reflections.Reflections:229 - Reflections took 7 ms to scan 1 urls, producing 5 keys and 32 values 
2025-06-23 02:57:01 ERROR edu.pitt.dbmi.data.reader.tabular.TabularDataFileReader:920 - Non-continuous number inf on line 368 at column 20.
java.lang.NumberFormatException: For input string: "inf"
	at sun.misc.FloatingDecimal.readJavaFormatString(FloatingDecimal.java:2043)
	at sun.misc.FloatingDecimal.parseDouble(FloatingDecimal.java:110)
	at java.lang.Double.parseDouble(Double.java:538)
	at edu.pitt.dbmi.data.reader.tabular.TabularDataFileReader.readInContinuousData(TabularDataFileReader.java:917)
	at edu.pitt.dbmi.data.reader.tabular.TabularDataFileReader.read(TabularDataFileReader.java:319)
	at edu.pitt.dbmi.data.reader.tabular.ContinuousTabularDatasetFileReader.readInData(ContinuousTabularDatasetFileReader.java:68)
	at edu.pitt.dbmi.data.reader.tabular.ContinuousTabularDatasetFileReader.readInData(ContinuousTabularDatasetFileReader.java:49)
2025-06-23 02:57:13 INFO  org.reflections.Reflections:229 - Reflections took 78 ms to scan 1 urls, producing 17 keys and 270 values 
2025-06-23 02:57:13 INFO  org.reflections.Reflections:229 - Reflections took 16 ms to scan 1 urls, producing 7 keys and 37 values 
2025-06-23 02:57:13 INFO  org.reflections.Reflections:229 - Reflections took 8 ms to scan 1 urls, producing 5 keys and 32 values 
2025-06-23 02:57:34 INFO  org.reflections.Reflections:229 - Reflections took 85 ms to scan 1 urls, producing 17 keys and 270 values 
2025-06-23 02:57:34 INFO  org.reflections.Reflections:229 - Reflections took 20 ms to scan 1 urls, producing 7 keys and 37 values 
2025-06-23 02:57:34 INFO  org.reflections.Reflections:229 - Reflections took 11 ms to scan 1 urls, producing 5 keys and 32 values 
2025-06-23 02:57:48 INFO  org.reflections.Reflections:229 - Reflections took 70 ms to scan 1 urls, producing 17 keys and 270 values 
2025-06-23 02:57:48 INFO  org.reflections.Reflections:229 - Reflections took 13 ms to scan 1 urls, producing 7 keys and 37 values 
2025-06-23 02:57:49 INFO  org.reflections.Reflections:229 - Reflections took 11 ms to scan 1 urls, producing 5 keys and 32 values 
2025-06-23 02:58:03 INFO  org.reflections.Reflections:229 - Reflections took 76 ms to scan 1 urls, producing 17 keys and 270 values 
2025-06-23 02:58:03 INFO  org.reflections.Reflections:229 - Reflections took 16 ms to scan 1 urls, producing 7 keys and 37 values 
2025-06-23 02:58:03 INFO  org.reflections.Reflections:229 - Reflections took 7 ms to scan 1 urls, producing 5 keys and 32 values 
2025-06-23 03:00:13 INFO  org.reflections.Reflections:229 - Reflections took 69 ms to scan 1 urls, producing 17 keys and 270 values 
2025-06-23 03:00:13 INFO  org.reflections.Reflections:229 - Reflections took 14 ms to scan 1 urls, producing 7 keys and 37 values 
2025-06-23 03:00:14 INFO  org.reflections.Reflections:229 - Reflections took 7 ms to scan 1 urls, producing 5 keys and 32 values 
2025-06-23 03:00:32 INFO  org.reflections.Reflections:229 - Reflections took 73 ms to scan 1 urls, producing 17 keys and 270 values 
2025-06-23 03:00:32 INFO  org.reflections.Reflections:229 - Reflections took 15 ms to scan 1 urls, producing 7 keys and 37 values 
2025-06-23 03:00:32 INFO  org.reflections.Reflections:229 - Reflections took 8 ms to scan 1 urls, producing 5 keys and 32 values 
2025-06-23 03:00:41 INFO  org.reflections.Reflections:229 - Reflections took 76 ms to scan 1 urls, producing 17 keys and 270 values 
2025-06-23 03:00:42 INFO  org.reflections.Reflections:229 - Reflections took 19 ms to scan 1 urls, producing 7 keys and 37 values 
2025-06-23 03:00:42 INFO  org.reflections.Reflections:229 - Reflections took 6 ms to scan 1 urls, producing 5 keys and 32 values 
2025-06-23 03:00:59 INFO  org.reflections.Reflections:229 - Reflections took 74 ms to scan 1 urls, producing 17 keys and 270 values 
2025-06-23 03:00:59 INFO  org.reflections.Reflections:229 - Reflections took 14 ms to scan 1 urls, producing 7 keys and 37 values 
2025-06-23 03:00:59 INFO  org.reflections.Reflections:229 - Reflections took 7 ms to scan 1 urls, producing 5 keys and 32 values 
2025-06-23 03:01:09 INFO  org.reflections.Reflections:229 - Reflections took 83 ms to scan 1 urls, producing 17 keys and 270 values 
2025-06-23 03:01:09 INFO  org.reflections.Reflections:229 - Reflections took 13 ms to scan 1 urls, producing 7 keys and 37 values 
2025-06-23 03:01:09 INFO  org.reflections.Reflections:229 - Reflections took 8 ms to scan 1 urls, producing 5 keys and 32 values 
2025-06-23 03:01:49 INFO  org.reflections.Reflections:229 - Reflections took 81 ms to scan 1 urls, producing 17 keys and 270 values 
2025-06-23 03:01:49 INFO  org.reflections.Reflections:229 - Reflections took 15 ms to scan 1 urls, producing 7 keys and 37 values 
2025-06-23 03:01:49 INFO  org.reflections.Reflections:229 - Reflections took 8 ms to scan 1 urls, producing 5 keys and 32 values 
2025-06-23 03:01:54 INFO  org.reflections.Reflections:229 - Reflections took 82 ms to scan 1 urls, producing 17 keys and 270 values 
2025-06-23 03:01:54 INFO  org.reflections.Reflections:229 - Reflections took 15 ms to scan 1 urls, producing 7 keys and 37 values 
2025-06-23 03:01:54 INFO  org.reflections.Reflections:229 - Reflections took 6 ms to scan 1 urls, producing 5 keys and 32 values 
2025-06-23 03:02:33 INFO  org.reflections.Reflections:229 - Reflections took 77 ms to scan 1 urls, producing 17 keys and 270 values 
2025-06-23 03:02:33 INFO  org.reflections.Reflections:229 - Reflections took 12 ms to scan 1 urls, producing 7 keys and 37 values 
2025-06-23 03:02:33 INFO  org.reflections.Reflections:229 - Reflections took 8 ms to scan 1 urls, producing 5 keys and 32 values 
2025-06-23 03:02:57 INFO  org.reflections.Reflections:229 - Reflections took 73 ms to scan 1 urls, producing 17 keys and 270 values 
2025-06-23 03:02:57 INFO  org.reflections.Reflections:229 - Reflections took 13 ms to scan 1 urls, producing 7 keys and 37 values 
2025-06-23 03:02:57 INFO  org.reflections.Reflections:229 - Reflections took 6 ms to scan 1 urls, producing 5 keys and 32 values 
2025-06-23 03:03:52 INFO  org.reflections.Reflections:229 - Reflections took 78 ms to scan 1 urls, producing 17 keys and 270 values 
2025-06-23 03:03:52 INFO  org.reflections.Reflections:229 - Reflections took 14 ms to scan 1 urls, producing 7 keys and 37 values 
2025-06-23 03:03:52 INFO  org.reflections.Reflections:229 - Reflections took 7 ms to scan 1 urls, producing 5 keys and 32 values 
2025-06-23 03:03:58 INFO  org.reflections.Reflections:229 - Reflections took 78 ms to scan 1 urls, producing 17 keys and 270 values 
2025-06-23 03:03:58 INFO  org.reflections.Reflections:229 - Reflections took 17 ms to scan 1 urls, producing 7 keys and 37 values 
2025-06-23 03:03:58 INFO  org.reflections.Reflections:229 - Reflections took 7 ms to scan 1 urls, producing 5 keys and 32 values 
2025-06-23 03:04:24 INFO  org.reflections.Reflections:229 - Reflections took 78 ms to scan 1 urls, producing 17 keys and 270 values 
2025-06-23 03:04:24 INFO  org.reflections.Reflections:229 - Reflections took 15 ms to scan 1 urls, producing 7 keys and 37 values 
2025-06-23 03:04:24 INFO  org.reflections.Reflections:229 - Reflections took 7 ms to scan 1 urls, producing 5 keys and 32 values 
2025-06-23 03:04:46 INFO  org.reflections.Reflections:229 - Reflections took 77 ms to scan 1 urls, producing 17 keys and 270 values 
2025-06-23 03:04:46 INFO  org.reflections.Reflections:229 - Reflections took 17 ms to scan 1 urls, producing 7 keys and 37 values 
2025-06-23 03:04:46 INFO  org.reflections.Reflections:229 - Reflections took 7 ms to scan 1 urls, producing 5 keys and 32 values 
2025-06-23 03:05:49 INFO  org.reflections.Reflections:229 - Reflections took 81 ms to scan 1 urls, producing 17 keys and 270 values 
2025-06-23 03:05:49 INFO  org.reflections.Reflections:229 - Reflections took 19 ms to scan 1 urls, producing 7 keys and 37 values 
2025-06-23 03:05:49 INFO  org.reflections.Reflections:229 - Reflections took 7 ms to scan 1 urls, producing 5 keys and 32 values 
2025-06-23 03:06:26 INFO  org.reflections.Reflections:229 - Reflections took 72 ms to scan 1 urls, producing 17 keys and 270 values 
2025-06-23 03:06:26 INFO  org.reflections.Reflections:229 - Reflections took 12 ms to scan 1 urls, producing 7 keys and 37 values 
2025-06-23 03:06:26 INFO  org.reflections.Reflections:229 - Reflections took 8 ms to scan 1 urls, producing 5 keys and 32 values 
2025-06-23 03:07:34 INFO  org.reflections.Reflections:229 - Reflections took 75 ms to scan 1 urls, producing 17 keys and 270 values 
2025-06-23 03:07:34 INFO  org.reflections.Reflections:229 - Reflections took 13 ms to scan 1 urls, producing 7 keys and 37 values 
2025-06-23 03:07:34 INFO  org.reflections.Reflections:229 - Reflections took 6 ms to scan 1 urls, producing 5 keys and 32 values 
2025-06-23 03:10:12 INFO  org.reflections.Reflections:229 - Reflections took 77 ms to scan 1 urls, producing 17 keys and 270 values 
2025-06-23 03:10:12 INFO  org.reflections.Reflections:229 - Reflections took 14 ms to scan 1 urls, producing 7 keys and 37 values 
2025-06-23 03:10:12 INFO  org.reflections.Reflections:229 - Reflections took 7 ms to scan 1 urls, producing 5 keys and 32 values 
2025-06-23 03:11:57 INFO  org.reflections.Reflections:229 - Reflections took 80 ms to scan 1 urls, producing 17 keys and 270 values 
2025-06-23 03:11:57 INFO  org.reflections.Reflections:229 - Reflections took 17 ms to scan 1 urls, producing 7 keys and 37 values 
2025-06-23 03:11:57 INFO  org.reflections.Reflections:229 - Reflections took 7 ms to scan 1 urls, producing 5 keys and 32 values 
2025-06-23 03:13:12 INFO  org.reflections.Reflections:229 - Reflections took 81 ms to scan 1 urls, producing 17 keys and 270 values 
2025-06-23 03:13:12 INFO  org.reflections.Reflections:229 - Reflections took 14 ms to scan 1 urls, producing 7 keys and 37 values 
2025-06-23 03:13:12 INFO  org.reflections.Reflections:229 - Reflections took 7 ms to scan 1 urls, producing 5 keys and 32 values 
2025-06-23 03:13:29 INFO  org.reflections.Reflections:229 - Reflections took 75 ms to scan 1 urls, producing 17 keys and 270 values 
2025-06-23 03:13:29 INFO  org.reflections.Reflections:229 - Reflections took 13 ms to scan 1 urls, producing 7 keys and 37 values 
2025-06-23 03:13:29 INFO  org.reflections.Reflections:229 - Reflections took 7 ms to scan 1 urls, producing 5 keys and 32 values 
2025-06-23 03:14:41 INFO  org.reflections.Reflections:229 - Reflections took 77 ms to scan 1 urls, producing 17 keys and 270 values 
2025-06-23 03:14:41 INFO  org.reflections.Reflections:229 - Reflections took 15 ms to scan 1 urls, producing 7 keys and 37 values 
2025-06-23 03:14:41 INFO  org.reflections.Reflections:229 - Reflections took 8 ms to scan 1 urls, producing 5 keys and 32 values 
2025-06-23 03:16:23 INFO  org.reflections.Reflections:229 - Reflections took 78 ms to scan 1 urls, producing 17 keys and 270 values 
2025-06-23 03:16:23 INFO  org.reflections.Reflections:229 - Reflections took 15 ms to scan 1 urls, producing 7 keys and 37 values 
2025-06-23 03:16:23 INFO  org.reflections.Reflections:229 - Reflections took 9 ms to scan 1 urls, producing 5 keys and 32 values 
2025-06-23 03:17:23 INFO  org.reflections.Reflections:229 - Reflections took 77 ms to scan 1 urls, producing 17 keys and 270 values 
2025-06-23 03:17:23 INFO  org.reflections.Reflections:229 - Reflections took 14 ms to scan 1 urls, producing 7 keys and 37 values 
2025-06-23 03:17:23 INFO  org.reflections.Reflections:229 - Reflections took 8 ms to scan 1 urls, producing 5 keys and 32 values 
2025-06-23 03:19:26 INFO  org.reflections.Reflections:229 - Reflections took 75 ms to scan 1 urls, producing 17 keys and 270 values 
2025-06-23 03:19:26 INFO  org.reflections.Reflections:229 - Reflections took 15 ms to scan 1 urls, producing 7 keys and 37 values 
2025-06-23 03:19:26 INFO  org.reflections.Reflections:229 - Reflections took 7 ms to scan 1 urls, producing 5 keys and 32 values 
2025-06-23 03:19:56 INFO  org.reflections.Reflections:229 - Reflections took 72 ms to scan 1 urls, producing 17 keys and 270 values 
2025-06-23 03:19:56 INFO  org.reflections.Reflections:229 - Reflections took 15 ms to scan 1 urls, producing 7 keys and 37 values 
2025-06-23 03:19:56 INFO  org.reflections.Reflections:229 - Reflections took 13 ms to scan 1 urls, producing 5 keys and 32 values 
2025-06-23 03:22:20 INFO  org.reflections.Reflections:229 - Reflections took 76 ms to scan 1 urls, producing 17 keys and 270 values 
2025-06-23 03:22:20 INFO  org.reflections.Reflections:229 - Reflections took 13 ms to scan 1 urls, producing 7 keys and 37 values 
2025-06-23 03:22:20 INFO  org.reflections.Reflections:229 - Reflections took 7 ms to scan 1 urls, producing 5 keys and 32 values 
2025-06-23 03:22:45 INFO  org.reflections.Reflections:229 - Reflections took 73 ms to scan 1 urls, producing 17 keys and 270 values 
2025-06-23 03:22:45 INFO  org.reflections.Reflections:229 - Reflections took 15 ms to scan 1 urls, producing 7 keys and 37 values 
2025-06-23 03:22:45 INFO  org.reflections.Reflections:229 - Reflections took 7 ms to scan 1 urls, producing 5 keys and 32 values 
2025-06-23 03:23:10 INFO  org.reflections.Reflections:229 - Reflections took 77 ms to scan 1 urls, producing 17 keys and 270 values 
2025-06-23 03:23:10 INFO  org.reflections.Reflections:229 - Reflections took 14 ms to scan 1 urls, producing 7 keys and 37 values 
2025-06-23 03:23:11 INFO  org.reflections.Reflections:229 - Reflections took 8 ms to scan 1 urls, producing 5 keys and 32 values 
2025-06-23 03:26:07 INFO  org.reflections.Reflections:229 - Reflections took 76 ms to scan 1 urls, producing 17 keys and 270 values 
2025-06-23 03:26:07 INFO  org.reflections.Reflections:229 - Reflections took 15 ms to scan 1 urls, producing 7 keys and 37 values 
2025-06-23 03:26:07 INFO  org.reflections.Reflections:229 - Reflections took 7 ms to scan 1 urls, producing 5 keys and 32 values 
2025-06-23 03:28:50 INFO  org.reflections.Reflections:229 - Reflections took 78 ms to scan 1 urls, producing 17 keys and 270 values 
2025-06-23 03:28:50 INFO  org.reflections.Reflections:229 - Reflections took 15 ms to scan 1 urls, producing 7 keys and 37 values 
2025-06-23 03:28:50 INFO  org.reflections.Reflections:229 - Reflections took 7 ms to scan 1 urls, producing 5 keys and 32 values 
2025-06-23 03:29:10 INFO  org.reflections.Reflections:229 - Reflections took 95 ms to scan 1 urls, producing 17 keys and 270 values 
2025-06-23 03:29:10 INFO  org.reflections.Reflections:229 - Reflections took 13 ms to scan 1 urls, producing 7 keys and 37 values 
2025-06-23 03:29:10 INFO  org.reflections.Reflections:229 - Reflections took 7 ms to scan 1 urls, producing 5 keys and 32 values 
2025-06-23 03:33:40 INFO  org.reflections.Reflections:229 - Reflections took 83 ms to scan 1 urls, producing 17 keys and 270 values 
2025-06-23 03:33:40 INFO  org.reflections.Reflections:229 - Reflections took 18 ms to scan 1 urls, producing 7 keys and 37 values 
2025-06-23 03:33:40 INFO  org.reflections.Reflections:229 - Reflections took 13 ms to scan 1 urls, producing 5 keys and 32 values 
2025-06-23 03:33:46 INFO  org.reflections.Reflections:229 - Reflections took 80 ms to scan 1 urls, producing 17 keys and 270 values 
2025-06-23 03:33:46 INFO  org.reflections.Reflections:229 - Reflections took 15 ms to scan 1 urls, producing 7 keys and 37 values 
2025-06-23 03:33:46 INFO  org.reflections.Reflections:229 - Reflections took 8 ms to scan 1 urls, producing 5 keys and 32 values 
2025-06-23 03:33:59 INFO  org.reflections.Reflections:229 - Reflections took 77 ms to scan 1 urls, producing 17 keys and 270 values 
2025-06-23 03:33:59 INFO  org.reflections.Reflections:229 - Reflections took 14 ms to scan 1 urls, producing 7 keys and 37 values 
2025-06-23 03:33:59 INFO  org.reflections.Reflections:229 - Reflections took 8 ms to scan 1 urls, producing 5 keys and 32 values 
2025-06-23 03:37:57 INFO  org.reflections.Reflections:229 - Reflections took 77 ms to scan 1 urls, producing 17 keys and 270 values 
2025-06-23 03:37:57 INFO  org.reflections.Reflections:229 - Reflections took 13 ms to scan 1 urls, producing 7 keys and 37 values 
2025-06-23 03:37:57 INFO  org.reflections.Reflections:229 - Reflections took 7 ms to scan 1 urls, producing 5 keys and 32 values 
2025-06-23 03:42:33 INFO  org.reflections.Reflections:229 - Reflections took 72 ms to scan 1 urls, producing 17 keys and 270 values 
2025-06-23 03:42:34 INFO  org.reflections.Reflections:229 - Reflections took 17 ms to scan 1 urls, producing 7 keys and 37 values 
2025-06-23 03:42:34 INFO  org.reflections.Reflections:229 - Reflections took 7 ms to scan 1 urls, producing 5 keys and 32 values 
2025-06-23 03:43:18 INFO  org.reflections.Reflections:229 - Reflections took 79 ms to scan 1 urls, producing 17 keys and 270 values 
2025-06-23 03:43:18 INFO  org.reflections.Reflections:229 - Reflections took 12 ms to scan 1 urls, producing 7 keys and 37 values 
2025-06-23 03:43:18 INFO  org.reflections.Reflections:229 - Reflections took 10 ms to scan 1 urls, producing 5 keys and 32 values 
2025-06-23 03:45:01 INFO  org.reflections.Reflections:229 - Reflections took 77 ms to scan 1 urls, producing 17 keys and 270 values 
2025-06-23 03:45:01 INFO  org.reflections.Reflections:229 - Reflections took 14 ms to scan 1 urls, producing 7 keys and 37 values 
2025-06-23 03:45:01 INFO  org.reflections.Reflections:229 - Reflections took 8 ms to scan 1 urls, producing 5 keys and 32 values 
2025-06-23 03:45:19 INFO  org.reflections.Reflections:229 - Reflections took 74 ms to scan 1 urls, producing 17 keys and 270 values 
2025-06-23 03:45:19 INFO  org.reflections.Reflections:229 - Reflections took 15 ms to scan 1 urls, producing 7 keys and 37 values 
2025-06-23 03:45:19 INFO  org.reflections.Reflections:229 - Reflections took 6 ms to scan 1 urls, producing 5 keys and 32 values 
2025-06-23 03:45:54 INFO  org.reflections.Reflections:229 - Reflections took 74 ms to scan 1 urls, producing 17 keys and 270 values 
2025-06-23 03:45:54 INFO  org.reflections.Reflections:229 - Reflections took 12 ms to scan 1 urls, producing 7 keys and 37 values 
2025-06-23 03:45:54 INFO  org.reflections.Reflections:229 - Reflections took 7 ms to scan 1 urls, producing 5 keys and 32 values 
2025-06-23 03:46:39 INFO  org.reflections.Reflections:229 - Reflections took 72 ms to scan 1 urls, producing 17 keys and 270 values 
2025-06-23 03:46:39 INFO  org.reflections.Reflections:229 - Reflections took 19 ms to scan 1 urls, producing 7 keys and 37 values 
2025-06-23 03:46:39 INFO  org.reflections.Reflections:229 - Reflections took 7 ms to scan 1 urls, producing 5 keys and 32 values 
2025-06-23 03:48:11 INFO  org.reflections.Reflections:229 - Reflections took 67 ms to scan 1 urls, producing 17 keys and 270 values 
2025-06-23 03:48:11 INFO  org.reflections.Reflections:229 - Reflections took 12 ms to scan 1 urls, producing 7 keys and 37 values 
2025-06-23 03:48:11 INFO  org.reflections.Reflections:229 - Reflections took 7 ms to scan 1 urls, producing 5 keys and 32 values 
2025-06-23 03:48:13 INFO  org.reflections.Reflections:229 - Reflections took 78 ms to scan 1 urls, producing 17 keys and 270 values 
2025-06-23 03:48:14 INFO  org.reflections.Reflections:229 - Reflections took 16 ms to scan 1 urls, producing 7 keys and 37 values 
2025-06-23 03:48:14 INFO  org.reflections.Reflections:229 - Reflections took 8 ms to scan 1 urls, producing 5 keys and 32 values 
2025-06-23 03:48:22 INFO  org.reflections.Reflections:229 - Reflections took 79 ms to scan 1 urls, producing 17 keys and 270 values 
2025-06-23 03:48:22 INFO  org.reflections.Reflections:229 - Reflections took 19 ms to scan 1 urls, producing 7 keys and 37 values 
2025-06-23 03:48:22 INFO  org.reflections.Reflections:229 - Reflections took 6 ms to scan 1 urls, producing 5 keys and 32 values 
2025-06-23 03:48:26 INFO  org.reflections.Reflections:229 - Reflections took 75 ms to scan 1 urls, producing 17 keys and 270 values 
2025-06-23 03:48:26 INFO  org.reflections.Reflections:229 - Reflections took 19 ms to scan 1 urls, producing 7 keys and 37 values 
2025-06-23 03:48:26 INFO  org.reflections.Reflections:229 - Reflections took 8 ms to scan 1 urls, producing 5 keys and 32 values 
2025-06-23 03:48:40 INFO  org.reflections.Reflections:229 - Reflections took 79 ms to scan 1 urls, producing 17 keys and 270 values 
2025-06-23 03:48:40 INFO  org.reflections.Reflections:229 - Reflections took 17 ms to scan 1 urls, producing 7 keys and 37 values 
2025-06-23 03:48:40 INFO  org.reflections.Reflections:229 - Reflections took 8 ms to scan 1 urls, producing 5 keys and 32 values 
2025-06-23 03:48:45 INFO  org.reflections.Reflections:229 - Reflections took 81 ms to scan 1 urls, producing 17 keys and 270 values 
2025-06-23 03:48:45 INFO  org.reflections.Reflections:229 - Reflections took 14 ms to scan 1 urls, producing 7 keys and 37 values 
2025-06-23 03:48:45 INFO  org.reflections.Reflections:229 - Reflections took 7 ms to scan 1 urls, producing 5 keys and 32 values 
2025-06-23 03:49:13 INFO  org.reflections.Reflections:229 - Reflections took 73 ms to scan 1 urls, producing 17 keys and 270 values 
2025-06-23 03:49:13 INFO  org.reflections.Reflections:229 - Reflections took 13 ms to scan 1 urls, producing 7 keys and 37 values 
2025-06-23 03:49:13 INFO  org.reflections.Reflections:229 - Reflections took 8 ms to scan 1 urls, producing 5 keys and 32 values 
2025-06-23 03:49:48 INFO  org.reflections.Reflections:229 - Reflections took 80 ms to scan 1 urls, producing 17 keys and 270 values 
2025-06-23 03:49:48 INFO  org.reflections.Reflections:229 - Reflections took 13 ms to scan 1 urls, producing 7 keys and 37 values 
2025-06-23 03:49:48 INFO  org.reflections.Reflections:229 - Reflections took 7 ms to scan 1 urls, producing 5 keys and 32 values 
2025-06-23 03:50:05 INFO  org.reflections.Reflections:229 - Reflections took 75 ms to scan 1 urls, producing 17 keys and 270 values 
2025-06-23 03:50:05 INFO  org.reflections.Reflections:229 - Reflections took 14 ms to scan 1 urls, producing 7 keys and 37 values 
2025-06-23 03:50:05 INFO  org.reflections.Reflections:229 - Reflections took 6 ms to scan 1 urls, producing 5 keys and 32 values 
2025-06-23 03:52:09 INFO  org.reflections.Reflections:229 - Reflections took 69 ms to scan 1 urls, producing 17 keys and 270 values 
2025-06-23 03:52:09 INFO  org.reflections.Reflections:229 - Reflections took 12 ms to scan 1 urls, producing 7 keys and 37 values 
2025-06-23 03:52:09 INFO  org.reflections.Reflections:229 - Reflections took 7 ms to scan 1 urls, producing 5 keys and 32 values 
2025-06-23 03:52:22 INFO  org.reflections.Reflections:229 - Reflections took 78 ms to scan 1 urls, producing 17 keys and 270 values 
2025-06-23 03:52:23 INFO  org.reflections.Reflections:229 - Reflections took 18 ms to scan 1 urls, producing 7 keys and 37 values 
2025-06-23 03:52:23 INFO  org.reflections.Reflections:229 - Reflections took 7 ms to scan 1 urls, producing 5 keys and 32 values 
2025-06-23 03:53:14 INFO  org.reflections.Reflections:229 - Reflections took 71 ms to scan 1 urls, producing 17 keys and 270 values 
2025-06-23 03:53:14 INFO  org.reflections.Reflections:229 - Reflections took 15 ms to scan 1 urls, producing 7 keys and 37 values 
2025-06-23 03:53:14 INFO  org.reflections.Reflections:229 - Reflections took 7 ms to scan 1 urls, producing 5 keys and 32 values 
2025-06-23 03:53:29 INFO  org.reflections.Reflections:229 - Reflections took 77 ms to scan 1 urls, producing 17 keys and 270 values 
2025-06-23 03:53:29 INFO  org.reflections.Reflections:229 - Reflections took 19 ms to scan 1 urls, producing 7 keys and 37 values 
2025-06-23 03:53:29 INFO  org.reflections.Reflections:229 - Reflections took 7 ms to scan 1 urls, producing 5 keys and 32 values 
2025-06-23 03:55:14 INFO  org.reflections.Reflections:229 - Reflections took 81 ms to scan 1 urls, producing 17 keys and 270 values 
2025-06-23 03:55:14 INFO  org.reflections.Reflections:229 - Reflections took 15 ms to scan 1 urls, producing 7 keys and 37 values 
2025-06-23 03:55:14 INFO  org.reflections.Reflections:229 - Reflections took 8 ms to scan 1 urls, producing 5 keys and 32 values 
2025-06-23 03:55:39 INFO  org.reflections.Reflections:229 - Reflections took 76 ms to scan 1 urls, producing 17 keys and 270 values 
2025-06-23 03:55:39 INFO  org.reflections.Reflections:229 - Reflections took 16 ms to scan 1 urls, producing 7 keys and 37 values 
2025-06-23 03:55:39 INFO  org.reflections.Reflections:229 - Reflections took 7 ms to scan 1 urls, producing 5 keys and 32 values 
2025-06-23 03:56:25 INFO  org.reflections.Reflections:229 - Reflections took 81 ms to scan 1 urls, producing 17 keys and 270 values 
2025-06-23 03:56:25 INFO  org.reflections.Reflections:229 - Reflections took 14 ms to scan 1 urls, producing 7 keys and 37 values 
2025-06-23 03:56:25 INFO  org.reflections.Reflections:229 - Reflections took 12 ms to scan 1 urls, producing 5 keys and 32 values 
2025-06-23 03:56:31 INFO  org.reflections.Reflections:229 - Reflections took 75 ms to scan 1 urls, producing 17 keys and 270 values 
2025-06-23 03:56:31 INFO  org.reflections.Reflections:229 - Reflections took 15 ms to scan 1 urls, producing 7 keys and 37 values 
2025-06-23 03:56:31 INFO  org.reflections.Reflections:229 - Reflections took 8 ms to scan 1 urls, producing 5 keys and 32 values 
2025-06-23 03:56:49 INFO  org.reflections.Reflections:229 - Reflections took 82 ms to scan 1 urls, producing 17 keys and 270 values 
2025-06-23 03:56:49 INFO  org.reflections.Reflections:229 - Reflections took 15 ms to scan 1 urls, producing 7 keys and 37 values 
2025-06-23 03:56:49 INFO  org.reflections.Reflections:229 - Reflections took 7 ms to scan 1 urls, producing 5 keys and 32 values 
2025-06-23 03:58:38 INFO  org.reflections.Reflections:229 - Reflections took 71 ms to scan 1 urls, producing 17 keys and 270 values 
2025-06-23 03:58:38 INFO  org.reflections.Reflections:229 - Reflections took 13 ms to scan 1 urls, producing 7 keys and 37 values 
2025-06-23 03:58:38 INFO  org.reflections.Reflections:229 - Reflections took 7 ms to scan 1 urls, producing 5 keys and 32 values 
2025-06-23 03:58:40 INFO  org.reflections.Reflections:229 - Reflections took 106 ms to scan 1 urls, producing 17 keys and 270 values 
2025-06-23 03:58:40 INFO  org.reflections.Reflections:229 - Reflections took 19 ms to scan 1 urls, producing 7 keys and 37 values 
2025-06-23 03:58:40 INFO  org.reflections.Reflections:229 - Reflections took 11 ms to scan 1 urls, producing 5 keys and 32 values 
2025-06-23 04:01:27 INFO  org.reflections.Reflections:229 - Reflections took 73 ms to scan 1 urls, producing 17 keys and 270 values 
2025-06-23 04:01:27 INFO  org.reflections.Reflections:229 - Reflections took 15 ms to scan 1 urls, producing 7 keys and 37 values 
2025-06-23 04:01:28 INFO  org.reflections.Reflections:229 - Reflections took 7 ms to scan 1 urls, producing 5 keys and 32 values 
2025-06-23 04:03:20 INFO  org.reflections.Reflections:229 - Reflections took 77 ms to scan 1 urls, producing 17 keys and 270 values 
2025-06-23 04:03:20 INFO  org.reflections.Reflections:229 - Reflections took 14 ms to scan 1 urls, producing 7 keys and 37 values 
2025-06-23 04:03:20 INFO  org.reflections.Reflections:229 - Reflections took 7 ms to scan 1 urls, producing 5 keys and 32 values 
2025-06-23 04:05:40 INFO  org.reflections.Reflections:229 - Reflections took 75 ms to scan 1 urls, producing 17 keys and 270 values 
2025-06-23 04:05:40 INFO  org.reflections.Reflections:229 - Reflections took 16 ms to scan 1 urls, producing 7 keys and 37 values 
2025-06-23 04:05:40 INFO  org.reflections.Reflections:229 - Reflections took 7 ms to scan 1 urls, producing 5 keys and 32 values 
2025-06-23 04:07:19 INFO  org.reflections.Reflections:229 - Reflections took 79 ms to scan 1 urls, producing 17 keys and 270 values 
2025-06-23 04:07:19 INFO  org.reflections.Reflections:229 - Reflections took 15 ms to scan 1 urls, producing 7 keys and 37 values 
2025-06-23 04:07:19 INFO  org.reflections.Reflections:229 - Reflections took 7 ms to scan 1 urls, producing 5 keys and 32 values 
2025-06-23 04:07:33 INFO  org.reflections.Reflections:229 - Reflections took 74 ms to scan 1 urls, producing 17 keys and 270 values 
2025-06-23 04:07:33 INFO  org.reflections.Reflections:229 - Reflections took 14 ms to scan 1 urls, producing 7 keys and 37 values 
2025-06-23 04:07:33 INFO  org.reflections.Reflections:229 - Reflections took 8 ms to scan 1 urls, producing 5 keys and 32 values 
2025-06-23 04:08:31 INFO  org.reflections.Reflections:229 - Reflections took 80 ms to scan 1 urls, producing 17 keys and 270 values 
2025-06-23 04:08:32 INFO  org.reflections.Reflections:229 - Reflections took 13 ms to scan 1 urls, producing 7 keys and 37 values 
2025-06-23 04:08:32 INFO  org.reflections.Reflections:229 - Reflections took 9 ms to scan 1 urls, producing 5 keys and 32 values 
2025-06-23 04:08:53 INFO  org.reflections.Reflections:229 - Reflections took 73 ms to scan 1 urls, producing 17 keys and 270 values 
2025-06-23 04:08:53 INFO  org.reflections.Reflections:229 - Reflections took 12 ms to scan 1 urls, producing 7 keys and 37 values 
2025-06-23 04:08:53 INFO  org.reflections.Reflections:229 - Reflections took 8 ms to scan 1 urls, producing 5 keys and 32 values 
2025-06-23 04:09:21 INFO  org.reflections.Reflections:229 - Reflections took 73 ms to scan 1 urls, producing 17 keys and 270 values 
2025-06-23 04:09:21 INFO  org.reflections.Reflections:229 - Reflections took 14 ms to scan 1 urls, producing 7 keys and 37 values 
2025-06-23 04:09:21 INFO  org.reflections.Reflections:229 - Reflections took 7 ms to scan 1 urls, producing 5 keys and 32 values 
2025-06-23 04:09:33 INFO  org.reflections.Reflections:229 - Reflections took 78 ms to scan 1 urls, producing 17 keys and 270 values 
2025-06-23 04:09:33 INFO  org.reflections.Reflections:229 - Reflections took 13 ms to scan 1 urls, producing 7 keys and 37 values 
2025-06-23 04:09:33 INFO  org.reflections.Reflections:229 - Reflections took 8 ms to scan 1 urls, producing 5 keys and 32 values 
2025-06-23 04:12:36 INFO  org.reflections.Reflections:229 - Reflections took 77 ms to scan 1 urls, producing 17 keys and 270 values 
2025-06-23 04:12:36 INFO  org.reflections.Reflections:229 - Reflections took 15 ms to scan 1 urls, producing 7 keys and 37 values 
2025-06-23 04:12:36 INFO  org.reflections.Reflections:229 - Reflections took 7 ms to scan 1 urls, producing 5 keys and 32 values 
2025-06-23 04:13:59 INFO  org.reflections.Reflections:229 - Reflections took 75 ms to scan 1 urls, producing 17 keys and 270 values 
2025-06-23 04:13:59 INFO  org.reflections.Reflections:229 - Reflections took 16 ms to scan 1 urls, producing 7 keys and 37 values 
2025-06-23 04:13:59 INFO  org.reflections.Reflections:229 - Reflections took 7 ms to scan 1 urls, producing 5 keys and 32 values 
2025-06-23 04:14:09 INFO  org.reflections.Reflections:229 - Reflections took 75 ms to scan 1 urls, producing 17 keys and 270 values 
2025-06-23 04:14:09 INFO  org.reflections.Reflections:229 - Reflections took 16 ms to scan 1 urls, producing 7 keys and 37 values 
2025-06-23 04:14:09 INFO  org.reflections.Reflections:229 - Reflections took 7 ms to scan 1 urls, producing 5 keys and 32 values 
2025-06-23 04:17:55 INFO  org.reflections.Reflections:229 - Reflections took 82 ms to scan 1 urls, producing 17 keys and 270 values 
2025-06-23 04:17:55 INFO  org.reflections.Reflections:229 - Reflections took 16 ms to scan 1 urls, producing 7 keys and 37 values 
2025-06-23 04:17:55 INFO  org.reflections.Reflections:229 - Reflections took 7 ms to scan 1 urls, producing 5 keys and 32 values 
2025-06-23 04:19:37 INFO  org.reflections.Reflections:229 - Reflections took 82 ms to scan 1 urls, producing 17 keys and 270 values 
2025-06-23 04:19:37 INFO  org.reflections.Reflections:229 - Reflections took 14 ms to scan 1 urls, producing 7 keys and 37 values 
2025-06-23 04:19:37 INFO  org.reflections.Reflections:229 - Reflections took 8 ms to scan 1 urls, producing 5 keys and 32 values 
2025-06-23 04:20:16 INFO  org.reflections.Reflections:229 - Reflections took 79 ms to scan 1 urls, producing 17 keys and 270 values 
2025-06-23 04:20:16 INFO  org.reflections.Reflections:229 - Reflections took 16 ms to scan 1 urls, producing 7 keys and 37 values 
2025-06-23 04:20:16 INFO  org.reflections.Reflections:229 - Reflections took 7 ms to scan 1 urls, producing 5 keys and 32 values 
2025-06-23 04:20:31 INFO  org.reflections.Reflections:229 - Reflections took 75 ms to scan 1 urls, producing 17 keys and 270 values 
2025-06-23 04:20:31 INFO  org.reflections.Reflections:229 - Reflections took 13 ms to scan 1 urls, producing 7 keys and 37 values 
2025-06-23 04:20:31 INFO  org.reflections.Reflections:229 - Reflections took 7 ms to scan 1 urls, producing 5 keys and 32 values 
2025-06-23 04:23:41 INFO  org.reflections.Reflections:229 - Reflections took 78 ms to scan 1 urls, producing 17 keys and 270 values 
2025-06-23 04:23:41 INFO  org.reflections.Reflections:229 - Reflections took 18 ms to scan 1 urls, producing 7 keys and 37 values 
2025-06-23 04:23:42 INFO  org.reflections.Reflections:229 - Reflections took 7 ms to scan 1 urls, producing 5 keys and 32 values 
2025-06-23 04:24:43 INFO  org.reflections.Reflections:229 - Reflections took 70 ms to scan 1 urls, producing 17 keys and 270 values 
2025-06-23 04:24:44 INFO  org.reflections.Reflections:229 - Reflections took 15 ms to scan 1 urls, producing 7 keys and 37 values 
2025-06-23 04:24:44 INFO  org.reflections.Reflections:229 - Reflections took 6 ms to scan 1 urls, producing 5 keys and 32 values 
2025-06-23 04:24:46 INFO  org.reflections.Reflections:229 - Reflections took 79 ms to scan 1 urls, producing 17 keys and 270 values 
2025-06-23 04:24:46 INFO  org.reflections.Reflections:229 - Reflections took 13 ms to scan 1 urls, producing 7 keys and 37 values 
2025-06-23 04:24:46 INFO  org.reflections.Reflections:229 - Reflections took 7 ms to scan 1 urls, producing 5 keys and 32 values 
2025-06-23 04:24:47 ERROR edu.pitt.dbmi.data.reader.tabular.TabularDataFileReader:920 - Non-continuous number inf on line 624 at column 20.
java.lang.NumberFormatException: For input string: "inf"
	at sun.misc.FloatingDecimal.readJavaFormatString(FloatingDecimal.java:2043)
	at sun.misc.FloatingDecimal.parseDouble(FloatingDecimal.java:110)
	at java.lang.Double.parseDouble(Double.java:538)
	at edu.pitt.dbmi.data.reader.tabular.TabularDataFileReader.readInContinuousData(TabularDataFileReader.java:917)
	at edu.pitt.dbmi.data.reader.tabular.TabularDataFileReader.read(TabularDataFileReader.java:319)
	at edu.pitt.dbmi.data.reader.tabular.ContinuousTabularDatasetFileReader.readInData(ContinuousTabularDatasetFileReader.java:68)
	at edu.pitt.dbmi.data.reader.tabular.ContinuousTabularDatasetFileReader.readInData(ContinuousTabularDatasetFileReader.java:49)
2025-06-23 04:25:28 INFO  org.reflections.Reflections:229 - Reflections took 71 ms to scan 1 urls, producing 17 keys and 270 values 
2025-06-23 04:25:28 INFO  org.reflections.Reflections:229 - Reflections took 16 ms to scan 1 urls, producing 7 keys and 37 values 
2025-06-23 04:25:28 INFO  org.reflections.Reflections:229 - Reflections took 7 ms to scan 1 urls, producing 5 keys and 32 values 
2025-06-23 04:27:17 INFO  org.reflections.Reflections:229 - Reflections took 70 ms to scan 1 urls, producing 17 keys and 270 values 
2025-06-23 04:27:17 INFO  org.reflections.Reflections:229 - Reflections took 13 ms to scan 1 urls, producing 7 keys and 37 values 
2025-06-23 04:27:17 INFO  org.reflections.Reflections:229 - Reflections took 8 ms to scan 1 urls, producing 5 keys and 32 values 
2025-08-24 22:38:44 INFO  org.reflections.Reflections:229 - Reflections took 99 ms to scan 1 urls, producing 17 keys and 270 values 
2025-08-24 22:38:44 INFO  org.reflections.Reflections:229 - Reflections took 22 ms to scan 1 urls, producing 7 keys and 37 values 
2025-08-24 22:38:44 INFO  org.reflections.Reflections:229 - Reflections took 6 ms to scan 1 urls, producing 5 keys and 32 values 
2025-08-24 22:47:31 INFO  org.reflections.Reflections:229 - Reflections took 76 ms to scan 1 urls, producing 17 keys and 270 values 
2025-08-24 22:47:31 INFO  org.reflections.Reflections:229 - Reflections took 16 ms to scan 1 urls, producing 7 keys and 37 values 
2025-08-24 22:47:31 INFO  org.reflections.Reflections:229 - Reflections took 11 ms to scan 1 urls, producing 5 keys and 32 values 
2025-08-24 22:55:28 INFO  org.reflections.Reflections:229 - Reflections took 112 ms to scan 1 urls, producing 17 keys and 270 values 
2025-08-24 22:55:28 INFO  org.reflections.Reflections:229 - Reflections took 25 ms to scan 1 urls, producing 7 keys and 37 values 
2025-08-24 22:55:28 INFO  org.reflections.Reflections:229 - Reflections took 8 ms to scan 1 urls, producing 5 keys and 32 values 
2025-09-29 21:24:03 INFO  org.reflections.Reflections:229 - Reflections took 119 ms to scan 1 urls, producing 17 keys and 270 values 
2025-09-29 21:24:03 INFO  org.reflections.Reflections:229 - Reflections took 9 ms to scan 1 urls, producing 7 keys and 37 values 
2025-09-29 21:24:04 INFO  org.reflections.Reflections:229 - Reflections took 8 ms to scan 1 urls, producing 5 keys and 32 values 
2025-09-29 21:24:42 INFO  org.reflections.Reflections:229 - Reflections took 111 ms to scan 1 urls, producing 17 keys and 270 values 
2025-09-29 21:24:42 INFO  org.reflections.Reflections:229 - Reflections took 8 ms to scan 1 urls, producing 7 keys and 37 values 
2025-09-29 21:24:42 INFO  org.reflections.Reflections:229 - Reflections took 8 ms to scan 1 urls, producing 5 keys and 32 values 
2025-09-29 21:26:44 INFO  org.reflections.Reflections:229 - Reflections took 96 ms to scan 1 urls, producing 17 keys and 270 values 
2025-09-29 21:26:44 INFO  org.reflections.Reflections:229 - Reflections took 9 ms to scan 1 urls, producing 7 keys and 37 values 
2025-09-29 21:26:44 INFO  org.reflections.Reflections:229 - Reflections took 8 ms to scan 1 urls, producing 5 keys and 32 values 
2025-09-29 21:27:41 INFO  org.reflections.Reflections:229 - Reflections took 113 ms to scan 1 urls, producing 17 keys and 270 values 
2025-09-29 21:27:41 INFO  org.reflections.Reflections:229 - Reflections took 8 ms to scan 1 urls, producing 7 keys and 37 values 
2025-09-29 21:27:41 INFO  org.reflections.Reflections:229 - Reflections took 8 ms to scan 1 urls, producing 5 keys and 32 values 
2025-09-29 21:30:08 INFO  org.reflections.Reflections:229 - Reflections took 108 ms to scan 1 urls, producing 17 keys and 270 values 
2025-09-29 21:30:08 INFO  org.reflections.Reflections:229 - Reflections took 10 ms to scan 1 urls, producing 7 keys and 37 values 
2025-09-29 21:30:08 INFO  org.reflections.Reflections:229 - Reflections took 7 ms to scan 1 urls, producing 5 keys and 32 values 
2025-09-29 21:32:24 INFO  org.reflections.Reflections:229 - Reflections took 133 ms to scan 1 urls, producing 17 keys and 270 values 
2025-09-29 21:32:24 INFO  org.reflections.Reflections:229 - Reflections took 8 ms to scan 1 urls, producing 7 keys and 37 values 
2025-09-29 21:32:24 INFO  org.reflections.Reflections:229 - Reflections took 8 ms to scan 1 urls, producing 5 keys and 32 values 
2025-09-29 21:40:02 INFO  org.reflections.Reflections:229 - Reflections took 108 ms to scan 1 urls, producing 17 keys and 270 values 
2025-09-29 21:40:02 INFO  org.reflections.Reflections:229 - Reflections took 14 ms to scan 1 urls, producing 7 keys and 37 values 
2025-09-29 21:40:02 INFO  org.reflections.Reflections:229 - Reflections took 8 ms to scan 1 urls, producing 5 keys and 32 values 
2025-09-29 21:41:45 INFO  org.reflections.Reflections:229 - Reflections took 109 ms to scan 1 urls, producing 17 keys and 270 values 
2025-09-29 21:41:45 INFO  org.reflections.Reflections:229 - Reflections took 10 ms to scan 1 urls, producing 7 keys and 37 values 
2025-09-29 21:41:45 INFO  org.reflections.Reflections:229 - Reflections took 9 ms to scan 1 urls, producing 5 keys and 32 values 
2025-09-29 21:44:09 INFO  org.reflections.Reflections:229 - Reflections took 104 ms to scan 1 urls, producing 17 keys and 270 values 
2025-09-29 21:44:09 INFO  org.reflections.Reflections:229 - Reflections took 9 ms to scan 1 urls, producing 7 keys and 37 values 
2025-09-29 21:44:09 INFO  org.reflections.Reflections:229 - Reflections took 8 ms to scan 1 urls, producing 5 keys and 32 values 
2025-09-29 21:44:52 INFO  org.reflections.Reflections:229 - Reflections took 102 ms to scan 1 urls, producing 17 keys and 270 values 
2025-09-29 21:44:52 INFO  org.reflections.Reflections:229 - Reflections took 18 ms to scan 1 urls, producing 7 keys and 37 values 
2025-09-29 21:44:52 INFO  org.reflections.Reflections:229 - Reflections took 8 ms to scan 1 urls, producing 5 keys and 32 values 
2025-09-29 21:45:16 INFO  org.reflections.Reflections:229 - Reflections took 100 ms to scan 1 urls, producing 17 keys and 270 values 
2025-09-29 21:45:16 INFO  org.reflections.Reflections:229 - Reflections took 9 ms to scan 1 urls, producing 7 keys and 37 values 
2025-09-29 21:45:16 INFO  org.reflections.Reflections:229 - Reflections took 8 ms to scan 1 urls, producing 5 keys and 32 values 
2025-09-29 21:46:46 INFO  org.reflections.Reflections:229 - Reflections took 99 ms to scan 1 urls, producing 17 keys and 270 values 
2025-09-29 21:46:46 INFO  org.reflections.Reflections:229 - Reflections took 9 ms to scan 1 urls, producing 7 keys and 37 values 
2025-09-29 21:46:46 INFO  org.reflections.Reflections:229 - Reflections took 8 ms to scan 1 urls, producing 5 keys and 32 values 
2025-09-29 21:47:53 INFO  org.reflections.Reflections:229 - Reflections took 113 ms to scan 1 urls, producing 17 keys and 270 values 
2025-09-29 21:47:53 INFO  org.reflections.Reflections:229 - Reflections took 8 ms to scan 1 urls, producing 7 keys and 37 values 
2025-09-29 21:47:53 INFO  org.reflections.Reflections:229 - Reflections took 9 ms to scan 1 urls, producing 5 keys and 32 values 
2025-09-29 21:48:39 INFO  org.reflections.Reflections:229 - Reflections took 99 ms to scan 1 urls, producing 17 keys and 270 values 
2025-09-29 21:48:40 INFO  org.reflections.Reflections:229 - Reflections took 9 ms to scan 1 urls, producing 7 keys and 37 values 
2025-09-29 21:48:40 INFO  org.reflections.Reflections:229 - Reflections took 9 ms to scan 1 urls, producing 5 keys and 32 values 
2025-09-29 21:49:56 INFO  org.reflections.Reflections:229 - Reflections took 113 ms to scan 1 urls, producing 17 keys and 270 values 
2025-09-29 21:49:56 INFO  org.reflections.Reflections:229 - Reflections took 10 ms to scan 1 urls, producing 7 keys and 37 values 
2025-09-29 21:49:56 INFO  org.reflections.Reflections:229 - Reflections took 8 ms to scan 1 urls, producing 5 keys and 32 values 
2025-09-29 21:52:02 INFO  org.reflections.Reflections:229 - Reflections took 98 ms to scan 1 urls, producing 17 keys and 270 values 
2025-09-29 21:52:02 INFO  org.reflections.Reflections:229 - Reflections took 10 ms to scan 1 urls, producing 7 keys and 37 values 
2025-09-29 21:52:02 INFO  org.reflections.Reflections:229 - Reflections took 9 ms to scan 1 urls, producing 5 keys and 32 values 
2025-09-29 21:53:35 INFO  org.reflections.Reflections:229 - Reflections took 147 ms to scan 1 urls, producing 17 keys and 270 values 
2025-09-29 21:53:35 INFO  org.reflections.Reflections:229 - Reflections took 2 ms to scan 1 urls, producing 7 keys and 37 values 
2025-09-29 21:53:35 INFO  org.reflections.Reflections:229 - Reflections took 7 ms to scan 1 urls, producing 5 keys and 32 values 
2025-09-29 21:54:38 INFO  org.reflections.Reflections:229 - Reflections took 121 ms to scan 1 urls, producing 17 keys and 270 values 
2025-09-29 21:54:38 INFO  org.reflections.Reflections:229 - Reflections took 12 ms to scan 1 urls, producing 7 keys and 37 values 
2025-09-29 21:54:38 INFO  org.reflections.Reflections:229 - Reflections took 9 ms to scan 1 urls, producing 5 keys and 32 values 
2025-09-29 21:55:11 INFO  org.reflections.Reflections:229 - Reflections took 142 ms to scan 1 urls, producing 17 keys and 270 values 
2025-09-29 21:55:11 INFO  org.reflections.Reflections:229 - Reflections took 10 ms to scan 1 urls, producing 7 keys and 37 values 
2025-09-29 21:55:11 INFO  org.reflections.Reflections:229 - Reflections took 9 ms to scan 1 urls, producing 5 keys and 32 values 
2025-09-29 21:55:30 INFO  org.reflections.Reflections:229 - Reflections took 231 ms to scan 1 urls, producing 17 keys and 270 values 
2025-09-29 21:55:30 INFO  org.reflections.Reflections:229 - Reflections took 18 ms to scan 1 urls, producing 7 keys and 37 values 
2025-09-29 21:55:30 INFO  org.reflections.Reflections:229 - Reflections took 12 ms to scan 1 urls, producing 5 keys and 32 values 
2025-09-29 21:55:35 INFO  org.reflections.Reflections:229 - Reflections took 205 ms to scan 1 urls, producing 17 keys and 270 values 
2025-09-29 21:55:36 INFO  org.reflections.Reflections:229 - Reflections took 20 ms to scan 1 urls, producing 7 keys and 37 values 
2025-09-29 21:55:36 INFO  org.reflections.Reflections:229 - Reflections took 17 ms to scan 1 urls, producing 5 keys and 32 values 
2025-09-29 21:55:45 INFO  org.reflections.Reflections:229 - Reflections took 232 ms to scan 1 urls, producing 17 keys and 270 values 
2025-09-29 21:55:46 INFO  org.reflections.Reflections:229 - Reflections took 22 ms to scan 1 urls, producing 7 keys and 37 values 
2025-09-29 21:55:46 INFO  org.reflections.Reflections:229 - Reflections took 18 ms to scan 1 urls, producing 5 keys and 32 values 
2025-09-29 21:55:46 INFO  org.reflections.Reflections:229 - Reflections took 240 ms to scan 1 urls, producing 17 keys and 270 values 
2025-09-29 21:55:46 INFO  org.reflections.Reflections:229 - Reflections took 22 ms to scan 1 urls, producing 7 keys and 37 values 
2025-09-29 21:55:46 INFO  org.reflections.Reflections:229 - Reflections took 21 ms to scan 1 urls, producing 5 keys and 32 values 
2025-09-29 21:55:54 INFO  org.reflections.Reflections:229 - Reflections took 229 ms to scan 1 urls, producing 17 keys and 270 values 
2025-09-29 21:55:54 INFO  org.reflections.Reflections:229 - Reflections took 18 ms to scan 1 urls, producing 7 keys and 37 values 
2025-09-29 21:55:54 INFO  org.reflections.Reflections:229 - Reflections took 15 ms to scan 1 urls, producing 5 keys and 32 values 
2025-09-29 21:58:31 INFO  org.reflections.Reflections:229 - Reflections took 114 ms to scan 1 urls, producing 17 keys and 270 values 
2025-09-29 21:58:32 INFO  org.reflections.Reflections:229 - Reflections took 10 ms to scan 1 urls, producing 7 keys and 37 values 
2025-09-29 21:58:32 INFO  org.reflections.Reflections:229 - Reflections took 11 ms to scan 1 urls, producing 5 keys and 32 values 
2025-09-29 21:58:36 INFO  org.reflections.Reflections:229 - Reflections took 124 ms to scan 1 urls, producing 17 keys and 270 values 
2025-09-29 21:58:36 INFO  org.reflections.Reflections:229 - Reflections took 15 ms to scan 1 urls, producing 7 keys and 37 values 
2025-09-29 21:58:36 INFO  org.reflections.Reflections:229 - Reflections took 10 ms to scan 1 urls, producing 5 keys and 32 values 
2025-09-29 21:58:49 INFO  org.reflections.Reflections:229 - Reflections took 120 ms to scan 1 urls, producing 17 keys and 270 values 
2025-09-29 21:58:49 INFO  org.reflections.Reflections:229 - Reflections took 10 ms to scan 1 urls, producing 7 keys and 37 values 
2025-09-29 21:58:49 INFO  org.reflections.Reflections:229 - Reflections took 10 ms to scan 1 urls, producing 5 keys and 32 values 
2025-09-29 22:01:03 INFO  org.reflections.Reflections:229 - Reflections took 151 ms to scan 1 urls, producing 17 keys and 270 values 
2025-09-29 22:01:03 INFO  org.reflections.Reflections:229 - Reflections took 13 ms to scan 1 urls, producing 7 keys and 37 values 
2025-09-29 22:01:03 INFO  org.reflections.Reflections:229 - Reflections took 9 ms to scan 1 urls, producing 5 keys and 32 values 
2025-09-29 22:02:03 INFO  org.reflections.Reflections:229 - Reflections took 137 ms to scan 1 urls, producing 17 keys and 270 values 
2025-09-29 22:02:03 INFO  org.reflections.Reflections:229 - Reflections took 16 ms to scan 1 urls, producing 7 keys and 37 values 
2025-09-29 22:02:03 INFO  org.reflections.Reflections:229 - Reflections took 8 ms to scan 1 urls, producing 5 keys and 32 values 
2025-09-29 22:38:28 INFO  org.reflections.Reflections:229 - Reflections took 116 ms to scan 1 urls, producing 17 keys and 270 values 
2025-09-29 22:38:28 INFO  org.reflections.Reflections:229 - Reflections took 13 ms to scan 1 urls, producing 7 keys and 37 values 
2025-09-29 22:38:28 INFO  org.reflections.Reflections:229 - Reflections took 15 ms to scan 1 urls, producing 5 keys and 32 values 
2025-09-29 22:38:32 INFO  org.reflections.Reflections:229 - Reflections took 145 ms to scan 1 urls, producing 17 keys and 270 values 
2025-09-29 22:38:33 INFO  org.reflections.Reflections:229 - Reflections took 16 ms to scan 1 urls, producing 7 keys and 37 values 
2025-09-29 22:38:33 INFO  org.reflections.Reflections:229 - Reflections took 17 ms to scan 1 urls, producing 5 keys and 32 values 
2025-09-29 22:38:45 INFO  org.reflections.Reflections:229 - Reflections took 143 ms to scan 1 urls, producing 17 keys and 270 values 
2025-09-29 22:38:45 INFO  org.reflections.Reflections:229 - Reflections took 13 ms to scan 1 urls, producing 7 keys and 37 values 
2025-09-29 22:38:45 INFO  org.reflections.Reflections:229 - Reflections took 18 ms to scan 1 urls, producing 5 keys and 32 values 
2025-09-29 22:38:50 INFO  org.reflections.Reflections:229 - Reflections took 150 ms to scan 1 urls, producing 17 keys and 270 values 
2025-09-29 22:38:50 INFO  org.reflections.Reflections:229 - Reflections took 11 ms to scan 1 urls, producing 7 keys and 37 values 
2025-09-29 22:38:50 INFO  org.reflections.Reflections:229 - Reflections took 12 ms to scan 1 urls, producing 5 keys and 32 values 
2025-09-29 22:38:58 INFO  org.reflections.Reflections:229 - Reflections took 156 ms to scan 1 urls, producing 17 keys and 270 values 
2025-09-29 22:38:58 INFO  org.reflections.Reflections:229 - Reflections took 13 ms to scan 1 urls, producing 7 keys and 37 values 
2025-09-29 22:38:58 INFO  org.reflections.Reflections:229 - Reflections took 10 ms to scan 1 urls, producing 5 keys and 32 values 
2025-09-29 22:38:58 INFO  org.reflections.Reflections:229 - Reflections took 188 ms to scan 1 urls, producing 17 keys and 270 values 
2025-09-29 22:38:59 INFO  org.reflections.Reflections:229 - Reflections took 10 ms to scan 1 urls, producing 7 keys and 37 values 
2025-09-29 22:38:59 INFO  org.reflections.Reflections:229 - Reflections took 11 ms to scan 1 urls, producing 5 keys and 32 values 
2025-09-29 22:40:23 INFO  org.reflections.Reflections:229 - Reflections took 132 ms to scan 1 urls, producing 17 keys and 270 values 
2025-09-29 22:40:23 INFO  org.reflections.Reflections:229 - Reflections took 15 ms to scan 1 urls, producing 7 keys and 37 values 
2025-09-29 22:40:23 INFO  org.reflections.Reflections:229 - Reflections took 11 ms to scan 1 urls, producing 5 keys and 32 values 
2025-09-29 22:41:29 INFO  org.reflections.Reflections:229 - Reflections took 162 ms to scan 1 urls, producing 17 keys and 270 values 
2025-09-29 22:41:29 INFO  org.reflections.Reflections:229 - Reflections took 10 ms to scan 1 urls, producing 7 keys and 37 values 
2025-09-29 22:41:29 INFO  org.reflections.Reflections:229 - Reflections took 9 ms to scan 1 urls, producing 5 keys and 32 values 
2025-09-29 22:44:27 INFO  org.reflections.Reflections:229 - Reflections took 147 ms to scan 1 urls, producing 17 keys and 270 values 
2025-09-29 22:44:27 INFO  org.reflections.Reflections:229 - Reflections took 15 ms to scan 1 urls, producing 7 keys and 37 values 
2025-09-29 22:44:27 INFO  org.reflections.Reflections:229 - Reflections took 10 ms to scan 1 urls, producing 5 keys and 32 values 
2025-09-29 22:45:18 INFO  org.reflections.Reflections:229 - Reflections took 136 ms to scan 1 urls, producing 17 keys and 270 values 
2025-09-29 22:45:18 INFO  org.reflections.Reflections:229 - Reflections took 20 ms to scan 1 urls, producing 7 keys and 37 values 
2025-09-29 22:45:18 INFO  org.reflections.Reflections:229 - Reflections took 12 ms to scan 1 urls, producing 5 keys and 32 values 
2025-09-29 22:45:47 INFO  org.reflections.Reflections:229 - Reflections took 146 ms to scan 1 urls, producing 17 keys and 270 values 
2025-09-29 22:45:47 INFO  org.reflections.Reflections:229 - Reflections took 12 ms to scan 1 urls, producing 7 keys and 37 values 
2025-09-29 22:45:47 INFO  org.reflections.Reflections:229 - Reflections took 11 ms to scan 1 urls, producing 5 keys and 32 values 
2025-09-29 22:46:23 INFO  org.reflections.Reflections:229 - Reflections took 146 ms to scan 1 urls, producing 17 keys and 270 values 
2025-09-29 22:46:23 INFO  org.reflections.Reflections:229 - Reflections took 19 ms to scan 1 urls, producing 7 keys and 37 values 
2025-09-29 22:46:23 INFO  org.reflections.Reflections:229 - Reflections took 10 ms to scan 1 urls, producing 5 keys and 32 values 
2025-09-29 22:46:23 INFO  org.reflections.Reflections:229 - Reflections took 154 ms to scan 1 urls, producing 17 keys and 270 values 
2025-09-29 22:46:23 INFO  org.reflections.Reflections:229 - Reflections took 17 ms to scan 1 urls, producing 7 keys and 37 values 
2025-09-29 22:46:23 INFO  org.reflections.Reflections:229 - Reflections took 11 ms to scan 1 urls, producing 5 keys and 32 values 
2025-09-29 22:46:25 INFO  org.reflections.Reflections:229 - Reflections took 343 ms to scan 1 urls, producing 17 keys and 270 values 
2025-09-29 22:46:25 INFO  org.reflections.Reflections:229 - Reflections took 25 ms to scan 1 urls, producing 7 keys and 37 values 
2025-09-29 22:46:25 INFO  org.reflections.Reflections:229 - Reflections took 26 ms to scan 1 urls, producing 5 keys and 32 values 
2025-09-29 22:46:26 INFO  org.reflections.Reflections:229 - Reflections took 188 ms to scan 1 urls, producing 17 keys and 270 values 
2025-09-29 22:46:26 INFO  org.reflections.Reflections:229 - Reflections took 17 ms to scan 1 urls, producing 7 keys and 37 values 
2025-09-29 22:46:26 INFO  org.reflections.Reflections:229 - Reflections took 25 ms to scan 1 urls, producing 5 keys and 32 values 
2025-09-29 22:46:27 INFO  org.reflections.Reflections:229 - Reflections took 276 ms to scan 1 urls, producing 17 keys and 270 values 
2025-09-29 22:46:27 INFO  org.reflections.Reflections:229 - Reflections took 272 ms to scan 1 urls, producing 17 keys and 270 values 
2025-09-29 22:46:28 INFO  org.reflections.Reflections:229 - Reflections took 26 ms to scan 1 urls, producing 7 keys and 37 values 
2025-09-29 22:46:28 INFO  org.reflections.Reflections:229 - Reflections took 27 ms to scan 1 urls, producing 7 keys and 37 values 
2025-09-29 22:46:28 INFO  org.reflections.Reflections:229 - Reflections took 23 ms to scan 1 urls, producing 5 keys and 32 values 
2025-09-29 22:46:28 INFO  org.reflections.Reflections:229 - Reflections took 25 ms to scan 1 urls, producing 5 keys and 32 values 
2025-09-29 22:46:37 INFO  org.reflections.Reflections:229 - Reflections took 136 ms to scan 1 urls, producing 17 keys and 270 values 
2025-09-29 22:46:37 INFO  org.reflections.Reflections:229 - Reflections took 13 ms to scan 1 urls, producing 7 keys and 37 values 
2025-09-29 22:46:37 INFO  org.reflections.Reflections:229 - Reflections took 9 ms to scan 1 urls, producing 5 keys and 32 values 
2025-09-29 22:47:19 INFO  org.reflections.Reflections:229 - Reflections took 227 ms to scan 1 urls, producing 17 keys and 270 values 
2025-09-29 22:47:19 INFO  org.reflections.Reflections:229 - Reflections took 19 ms to scan 1 urls, producing 7 keys and 37 values 
2025-09-29 22:47:19 INFO  org.reflections.Reflections:229 - Reflections took 15 ms to scan 1 urls, producing 5 keys and 32 values 
2025-09-29 22:48:04 INFO  org.reflections.Reflections:229 - Reflections took 147 ms to scan 1 urls, producing 17 keys and 270 values 
2025-09-29 22:48:04 INFO  org.reflections.Reflections:229 - Reflections took 17 ms to scan 1 urls, producing 7 keys and 37 values 
2025-09-29 22:48:04 INFO  org.reflections.Reflections:229 - Reflections took 11 ms to scan 1 urls, producing 5 keys and 32 values 
2025-09-29 22:50:36 INFO  org.reflections.Reflections:229 - Reflections took 133 ms to scan 1 urls, producing 17 keys and 270 values 
2025-09-29 22:50:36 INFO  org.reflections.Reflections:229 - Reflections took 13 ms to scan 1 urls, producing 7 keys and 37 values 
2025-09-29 22:50:36 INFO  org.reflections.Reflections:229 - Reflections took 10 ms to scan 1 urls, producing 5 keys and 32 values 
2025-09-29 22:50:57 INFO  org.reflections.Reflections:229 - Reflections took 140 ms to scan 1 urls, producing 17 keys and 270 values 
2025-09-29 22:50:57 INFO  org.reflections.Reflections:229 - Reflections took 17 ms to scan 1 urls, producing 7 keys and 37 values 
2025-09-29 22:50:58 INFO  org.reflections.Reflections:229 - Reflections took 10 ms to scan 1 urls, producing 5 keys and 32 values 
2025-09-29 22:51:29 INFO  org.reflections.Reflections:229 - Reflections took 126 ms to scan 1 urls, producing 17 keys and 270 values 
2025-09-29 22:51:29 INFO  org.reflections.Reflections:229 - Reflections took 11 ms to scan 1 urls, producing 7 keys and 37 values 
2025-09-29 22:51:29 INFO  org.reflections.Reflections:229 - Reflections took 12 ms to scan 1 urls, producing 5 keys and 32 values 
2025-09-29 22:51:56 INFO  org.reflections.Reflections:229 - Reflections took 144 ms to scan 1 urls, producing 17 keys and 270 values 
2025-09-29 22:51:56 INFO  org.reflections.Reflections:229 - Reflections took 16 ms to scan 1 urls, producing 7 keys and 37 values 
2025-09-29 22:51:56 INFO  org.reflections.Reflections:229 - Reflections took 11 ms to scan 1 urls, producing 5 keys and 32 values 
